Dirección,Nueva URL,Tipo de coincidencia,Observaciones,Tipo de contenido,Código de respuesta,Respuesta,Título 1,Meta description 1,H1-1,H1-2,H2-1,H2-2,Elemento de enlace canónico 1
https://ete.es/,https://cliente.morganmedia.es/ete/,Exacta,,text/html; charset=UTF-8,200,OK,Thermic Electric Solutions - Fabricante de equipamientos eléctricos de producción de calor,"Thermic Electric Solutions SL es un fabricante de equipamientos eléctricos de producción de calor. Nuestro catalogo se compone de: calderas eléctricas industriales, equipos para centros Bikram-Hot Yoga, equipamientos de spa y equipamientos de panadería.",CALDERAS ELÉCTRICAS INDUSTRIALES,HOT YOGA Y BIKRAM,TECNOLOGÍA EXCLUSIVA 100% EFICIENTE,CALOR INDUSTRIAL,https://ete.es/
https://ete.es/wp-content/plugins/elementor/assets/css/widget-icon-list.min.css?ver=3.35.6,,Sin equivalente,"Recurso (CSS, JS o imagen), no es una página",text/css,200,OK,,,,,,,
https://ete.es/wp-content/uploads/2020/02/ete-europea-termica-electrica.png,,Sin equivalente,"Recurso (CSS, JS o imagen), no es una página",image/png,200,OK,,,,,,,
https://ete.es/wp-content/plugins/elementor/assets/js/frontend.min.js?ver=3.35.6,,Sin equivalente,"Recurso (CSS, JS o imagen), no es una página",text/javascript,200,OK,,,,,,,
https://ete.es/wp-content/uploads/elementor/css/post-73.css?ver=1786319451,,Sin equivalente,"Recurso (CSS, JS o imagen), no es una página",text/css,200,OK,,,,,,,
https://ete.es/wp-content/plugins/jet-engine/assets/css/frontend.css?ver=3.8.5,,Sin equivalente,"Recurso (CSS, JS o imagen), no es una página",text/css,200,OK,,,,,,,
https://ete.es/wp-content/plugins/elementor/assets/lib/animations/styles/fadeIn.min.css?ver=3.35.6,,Sin equivalente,"Recurso (CSS, JS o imagen), no es una página",text/css,200,OK,,,,,,,
https://ete.es/wp-content/plugins/elementor/assets/lib/font-awesome/js/v4-shims.min.js?ver=3.35.6,,Sin equivalente,"Recurso (CSS, JS o imagen), no es una página",text/javascript,200,OK,,,,,,,
https://ete.es/wp-content/plugins/jet-popup/includes/elementor/assets/js/jet-popup-elementor-frontend.js?ver=2.0.21.1,,Sin equivalente,"Recurso (CSS, JS o imagen), no es una página",text/javascript,200,OK,,,,,,,
https://ete.es/wp-content/plugins/elementor/assets/css/widget-video.min.css?ver=3.35.6,,Sin equivalente,"Recurso (CSS, JS o imagen), no es una página",text/css,200,OK,,,,,,,
https://ete.es/wp-content/plugins/jupiterx-core/includes/extensions/raven/assets/lib/enquire/enquire.min.js?ver=2.1.2,,Sin equivalente,"Recurso (CSS, JS o imagen), no es una página",text/javascript,200,OK,,,,,,,
https://ete.es/wp-content/plugins/jet-blog/assets/js/jet-blog.min.js?ver=2.4.8,,Sin equivalente,"Recurso (CSS, JS o imagen), no es una página",text/javascript,200,OK,,,,,,,
https://ete.es/agua-caliente-industrial-y-acs/agua-caliente-sanitaria-para-hoteles/,https://cliente.morganmedia.es/ete/productos/producto-acs-hoteles/,Exacta,,text/html; charset=UTF-8,200,OK,Agua Caliente Sanitaria para Hoteles - Thermic Electric Solutions,"Fabricamos equipos de agua caliente sanitaria para hoteles. Diseñamos instalaciones de ACS a medida para garantizar servicio, confort y ahorro energético. ¡Solicite presupuesto!",CALDERAS ELÉCTRICAS INDUSTRIALES,HOT YOGA Y BIKRAM,ACS para hoteles que no se puede permitir fallar,Cómo dimensionamos una instalación de agua caliente para un hotel,https://ete.es/agua-caliente-industrial-y-acs/agua-caliente-sanitaria-para-hoteles/
https://ete.es/wp-content/plugins/jet-popup/assets/css/jet-popup-frontend.css?ver=2.0.21.1,,Sin equivalente,"Recurso (CSS, JS o imagen), no es una página",text/css,200,OK,,,,,,,
https://ete.es/calderas-de-vapor/,https://cliente.morganmedia.es/ete/calderas-de-vapor/,Exacta,,text/html; charset=UTF-8,200,OK,Calderas de vapor - Thermic Electric Solutions,Las calderas de vapor fabricadas por ETE cuentan con múltiples ventajas como la eficiencia y el rendimiento. Contacta con un experto de ETE para la instalación de las mejores calderas de vapor del mercado. ¡Entra!,CALDERAS ELÉCTRICAS INDUSTRIALES,HOT YOGA Y BIKRAM,¿Por qué instalar una caldera de vapor?,,https://ete.es/calderas-de-vapor/
https://ete.es/spa-balnearios/secador-de-banadores/,https://cliente.morganmedia.es/ete/productos/producto-secador-banadores/,Exacta,,text/html; charset=UTF-8,200,OK,Secador de Bañadores - Thermic Electric Solutions,En ETE hemos desarrollado un secador de traje de baño que no daña los tejidos y previene el moho. La secadora de trajes de baño tiene un nivel de ruido bajo. ¡Solicite más información sobre los productos ETE!,CALDERAS ELÉCTRICAS INDUSTRIALES,HOT YOGA Y BIKRAM,SECABAÑADOR ETEDRYER,,https://ete.es/spa-balnearios/secador-de-banadores/
https://ete.es/calderas-electricas/caldera-agua-210c/,https://cliente.morganmedia.es/ete/productos/producto-caldera-agua-210/,Exacta,,text/html; charset=UTF-8,200,OK,Fábrica de calderas de agua caliente (210 ºC) - Thermic Electric Solutions,Compre su caldera de agua caliente directamente al fabricante con Thermic Electric Solutions . Instalamos calderas de agua caliente en todo tipo de negocios y viviendas particulares. ¡Visítenos!,CALDERAS ELÉCTRICAS INDUSTRIALES,HOT YOGA Y BIKRAM,Tecnología para garantizar el servicio de calor y una larga vida sin averías.,2 años de garantía - instalación sencilla - mínimo mantenimiento,https://ete.es/calderas-electricas/caldera-agua-210c/
https://ete.es/agua-caliente-industrial-y-acs/,https://cliente.morganmedia.es/ete/divisiones/division-agua-caliente-acs/,Exacta,,text/html; charset=UTF-8,200,OK,Agua Caliente Industrial y ACS para Empresas e Instalaciones - Thermic Electric Solutions,"Diseñamos y fabricamos soluciones de agua caliente industrial y ACS para hoteles, gimnasios, peluquerías, comunidades, viviendas y otras instalaciones. Equipos ETE a medida desde 1977 para garantizar el servicio y simplificar la instalación. ¡Solicite presupuesto!",CALDERAS ELÉCTRICAS INDUSTRIALES,HOT YOGA Y BIKRAM,Agua caliente industrial y ACS con tecnología ETE,Soluciones de ACS para cada tipo de instalación,https://ete.es/agua-caliente-industrial-y-acs/
https://ete.es/spa-balnearios/agua-caliente-duchas/,https://cliente.morganmedia.es/ete/productos/producto-agua-caliente-duchas-spa/,Exacta,,text/html; charset=UTF-8,200,OK,Equipos de agua caliente para duchas de SPA y balnearios - Thermic Electric Solutions,"Fabricante e instalador de equipos de producción de agua caliente sanitaria para duchas de SPA y balnearios. Si necesitas ahorrar en la factura de energía y garantizar el servicio, ¡Contáctanos!",CALDERAS ELÉCTRICAS INDUSTRIALES,HOT YOGA Y BIKRAM,Equipos de producción de agua caliente sanitaria ETE,¿Cuánta energía gasta en calentar el agua de su instalación?,https://ete.es/spa-balnearios/agua-caliente-duchas/
https://ete.es/wp-includes/js/jquery/ui/core.min.js?ver=1.13.3,,Sin equivalente,"Recurso (CSS, JS o imagen), no es una página",text/javascript,200,OK,,,,,,,
https://ete.es/aviso-legal-y-politica-de-privacidad/,,Sin equivalente,Página legal (no existe en el sitio nuevo),text/html; charset=UTF-8,200,OK,Aviso legal y política de privacidad - Thermic Electric Solutions,"Estas condiciones regulan el uso de la web de Ete para el usuario de Internet, y expresan la aceptación plena y sin reservas del mismo de todas y cada una de las condiciones y restricciones que estén publicadas en la web en el momento en que acceda a la misma.",CALDERAS ELÉCTRICAS INDUSTRIALES,HOT YOGA Y BIKRAM,Aviso legal y política de privacidad,,https://ete.es/aviso-legal-y-politica-de-privacidad/
https://ete.es/calderas-electricas/caldera-aceite-300c/,https://cliente.morganmedia.es/ete/productos/producto-caldera-aceite-termico-350/,Exacta,,text/html; charset=UTF-8,200,OK,Calderas industriales de aceite térmico - Thermic Electric Solutions,"En ETE nos hemos especializado en el diseño y fabricación de calderas de aceite térmico industriales 300º. Fabricamos calderas de aceite térmico industriales seguras y eficientes, como el resto de nuestros equipos eléctricos para la producción de calor. ¡Entra!",CALDERAS ELÉCTRICAS INDUSTRIALES,HOT YOGA Y BIKRAM,Tecnología para garantizar el servicio de calor y una larga vida sin averías.,2 años de garantía - instalación sencilla - mínimo mantenimiento,https://ete.es/calderas-electricas/caldera-aceite-300c/
https://ete.es/wp-content/plugins/jet-tabs/assets/js/jet-tabs-frontend.min.js?ver=2.2.14,,Sin equivalente,"Recurso (CSS, JS o imagen), no es una página",text/javascript,200,OK,,,,,,,
https://ete.es/wp-content/plugins/jet-elements/assets/css/skin/jet-brands.css?ver=2.8.1.1,,Sin equivalente,"Recurso (CSS, JS o imagen), no es una página",text/css,200,OK,,,,,,,
https://ete.es/wp-content/plugins/elementor/assets/lib/animations/styles/e-animation-shrink.min.css?ver=3.35.6,,Sin equivalente,"Recurso (CSS, JS o imagen), no es una página",text/css,200,OK,,,,,,,
https://ete.es/spa-balnearios/duchas-de-spa-y-circuitos-de-contraste/,https://cliente.morganmedia.es/ete/productos/producto-duchas-circuitos-contraste/,Exacta,,text/html; charset=UTF-8,200,OK,Fábrica de Duchas de Spa y Circuitos de Contraste - Thermic Electric Solutions,"En ETE diseñamos y fabricamos duchas de spa y circuitos de contraste a medida para balnearios, hoteles y centros wellness. Integramos agua caliente, agua fría, duchas bitérmicas, nebulizadas, cubo, túneles y soluciones técnicas para crear experiencias de bienestar con garantía de servicio. ¡Solicite presupuesto!",CALDERAS ELÉCTRICAS INDUSTRIALES,HOT YOGA Y BIKRAM,Fabricamos duchas de spa pensadas para el uso real del centro,Qué soluciones agrupamos dentro de esta categoría,https://ete.es/spa-balnearios/duchas-de-spa-y-circuitos-de-contraste/
https://ete.es/panaderias/limpia-vaporeras/,https://cliente.morganmedia.es/ete/productos/producto-generador-vapor-panaderia/,Exacta,,text/html; charset=UTF-8,200,OK,Vaporeras para hornos de panadería - Thermic Electric Solutions,"Las Vaporeras para hornos de panadería garantizan el servicio de calor y una larga vida útil sin averías. El equipo 38 Steam de ete aporta vapor limpio por la vaporera, haciendo que esta no se obstruya. ¡Entra!",CALDERAS ELÉCTRICAS INDUSTRIALES,HOT YOGA Y BIKRAM,LOS EQUIPOS ETE PARA LA ELABORACIÓN DEL PAN DE CALIDAD,BUEN PAN,https://ete.es/panaderias/limpia-vaporeras/
https://ete.es/wp-content/uploads/jupiterx/compiler/jupiterx-elements-dynamic-styles/2d3512e.css?ver=4.14.1,,Sin equivalente,"Recurso (CSS, JS o imagen), no es una página",text/css,200,OK,,,,,,,
https://ete.es/panaderias/climatizador-fermentacion/,https://cliente.morganmedia.es/ete/productos/producto-camara-fermentacion/,Exacta,,text/html; charset=UTF-8,200,OK,Fábrica e instalación de Climatizador fermentación panadería - Thermic Electric Solutions,"En ETE fabricamos e instalamos el climatizador de fermentación LAUDA para mejorar la calidad del pan y ahorrar en productos químicos, hay más de 1.500 funcionado en panaderías de España, Portugal e Italia.",CALDERAS ELÉCTRICAS INDUSTRIALES,HOT YOGA Y BIKRAM,LOS EQUIPOS ETE PARA LA ELABORACIÓN DEL PAN DE CALIDAD,BUEN PAN,https://ete.es/panaderias/climatizador-fermentacion/
https://ete.es/wp-content/plugins/jupiterx-core/includes/extensions/raven/assets/css/frontend.min.css?ver=6.9.6,,Sin equivalente,"Recurso (CSS, JS o imagen), no es una página",text/css,200,OK,,,,,,,
https://ete.es/wp-content/plugins/wp-smushit/app/assets/js/smush-lazy-load.min.js?ver=3.24.0,,Sin equivalente,"Recurso (CSS, JS o imagen), no es una página",text/javascript,200,OK,,,,,,,
https://ete.es/spa-balnearios/,https://cliente.morganmedia.es/ete/divisiones/division-spa-balnearios/,Exacta,,text/html; charset=UTF-8,200,OK,Equipos para Spa-Balnearios y Hammam - Thermic Electric Solutions,"Somos fabricantes y proveedores de equipos para balnearios, spa, thalasso, hammam y wellnes. Duchas bitérmicas, enfriadoras, baño turco... Tenemos generadores de agua caliente para spa y balneario junto con generadores de vapor industriales para baño turco. ¡Entra!",CALDERAS ELÉCTRICAS INDUSTRIALES,HOT YOGA Y BIKRAM,Proveedores y fabricantes de equipos para balnearios,PREGUNTAS FRECUENTES,https://ete.es/spa-balnearios/
https://ete.es/wp-content/plugins/jet-elements/assets/css/addons/jet-brands.css?ver=2.8.1.1,,Sin equivalente,"Recurso (CSS, JS o imagen), no es una página",text/css,200,OK,,,,,,,
https://ete.es/wp-content/plugins/jet-menu/assets/public/css/public.css?ver=2.4.18,,Sin equivalente,"Recurso (CSS, JS o imagen), no es una página",text/css,200,OK,,,,,,,
https://ete.es/tecnologia/eficiencia-y-descarbonizacion/,https://cliente.morganmedia.es/ete/tecnologia/,Aproximada,,text/html; charset=UTF-8,200,OK,Eficiencia y Descarbonización - Thermic Electric Solutions,"Descubre cómo mejorar la eficiencia energética y avanzar en la descarbonización del calor industrial. Analizamos electrificación, control térmico, reducción de emisiones y soluciones de calor eléctrico para lograr procesos más limpios, estables y competitivos. ¡Solicite presupuesto!",CALDERAS ELÉCTRICAS INDUSTRIALES,HOT YOGA Y BIKRAM,Eficiencia energética en procesos térmicos industriales,Descarbonizar no es solo cambiar de energía,https://ete.es/tecnologia/eficiencia-y-descarbonizacion/
https://ete.es/spa-balnearios/tunel-bitermico/,https://cliente.morganmedia.es/ete/productos/producto-tunel-bitermico/,Exacta,,text/html; charset=UTF-8,200,OK,Fabricante instalador de ducha Túnel Bitérmico - Thermic Electric Solutions,"Fabricamos equipos para instalación de túnel de duchas bitérmico con gran ducha, agua pulverizada, ducho cubo y agua pulverizada con aceites hidrosolubles. ¡Contáctenos!",CALDERAS ELÉCTRICAS INDUSTRIALES,HOT YOGA Y BIKRAM,TÚNEL BITÉRMICO,,https://ete.es/spa-balnearios/tunel-bitermico/
https://ete.es/wp-content/plugins/elementor/assets/lib/jquery-numerator/jquery-numerator.min.js?ver=0.2.1,,Sin equivalente,"Recurso (CSS, JS o imagen), no es una página",text/javascript,200,OK,,,,,,,
https://ete.es/tecnologia/vapor-vs-agua-sobrecalentada-vs-aceite-termico/,https://cliente.morganmedia.es/ete/tecnologia/,Aproximada,,text/html; charset=UTF-8,200,OK,Vapor vs Agua Sobrecalentada vs Aceite Térmico - Thermic Electric Solutions,"Descubre las diferencias entre vapor, agua sobrecalentada y aceite térmico en procesos industriales. Compara ventajas, control, seguridad, mantenimiento y eficiencia para elegir el fluido térmico más adecuado según la temperatura, la aplicación y las necesidades de tu instalación. ¡Solicite presupuesto!",CALDERAS ELÉCTRICAS INDUSTRIALES,HOT YOGA Y BIKRAM,Cuándo conviene trabajar con vapor,Qué aporta el agua sobrecalentada en procesos industriales,https://ete.es/tecnologia/vapor-vs-agua-sobrecalentada-vs-aceite-termico/
https://ete.es/wp-content/plugins/elementor/assets/lib/animations/styles/e-animation-hang.min.css?ver=3.35.6,,Sin equivalente,"Recurso (CSS, JS o imagen), no es una página",text/css,200,OK,,,,,,,
https://ete.es/calderas-electricas/caldera-vapor-210c/,https://cliente.morganmedia.es/ete/productos/producto-caldera-vapor-210/,Exacta,,text/html; charset=UTF-8,200,OK,Generadores de vapor industriales - Caldera Vapor 210°C - ETE,Nuestros generadores de vapor industriales producen vapor hasta 210ºC con la tecnología de producción de calor que utilizan los técnicos del siglo XXI. Calderas de vapor con todas las garantías y el mejor precio para su empresa.,CALDERAS ELÉCTRICAS INDUSTRIALES,HOT YOGA Y BIKRAM,Tecnología para garantizar el servicio de calor y una larga vida sin averías.,2 años de garantía - instalación sencilla - mínimo mantenimiento,https://ete.es/calderas-electricas/caldera-vapor-210c/
https://ete.es/wp-content/plugins/elementor/assets/lib/font-awesome/css/solid.min.css?ver=5.15.3,,Sin equivalente,"Recurso (CSS, JS o imagen), no es una página",text/css,200,OK,,,,,,,
https://ete.es/wp-content/plugins/elementor/assets/css/frontend.min.css?ver=3.35.6,,Sin equivalente,"Recurso (CSS, JS o imagen), no es una página",text/css,200,OK,,,,,,,
https://ete.es/wp-content/themes/jupiterx/lib/assets/dist/css/icons-admin.css?ver=4.14.1,,Sin equivalente,"Recurso (CSS, JS o imagen), no es una página",text/css,200,OK,,,,,,,
https://ete.es/wp-includes/js/jquery/jquery.min.js?ver=3.7.1,,Sin equivalente,"Recurso (CSS, JS o imagen), no es una página",text/javascript,200,OK,,,,,,,
https://ete.es/wp-content/plugins/cf7-conditional-fields/js/scripts.js?ver=2.6.8,,Sin equivalente,"Recurso (CSS, JS o imagen), no es una página",text/javascript,200,OK,,,,,,,
https://ete.es/wp-content/plugins/jet-popup/assets/js/jet-popup-frontend.js?ver=2.0.21.1,,Sin equivalente,"Recurso (CSS, JS o imagen), no es una página",text/javascript,200,OK,,,,,,,
https://ete.es/wp-content/plugins/jupiterx-core/includes/extensions/raven/assets/lib/animate/animate.min.css?ver=4.14.1,,Sin equivalente,"Recurso (CSS, JS o imagen), no es una página",text/css,200,OK,,,,,,,
https://ete.es/wp-content/plugins/elementor/assets/lib/animations/styles/e-animation-buzz-out.min.css?ver=3.35.6,,Sin equivalente,"Recurso (CSS, JS o imagen), no es una página",text/css,200,OK,,,,,,,
https://ete.es/spa-balnearios/ducha-bitermica-aceites/,https://cliente.morganmedia.es/ete/productos/producto-ducha-bitermica-aceites/,Exacta,,text/html; charset=UTF-8,200,OK,Equipos de Ducha bitérmica aceites esenciales - Thermic Electric Solutions,"Equipo para ducha de ciclos de agua caliente 40º y fría 8ºC.El equipo para ducha bitérmica lleva procesador con botonera, además lleva un rociador de 100mm de diámetro.El módulo de mandos programable. Los aceites esenciales se diluyen en agua y su aportación una vez programada la ducha se hará en tiempos de agua fría.",CALDERAS ELÉCTRICAS INDUSTRIALES,HOT YOGA Y BIKRAM,Ducha bitérmica aceites esenciales,,https://ete.es/spa-balnearios/ducha-bitermica-aceites/
https://ete.es/spa-balnearios/hidroterapia-relax-y-wellness/,https://cliente.morganmedia.es/ete/productos/producto-hidroterapia-relax-wellness/,Exacta,,text/html; charset=UTF-8,200,OK,"Equipos de Hidroterapia, Relax y Wellness para Spa - Thermic Electric Solutions","En ETE diseñamos y fabricamos soluciones de hidroterapia, relax y wellness para spas, balnearios y hoteles. Chorro Jet con Aceites, Tumbonas Térmicas y Secador de Bañadores integrados en proyectos a medida. ¡Solicite presupuesto!",CALDERAS ELÉCTRICAS INDUSTRIALES,HOT YOGA Y BIKRAM,Soluciones para enriquecer la experiencia del usuario,"Nuestras soluciones en hidroterapia, relax y wellness",https://ete.es/spa-balnearios/hidroterapia-relax-y-wellness/
https://ete.es/wp-content/plugins/jet-elements/assets/js/jet-elements.min.js?ver=2.8.1.1,,Sin equivalente,"Recurso (CSS, JS o imagen), no es una página",text/javascript,200,OK,,,,,,,
https://ete.es/wp-content/uploads/elementor/css/post-806.css?ver=1786319450,,Sin equivalente,"Recurso (CSS, JS o imagen), no es una página",text/css,200,OK,,,,,,,
https://ete.es/caldera-de-aceite-termico-industrial/,https://cliente.morganmedia.es/ete/caldera-de-aceite-termico-industrial/,Exacta,,text/html; charset=UTF-8,200,OK,Caldera de aceite térmico industrial - Thermic Electric Solutions,En ETE somos expertos en la fabricación e instalación de calderas de aceite térmico industrial para empresas. En ETE fabricamos con la mejor calidad garantizando una larga vida a tu caldera de aceite térmico industrial. ¡Entra!,CALDERAS ELÉCTRICAS INDUSTRIALES,HOT YOGA Y BIKRAM,Empresa experta en fabricación de caldera aceite térmico industrial,,https://ete.es/caldera-de-aceite-termico-industrial/
https://ete.es/wp-content/plugins/jet-menu/includes/elementor/assets/public/js/widgets-scripts.js?ver=2.4.18,,Sin equivalente,"Recurso (CSS, JS o imagen), no es una página",text/javascript,200,OK,,,,,,,
https://ete.es/costos-produccion-de-vapor-2/,https://cliente.morganmedia.es/ete/costos-produccion-de-vapor-2/,Exacta,,text/html; charset=UTF-8,200,OK,Costos de producción de vapor,"El futuro de las energías pasa por eliminar la combustión, instalando calderas eléctricas Ete alta eficiencia, reduciendo los costos de producción de vapor.",CALDERAS ELÉCTRICAS INDUSTRIALES,HOT YOGA Y BIKRAM,Entradas recomendadas,,https://ete.es/costos-produccion-de-vapor-2/
https://ete.es/wp-includes/js/imagesloaded.min.js?ver=5.0.0,,Sin equivalente,"Recurso (CSS, JS o imagen), no es una página",text/javascript,200,OK,,,,,,,
https://ete.es/wp-includes/js/underscore.min.js?ver=1.13.7,,Sin equivalente,"Recurso (CSS, JS o imagen), no es una página",text/javascript,200,OK,,,,,,,
https://ete.es/spa-balnearios/vichy-bitermica/,https://cliente.morganmedia.es/ete/productos/producto-vichy-bitermica/,Exacta,,text/html; charset=UTF-8,200,OK,Instalación de ducha Vichy Bitérmica - Thermic Electric Solutions,"Fabricamos equipos para ducha de ciclos de agua caliente y fría. Se utiliza para dar masajes y quitar barros y algas. Incluye camilla resistente al agua, construida en fibra de vidrio y acabado en lacado azul y colchoneta para masajes y tratamientos.",CALDERAS ELÉCTRICAS INDUSTRIALES,HOT YOGA Y BIKRAM,DUCHA VICHY BITÉRMICA,,https://ete.es/spa-balnearios/vichy-bitermica/
https://ete.es/spa-balnearios/flotacion-flotarium/,https://cliente.morganmedia.es/ete/productos/producto-flotacion-flotarium/,Exacta,,text/html; charset=UTF-8,200,OK,Fábicante e instalador de equipos de Flotación Flotarium para Balneario-SPA,En ETE fabricamos piscinas de flotación (Flotarium) para Balnearios y SPAs. Piscina de cemento en la que el calentamiento del agua se produce mediante equipo específico de nuestra fabricación.,CALDERAS ELÉCTRICAS INDUSTRIALES,HOT YOGA Y BIKRAM,Piscina de Flotación - Flotarium,,https://ete.es/spa-balnearios/flotacion-flotarium/
https://ete.es/wp-content/plugins/jet-menu/assets/public/lib/vue/vue.min.js?ver=2.6.11,,Sin equivalente,"Recurso (CSS, JS o imagen), no es una página",text/javascript,200,OK,,,,,,,
https://ete.es/wp-content/uploads/elementor/css/post-24.css?ver=1786322189,,Sin equivalente,"Recurso (CSS, JS o imagen), no es una página",text/css,200,OK,,,,,,,
https://ete.es/en/home/,https://cliente.morganmedia.es/ete/en/home/,Exacta,,text/html; charset=UTF-8,200,OK,Thermic Electric Solutions - Manufacturer of electrical equipment for heat production,"Thermic Electric Solutions SL is a manufacturer of electrical equipment for heat production. Our catalog consists of: industrial electric boilers, equipment for Bikram-Hot Yoga centers, spa equipment and bakery equipment.",INDUSTRIAL ELECTRIC BOILERS,HOT YOGA Y BIKRAM,WORLDWIDE TECHNOLOGY,INDUSTRIAL BOILERS,https://ete.es/en/home/
https://ete.es/panaderias/,https://cliente.morganmedia.es/ete/divisiones/division-panaderias/,Exacta,,text/html; charset=UTF-8,200,OK,Fábrica de equipos y máquinas para panadería - ETE,"Fabricamos e instalamos los mejores equipos de generación de calor para panaderías con garantía de una larga vida sin averías. Hornos, calderas y climatizadores de fermentación para panaderías al mejor precio. ¡Visítenos!",CALDERAS ELÉCTRICAS INDUSTRIALES,HOT YOGA Y BIKRAM,Lauda - fermentación / 38°Steam - vapor hornos,EQUIPOS IMPRESCINDIBLES PARA HACER PAN DE CALIDAD,https://ete.es/panaderias/
https://ete.es/wp-content/plugins/elementor/assets/css/widget-counter.min.css?ver=3.35.6,,Sin equivalente,"Recurso (CSS, JS o imagen), no es una página",text/css,200,OK,,,,,,,
https://ete.es/bikram/,https://cliente.morganmedia.es/ete/divisiones/division-hot-yoga-bikram/,Exacta,,text/html; charset=UTF-8,200,OK,Equipos de calor para tu sala Bikram-Hot Yoga - Thermic Electric Solutions,"Benefíciate de nuestra experiencia fabricando equipos de calor para construir tu centro Bikram Yoga - Hot Yoga. Podemos diseñar tu centro Bikram Yoga, asesorarte y suministrarte los equipos de calor. Soluciones constructivas para conseguir higiene, limpieza y calidad del aire.¡Entra!",CALDERAS ELÉCTRICAS INDUSTRIALES,HOT YOGA Y BIKRAM,Tecnología para construir un centro Hot Yoga - Bikram,"El centro Yoga Bikram Barquillo, ha sido realizado con equipos ete",https://ete.es/bikram/
https://ete.es/wp-content/uploads/jupiterx/compiler/jupiterx/5bce9f5.css?ver=4.14.1,,Sin equivalente,"Recurso (CSS, JS o imagen), no es una página",text/css,200,OK,,,,,,,
https://ete.es/spa-balnearios/barros-lodarium/,https://cliente.morganmedia.es/ete/productos/producto-barros-lodarium/,Exacta,,text/html; charset=UTF-8,200,OK,"Instalación de Lodarium para tratamientos de barros, algas y cremas - ETE","Fabricamos todos los equipos necesarios para la instalación de un Lodarium que proporcione tratamientos de barros, algas y cremas. Nuestro innovador sistema, además de beneficios terapéuticos a los usuarios, proporcionará beneficios económicos a su empresa. ¡Visítenos!",CALDERAS ELÉCTRICAS INDUSTRIALES,HOT YOGA Y BIKRAM,"Tratamientos de barros, lodos, algas y cremas",,https://ete.es/spa-balnearios/barros-lodarium/
https://ete.es/spa-balnearios/ducha-desinfeccion/,https://cliente.morganmedia.es/ete/productos/producto-ducha-desinfeccion/,Exacta,,text/html; charset=UTF-8,200,OK,Ducha desinfección para balneario y spa - Thermic Electric Solutions,Equipo de ducha para los pies al entrar al balneario. Aporta agua caliente con un producto desinfectante. Elimina el uso de zapatillas o protectores con garantía de total higiene.,CALDERAS ELÉCTRICAS INDUSTRIALES,HOT YOGA Y BIKRAM,Ducha de desinfección,,https://ete.es/spa-balnearios/ducha-desinfeccion/
https://ete.es/2024/02/,,Sin equivalente,Archivo por fecha del blog,text/html; charset=UTF-8,200,OK,febrero 2024 - Thermic Electric Solutions,,CALDERAS ELÉCTRICAS INDUSTRIALES,HOT YOGA Y BIKRAM,¡Descubre la Revolución Energética!,,
https://ete.es/pt/pagina-inicial/,https://cliente.morganmedia.es/ete/pt/inicio-2/,Exacta,,text/html; charset=UTF-8,200,OK,Thermic Electric Solutions - Fabricante de equipamientos eléctricos de producción de calor,"Thermic Electric Solutions SL es un fabricante de equipamientos eléctricos de producción de calor. Nuestro catalogo se compone de: calderas eléctricas industriales, equipos para centros Bikram-Hot Yoga, equipamientos de spa y equipamientos de panadería.",CALDEIRAS ELETRICAS,SPA BALNEARIOS,TECNOLOGIA EXCLUSIVA 100% EFICAZ,CALOR INDUSTRIAL,https://ete.es/pt/pagina-inicial/
https://ete.es/precios-calderas-de-vapor/,https://cliente.morganmedia.es/ete/precios-calderas-de-vapor/,Exacta,,text/html; charset=UTF-8,200,OK,Precios calderas de vapor - Thermic Electric Solutions,"En ete nos valemos de las últimas tecnologías para fabricar nuestros productos y ofrecemos a nuestros clientes muy buenos precios en calderas de vapor. Ofrecemos equipos que sean energéticamente eficientes y que garanticen un alto rendimiento, con la tecnología más innovadora. ¡Entra!",CALDERAS ELÉCTRICAS INDUSTRIALES,HOT YOGA Y BIKRAM,Los mejores precios en calderas de vapor,,https://ete.es/precios-calderas-de-vapor/
https://ete.es/nuestro-blog/,,Sin equivalente,Página del blog (no existe en el sitio nuevo),text/html; charset=UTF-8,200,OK,Blog - Thermic Electric Solutions,En ETE somos especialistas en la fabricación de equipos eléctricos de producción de calor en tres líneas de producto. En nuestro blog encontrarás todas las noticias relacionadas con los productos ETE. ¡Visítanos!,CALDERAS ELÉCTRICAS INDUSTRIALES,HOT YOGA Y BIKRAM,,,https://ete.es/nuestro-blog/
https://ete.es/generadores-de-agua-caliente/,https://cliente.morganmedia.es/ete/generadores-de-agua-caliente/,Exacta,,text/html; charset=UTF-8,200,OK,Generadores de agua caliente - Thermic Electric Solutions,El equipo que forma ETE cuenta con 40 años de experiencia en la fabricacion e instalacion de generadores de agua caliente. No lo dudes e instala nuestros generadores de agua caliente. ¡Entra!,CALDERAS ELÉCTRICAS INDUSTRIALES,HOT YOGA Y BIKRAM,Beneficios de los generadores de agua caliente,,https://ete.es/generadores-de-agua-caliente/
https://ete.es/wp-content/plugins/jet-elements/assets/css/jet-elements.css?ver=2.8.1.1,,Sin equivalente,"Recurso (CSS, JS o imagen), no es una página",text/css,200,OK,,,,,,,
https://ete.es/wp-content/plugins/elementor/assets/lib/flatpickr/flatpickr.min.js?ver=4.6.13,,Sin equivalente,"Recurso (CSS, JS o imagen), no es una página",text/javascript,200,OK,,,,,,,
https://ete.es/wp-content/plugins/jupiterx-core/includes/extensions/raven/assets/js/frontend.min.js?ver=6.9.6,,Sin equivalente,"Recurso (CSS, JS o imagen), no es una página",text/javascript,200,OK,,,,,,,
https://ete.es/hot-yoga-bikram/,https://cliente.morganmedia.es/ete/divisiones/division-hot-yoga-bikram/,Aproximada,,text/html; charset=UTF-8,200,OK,HOT YOGA BIKRAM - Thermic Electric Solutions,"En las instalaciones deportivas, tiene que cuidarse, la calidad del aire.Temperatura 22/27ºC, Humedad 60%, CO2: máximo 1800 ppmSi hace frio o demasiado",CALDERAS ELÉCTRICAS INDUSTRIALES,HOT YOGA Y BIKRAM,Entradas recomendadas,,https://ete.es/hot-yoga-bikram/
https://ete.es/wp-content/plugins/revslider/sr6/assets/js/rbtools.min.js?ver=6.7.41,,Sin equivalente,"Recurso (CSS, JS o imagen), no es una página",text/javascript,200,OK,,,,,,,
https://ete.es/wp-content/plugins/elementor/assets/lib/animations/styles/e-animation-grow.min.css?ver=3.35.6,,Sin equivalente,"Recurso (CSS, JS o imagen), no es una página",text/css,200,OK,,,,,,,
https://ete.es/wp-content/plugins/contact-form-7/includes/js/index.js?ver=6.1.5,,Sin equivalente,"Recurso (CSS, JS o imagen), no es una página",text/javascript,200,OK,,,,,,,
https://ete.es/spa-balnearios/tumbonas-termicas/,https://cliente.morganmedia.es/ete/productos/producto-tumbona-termica/,Exacta,,text/html; charset=UTF-8,200,OK,Tumbonas Térmicas - Thermic Electric Solutions,"Descubre las tumbonas calientes de 36º, desarrollados por ETE que calientan con una caldera de agua eléctrica. ¡Solicite más información sobre los productos ETE!",CALDERAS ELÉCTRICAS INDUSTRIALES,HOT YOGA Y BIKRAM,TUMBONA TÉRMICA,,https://ete.es/spa-balnearios/tumbonas-termicas/
https://ete.es/spa-balnearios/sauna-humeda/,https://cliente.morganmedia.es/ete/productos/producto-sauna-humeda/,Exacta,,text/html; charset=UTF-8,200,OK,Sauna Húmeda - Equipo de sudoración pasiva - Thermic Electric Solutions,"Los equipos ETERMAL que fabrica ete desde 1980 para practicar la sudoración pasiva, es la evolución de los sistemas de sudoración. Estas saunas húmedas de gran eficiencia proporcionan un ambiente iónicamente equilibrado, ausencia de contaminación electromagnética, una humedad y temperaturas suaves las personas se limpian, relajan y mejoran su aspecto.",CALDERAS ELÉCTRICAS INDUSTRIALES,HOT YOGA Y BIKRAM,EQUIPO DE SUDORACIÓN PASIVA TERMA,,https://ete.es/spa-balnearios/sauna-humeda/
https://ete.es/wp-content/plugins/jet-blog/assets/css/jet-blog.css?ver=2.4.8,,Sin equivalente,"Recurso (CSS, JS o imagen), no es una página",text/css,200,OK,,,,,,,
https://ete.es/bikram/equipos-para-estudios-de-hot-yoga-y-bikram/,https://cliente.morganmedia.es/ete/productos/producto-hot-yoga-estudios/,Exacta,,text/html; charset=UTF-8,200,OK,Equipos para Estudios de Hot Yoga y Bikram - Thermic Electric Solutions,"En ETE diseñamos equipos para estudios de Hot Yoga y Bikram a medida. Climatización, aire limpio, control de humedad, agua caliente y duchas con soluciones eficientes y asesoramiento técnico desde 1977. ¡Solicite presupuesto!",CALDERAS ELÉCTRICAS INDUSTRIALES,HOT YOGA Y BIKRAM,Una solución integral para que su estudio funcione bien desde el primer día,Equipos calculados según la realidad de cada centro,https://ete.es/bikram/equipos-para-estudios-de-hot-yoga-y-bikram/
https://ete.es/spa-balnearios/chorro-jet-con-aceites/,https://cliente.morganmedia.es/ete/productos/producto-chorro-jet-aceites/,Exacta,,text/html; charset=UTF-8,200,OK,Equipo de SPA - Chorro Jet con Aceites - Thermic Electric Solutions,"El Chorro Jet con Aceites es un equipo spa automático para tratamientos de hidromasajes con la intervención de un terapeuta que produce choques de agua caliente a 39ºC y fría a 8ºC. Se trata de un masaje corporal completo o parcial, a base de chorros de agua caliente y fría a presión.",CALDERAS ELÉCTRICAS INDUSTRIALES,HOT YOGA Y BIKRAM,Chorro Jet con Aceites Esenciales,,https://ete.es/spa-balnearios/chorro-jet-con-aceites/
https://ete.es/calderas-electricas-industriales-al-mejor-precio/,https://cliente.morganmedia.es/ete/calderas-electricas-industriales-al-mejor-precio/,Exacta,,text/html; charset=UTF-8,200,OK,Calderas eléctricas industriales al mejor precio - Thermic Electric Solutions,"En ete fabricamos calderas eléctricas industriales al mejor precio, con tecnología exclusiva 100% eficiente y que garantizan una larga vida sin averías. Descubre nuestra amplia gama de calderas para panaderías, balnearios e industrias. ¡Entra!",CALDERAS ELÉCTRICAS INDUSTRIALES,HOT YOGA Y BIKRAM,Amplio catálogo de calderas eléctricas industriales al mejor precio,,https://ete.es/calderas-electricas-industriales-al-mejor-precio/
https://ete.es/comprar-calderas-electricas-coste-cero/,https://cliente.morganmedia.es/ete/comprar-calderas-electricas-coste-cero/,Exacta,,text/html; charset=UTF-8,200,OK,COMPRAR CALDERAS ELECTRICAS,"Al comprar calderas electricas ete, ahorrara sobre un 70%. Aplicando la tecnología ete se pueden instalar calderas industriales en cada punto de producción",CALDERAS ELÉCTRICAS INDUSTRIALES,HOT YOGA Y BIKRAM,Entradas recomendadas,,https://ete.es/comprar-calderas-electricas-coste-cero/
https://ete.es/contacto/,,Sin equivalente,Página de contacto (no existe en el sitio nuevo),text/html; charset=UTF-8,200,OK,Contacto fabricante de calderas industriales y equipos balnearios - Thermic Electric Solutions,"Contacte con el principal fabricante de calderas eléctricas industriales y equipos de calor para balnearios, spas, centros de bikram y panaderías de España y Europa. ¡Contáctenos!",CALDERAS ELÉCTRICAS INDUSTRIALES,HOT YOGA Y BIKRAM,,,https://ete.es/contacto/
https://ete.es/wp-content/plugins/jet-elements/assets/js/lib/anime-js/anime.min.js?ver=2.2.0,,Sin equivalente,"Recurso (CSS, JS o imagen), no es una página",text/javascript,200,OK,,,,,,,
https://ete.es/wp-content/plugins/elementor/assets/lib/font-awesome/css/brands.min.css?ver=5.15.3,,Sin equivalente,"Recurso (CSS, JS o imagen), no es una página",text/css,200,OK,,,,,,,
https://ete.es/tecnologia-para-acumular-calor/,https://cliente.morganmedia.es/ete/tecnologia-para-acumular-calor/,Exacta,,text/html; charset=UTF-8,200,OK,Acumulación de calor para calefacción - Acumuladores de Calor y Precios,Los equipos de acumulación de calor para calefacción ETE generarán ahorros de más de un 60% con respecto a calderas de combustión o eléctricas de otras marcas. Infórmate sobre los acumuladores de calor y sus precios:,CALDERAS ELÉCTRICAS INDUSTRIALES,HOT YOGA Y BIKRAM,Entradas recomendadas,,https://ete.es/tecnologia-para-acumular-calor/
https://ete.es/wp-content/plugins/jet-elements/assets/js/lib/tweenjs/tweenjs.min.js?ver=2.0.2,,Sin equivalente,"Recurso (CSS, JS o imagen), no es una página",text/javascript,200,OK,,,,,,,
https://ete.es/wp-includes/js/jquery/jquery-migrate.min.js?ver=3.4.1,,Sin equivalente,"Recurso (CSS, JS o imagen), no es una página",text/javascript,200,OK,,,,,,,
https://ete.es/spa-balnearios/ducha-escocesa-bitermica/,https://cliente.morganmedia.es/ete/productos/producto-ducha-escocesa-bitermica/,Exacta,,text/html; charset=UTF-8,200,OK,Instalar ducha de ciclos - Ducha escocesa bitérmica - Thermic Electric Solutions,Equipo para ducha de ciclos de agua caliente 40ºC y fría 8ºC ascendentes de pies a cabeza. Sirve para equilibrar el sistema circulatorio. Imprescindible después de tratamientos de calor.,CALDERAS ELÉCTRICAS INDUSTRIALES,HOT YOGA Y BIKRAM,Ducha escocesa caliente-fria,,https://ete.es/spa-balnearios/ducha-escocesa-bitermica/
https://ete.es/wp-content/plugins/elementor/assets/css/conditionals/e-swiper.min.css?ver=3.35.6,,Sin equivalente,"Recurso (CSS, JS o imagen), no es una página",text/css,200,OK,,,,,,,
https://ete.es/calderas-electricas/,https://cliente.morganmedia.es/ete/divisiones/division-calderas-industriales/,Exacta,,text/html; charset=UTF-8,200,OK,Fábrica y venta de Calderas Eléctricas industriales - Thermic Electric Solutions,"Si busca comprar la mejor caldera industrial eléctrica visítenos. En ETE fabricamos calderas eléctricas industriales a medida desde 1977, ofreciendo el mejor precio de fábrica, sin intermediarios. ¡Solicite presupuesto!",CALDERAS ELÉCTRICAS INDUSTRIALES,HOT YOGA Y BIKRAM,Tecnología para garantizar el servicio de calor y una larga vida sin averías.,PREGUNTAS FRECUENTES,https://ete.es/calderas-electricas/
https://ete.es/bikram/ventilacion-y-calidad-del-aire/,https://cliente.morganmedia.es/ete/productos/producto-hot-yoga-ventilacion/,Exacta,,text/html; charset=UTF-8,200,OK,Ventilación y Calidad del Aire en Estudios Bikram y Hot Yoga - Thermic Electric Solutions,"En ETE diseñamos la ventilación y la calidad del aire para salas de Hot Yoga y Bikram Yoga. Reducimos CO2, mejoramos la renovación del aire y equilibramos temperatura y humedad con soluciones a medida. ¡Solicite presupuesto!",CALDERAS ELÉCTRICAS INDUSTRIALES,HOT YOGA Y BIKRAM,Aire limpio para una práctica más saludable,Ventilación diseñada para salas con alta ocupación,https://ete.es/bikram/ventilacion-y-calidad-del-aire/
https://ete.es/wp-content/plugins/elementor/assets/css/widget-heading.min.css?ver=3.35.6,,Sin equivalente,"Recurso (CSS, JS o imagen), no es una página",text/css,200,OK,,,,,,,
https://ete.es/wp-content/plugins/contact-form-7/modules/recaptcha/index.js?ver=6.1.5,,Sin equivalente,"Recurso (CSS, JS o imagen), no es una página",text/javascript,200,OK,,,,,,,
https://ete.es/wp-content/plugins/elementor/assets/css/widget-spacer.min.css?ver=3.35.6,,Sin equivalente,"Recurso (CSS, JS o imagen), no es una página",text/css,200,OK,,,,,,,
https://ete.es/agua-caliente-industrial-y-acs/agua-caliente-sanitaria-para-gimnasios/,https://cliente.morganmedia.es/ete/productos/producto-acs-gimnasios/,Exacta,,text/html; charset=UTF-8,200,OK,Agua Caliente Sanitaria para Gimnasios - Thermic Electric Solutions,Diseñamos equipos de agua caliente sanitaria para gimnasios e instalaciones deportivas. Garantizamos ACS en vestuarios con consumo energético controlado. ¡Solicite presupuesto!,CALDERAS ELÉCTRICAS INDUSTRIALES,HOT YOGA Y BIKRAM,ACS para gimnasios con demanda punta,Cómo calculamos una instalación de agua caliente para un gimnasio,https://ete.es/agua-caliente-industrial-y-acs/agua-caliente-sanitaria-para-gimnasios/
https://ete.es/wp-content/uploads/elementor/css/post-135.css?ver=1786319451,,Sin equivalente,"Recurso (CSS, JS o imagen), no es una página",text/css,200,OK,,,,,,,
https://ete.es/wp-includes/js/dist/vendor/wp-polyfill.min.js?ver=3.15.0,,Sin equivalente,"Recurso (CSS, JS o imagen), no es una página",text/javascript,200,OK,,,,,,,
https://ete.es/wp-content/plugins/revslider/sr6/assets/assets/dummy.png,,Sin equivalente,"Recurso (CSS, JS o imagen), no es una página",image/png,200,OK,,,,,,,
https://ete.es/wp-content/plugins/elementor/assets/lib/animations/styles/e-animation-pop.min.css?ver=3.35.6,,Sin equivalente,"Recurso (CSS, JS o imagen), no es una página",text/css,200,OK,,,,,,,
https://ete.es/wp-content/plugins/elementor/assets/lib/font-awesome/css/all.min.css?ver=3.35.6,,Sin equivalente,"Recurso (CSS, JS o imagen), no es una página",text/css,200,OK,,,,,,,
https://ete.es/wp-content/plugins/elementor/assets/lib/animations/styles/e-animation-wobble-skew.min.css?ver=3.35.6,,Sin equivalente,"Recurso (CSS, JS o imagen), no es una página",text/css,200,OK,,,,,,,
https://ete.es/fabricantes-de-calderas/,https://cliente.morganmedia.es/ete/fabricantes-de-calderas/,Exacta,,text/html; charset=UTF-8,200,OK,Fabricantes de calderas - Thermic Electric Solutions,"Fabricamos diferentes soluciones eléctricas industriales con las últimas tecnologías: calderas de agua, de vapor, de aceite o acumuladores de agua caliente, entre otros, para dar la solución adecuada tanto para viviendas como para locales de más de 200 metros cuadrados. ¡Entra!",CALDERAS ELÉCTRICAS INDUSTRIALES,HOT YOGA Y BIKRAM,Más de 45 años de experiencia como fabricantes de calderas,,https://ete.es/fabricantes-de-calderas/
https://ete.es/wp-content/plugins/contact-form-7/includes/swv/js/index.js?ver=6.1.5,,Sin equivalente,"Recurso (CSS, JS o imagen), no es una página",text/javascript,200,OK,,,,,,,
https://ete.es/spa-balnearios/enfriadora-etecooler/,https://cliente.morganmedia.es/ete/productos/producto-enfriadora-etecooler/,Exacta,,text/html; charset=UTF-8,200,OK,Enfriadora Etecooler para piscinas de tonificación y duchas bitérmicas,Enfriadora Etecooler para piscinas de tonificación y duchas bitérmicas. Es imprescindible en tratamientos de hidroterapia las piscinas con agua enfriada a 10ºC y duchas bitérmicas con agua a 8ºC,CALDERAS ELÉCTRICAS INDUSTRIALES,HOT YOGA Y BIKRAM,ENFRIADORA ETECOOLER PARA PISCINA DE TONIFICACIÓN 10°C Y DUCHAS BITÉRMICAS 8°C,,https://ete.es/spa-balnearios/enfriadora-etecooler/
https://ete.es/tecnologia/que-potencia-necesita-tu-proceso/,https://cliente.morganmedia.es/ete/tecnologia/,Aproximada,,text/html; charset=UTF-8,200,OK,¿Qué Potencia Necesita Tu Proceso Industrial? - Thermic Electric Solutions,"Descubre qué potencia necesita tu proceso industrial y cómo dimensionarla correctamente. Analizamos variables clave como fluido, temperatura, caudal, tiempos y pérdidas térmicas para lograr una instalación eficiente, estable y adaptada a las condiciones reales de trabajo. ¡Solicite presupuesto!",CALDERAS ELÉCTRICAS INDUSTRIALES,HOT YOGA Y BIKRAM,Por qué no basta con una estimación aproximada,Variables que determinan la potencia necesaria,https://ete.es/tecnologia/que-potencia-necesita-tu-proceso/
https://ete.es/spa-balnearios/pediluvio-compostela/,https://cliente.morganmedia.es/ete/productos/producto-pediluvio-compostela/,Exacta,,text/html; charset=UTF-8,200,OK,Fabricante de equipos de Pediluvio Compostela - Thermic Electric Solutions,Equipo que produce ciclos de agua caliente(40ºC) y fría (8ºC) en un camino construido de albañilería. Suelo con canto rodado suelto. Se utiliza para dar tratamiento de reflexoterapia en los pies y activar la circulación sanguínea de las piernas.,CALDERAS ELÉCTRICAS INDUSTRIALES,HOT YOGA Y BIKRAM,PEDILUVIO COMPOSTELA,,https://ete.es/spa-balnearios/pediluvio-compostela/
https://ete.es/wp-content/plugins/jupiterx-core/includes/woocommerce/wc-quick-view.js?ver=4.14.1,,Sin equivalente,"Recurso (CSS, JS o imagen), no es una página",text/javascript,200,OK,,,,,,,
https://ete.es/wp-content/plugins/jupiterx-core/includes/extensions/raven/assets/lib/object-fit/object-fit.min.js?ver=2.1.1,,Sin equivalente,"Recurso (CSS, JS o imagen), no es una página",text/javascript,200,OK,,,,,,,
https://ete.es/wp-content/plugins/revslider/sr6/assets/js/rs6.min.js?ver=6.7.41,,Sin equivalente,"Recurso (CSS, JS o imagen), no es una página",text/javascript,200,OK,,,,,,,
https://ete.es/spa-balnearios/equipos-bano-turco/,https://cliente.morganmedia.es/ete/productos/producto-equipos-bano-turco/,Exacta,,text/html; charset=UTF-8,200,OK,Generadores de vapor para Baño Turco - Thermic Electric Solutions,Somos fabricantes de equipos y generadores de vapor para Baños Turcos. Miles de Balnearios y Spas en todo el mundo confían nuestra tecnología por el mínimo de averías y facilidad de mantenimiento de los equipos. ¡Visítenos!,CALDERAS ELÉCTRICAS INDUSTRIALES,HOT YOGA Y BIKRAM,Generadores de vapor para baño turco ETE,,https://ete.es/spa-balnearios/equipos-bano-turco/
https://ete.es/descubre-la-revolucion-energetica/,,Sin equivalente,Entrada del blog (el sitio nuevo no tiene blog),text/html; charset=UTF-8,200,OK,¡Descubre la Revolución Energética! - Thermic Electric Solutions,,CALDERAS ELÉCTRICAS INDUSTRIALES,HOT YOGA Y BIKRAM,Entradas recomendadas,,https://ete.es/descubre-la-revolucion-energetica/
https://ete.es/calderas-electricas/caldera-agua-110c/,https://cliente.morganmedia.es/ete/productos/producto-caldera-agua-110/,Exacta,,text/html; charset=UTF-8,200,OK,Fabricante de Caldera Agua 110°C industrial - Thermic Electric Solutions,Las calderas industriales ete hasta 110ºC tienen la tecnología de producción de calor más eficiente y sencilla de mantener. Calderas de agua a medida personalizadas para las necesidades de tu empresa.,CALDERAS ELÉCTRICAS INDUSTRIALES,HOT YOGA Y BIKRAM,Tecnología para garantizar el servicio de calor y una larga vida sin averías.,2 años de garantía - instalación sencilla - mínimo mantenimiento,https://ete.es/calderas-electricas/caldera-agua-110c/
https://ete.es/wp-content/plugins/cf7-conditional-fields/style.css?ver=2.6.8,,Sin equivalente,"Recurso (CSS, JS o imagen), no es una página",text/css,200,OK,,,,,,,
https://ete.es/spa-balnearios/piscina-hidromasaje-34c/,https://cliente.morganmedia.es/ete/productos/producto-piscina-hidromasaje-34/,Exacta,,text/html; charset=UTF-8,200,OK,Instalación Calentador Piscina Hidromasaje 34°C - Thermic Electric Solutions,Fabricamos calentadores y equipos de calor para piscinas climatizadas de hidromasaje (34º). Nuestros equipos tienen una instalación sencilla y un mínimo mantenimiento con una vida útil prácticamente sin averías. Presupuesto con el mejor precio.,CALDERAS ELÉCTRICAS INDUSTRIALES,HOT YOGA Y BIKRAM,CALENTADORES DE PISCINA ETE,2 años de garantía - instalación sencilla - mínimo mantenimiento,https://ete.es/spa-balnearios/piscina-hidromasaje-34c/
https://ete.es/wp-content/themes/jupiterx/lib/assets/dist/js/frontend.min.js?ver=4.14.1,,Sin equivalente,"Recurso (CSS, JS o imagen), no es una página",text/javascript,200,OK,,,,,,,
https://ete.es/wp-content/plugins/elementor/assets/lib/eicons/css/elementor-icons.min.css?ver=5.47.0,,Sin equivalente,"Recurso (CSS, JS o imagen), no es una página",text/css,200,OK,,,,,,,
https://ete.es/wp-content/plugins/jet-tabs/assets/css/jet-tabs-frontend.css?ver=2.2.14,,Sin equivalente,"Recurso (CSS, JS o imagen), no es una página",text/css,200,OK,,,,,,,
https://ete.es/wp-content/plugins/elementor/assets/lib/font-awesome/css/fontawesome.min.css?ver=5.15.3,,Sin equivalente,"Recurso (CSS, JS o imagen), no es una página",text/css,200,OK,,,,,,,
https://ete.es/spa-balnearios/piscinas-termales-y-circuitos-de-agua/,https://cliente.morganmedia.es/ete/productos/producto-piscinas-circuitos-agua/,Exacta,,text/html; charset=UTF-8,200,OK,Fábrica de Piscinas Termales y Circuitos de Agua - Thermic Electric Solutions,"En ETE diseñamos y fabricamos piscinas termales y circuitos de agua a medida para spas, balnearios y hoteles. Piscinas de hidromasaje, relajación, natación templada, Flotarium y Pediluvio Compostela con soluciones de calor y frío adaptadas a cada proyecto. ¡Solicite presupuesto!",CALDERAS ELÉCTRICAS INDUSTRIALES,HOT YOGA Y BIKRAM,Fabricamos instalaciones de agua pensadas para el uso real del spa,Nuestras soluciones en piscinas termales y circuitos de agua,https://ete.es/spa-balnearios/piscinas-termales-y-circuitos-de-agua/
https://ete.es/wp-content/plugins/elementor/assets/lib/swiper/v8/css/swiper.min.css?ver=8.4.5,,Sin equivalente,"Recurso (CSS, JS o imagen), no es una página",text/css,200,OK,,,,,,,
https://ete.es/tecnologia/casos-de-exito/,https://cliente.morganmedia.es/ete/tecnologia/,Aproximada,,text/html; charset=UTF-8,200,OK,Casos de Éxito - Thermic Electric Solutions,"Descubre casos de éxito de ETE en calor eléctrico industrial. Proyectos reales donde la fiabilidad, el control térmico, la eficiencia energética y la electrificación del proceso demuestran cómo una solución a medida puede mejorar el rendimiento y la continuidad operativa. ¡Solicite presupuesto!",CALDERAS ELÉCTRICAS INDUSTRIALES,HOT YOGA Y BIKRAM,"Más que proyectos, soluciones adaptadas a cada proceso",Experiencia aplicada a nuevos retos industriales,https://ete.es/tecnologia/casos-de-exito/
https://ete.es/spa-balnearios/ducha-inicio/,https://cliente.morganmedia.es/ete/productos/producto-ducha-inicio/,Exacta,,text/html; charset=UTF-8,200,OK,Instalación Ducha inicio para balnearios - Thermic Electric Solutions,Fabricamos e instalamos duchas de inicio del circuito termal para SPA y Balneario. Se instala a la entrada de la zona de aguas.Construida en acero inoxidable y metacrilato. Incluye monomando de apertura y rociador.,CALDERAS ELÉCTRICAS INDUSTRIALES,HOT YOGA Y BIKRAM,Ducha de Inicio,,https://ete.es/spa-balnearios/ducha-inicio/
https://ete.es/wp-content/plugins/elementor/assets/js/frontend-modules.min.js?ver=3.35.6,,Sin equivalente,"Recurso (CSS, JS o imagen), no es una página",text/javascript,200,OK,,,,,,,
https://ete.es/calderas-electricas/acumulacion-de-calor/,https://cliente.morganmedia.es/ete/productos/producto-acumulacion-calor/,Exacta,,text/html; charset=UTF-8,200,OK,Tecnología de Acumulación de Calor - Thermic Electric Solutions,"La acumulación de calor para dar servicio de calefacción, agua caliente para duchas o en procesos industriales. Los equipos de acumulación de calor ete consumen kwh a precios reducidos, generando ahorros superiores al 50% en el precio de la factura.",CALDERAS ELÉCTRICAS INDUSTRIALES,HOT YOGA Y BIKRAM,Tecnología para garantizar el servicio de calor y una larga vida sin averías.,2 años de garantía - instalación sencilla - mínimo mantenimiento,https://ete.es/calderas-electricas/acumulacion-de-calor/
https://ete.es/calderas-electricas/calefaccion-y-acs-viviendas/,https://cliente.morganmedia.es/ete/productos/producto-calefaccion-acs-viviendas/,Exacta,,text/html; charset=UTF-8,200,OK,Instalación de Calefacción y ACS Viviendas - Thermic Electric Solutions,Instalamos los mejores sistemas de calefacción y aire acondicionado en su vivienda. Productos de fábrica con la calidad y garantía de Thermic Electric Solutions . Calefacción y ACS Viviendas al mejor precio.,CALDERAS ELÉCTRICAS INDUSTRIALES,HOT YOGA Y BIKRAM,CALCULE LA POTENCIA QUE NECESITA PARA SU VIVIENDA,2 años de garantía - instalación sencilla - mínimo mantenimiento,https://ete.es/calderas-electricas/calefaccion-y-acs-viviendas/
https://ete.es/wp-content/plugins/jet-engine/assets/lib/jet-plugins/jet-plugins.js?ver=1.1.0,,Sin equivalente,"Recurso (CSS, JS o imagen), no es una página",text/javascript,200,OK,,,,,,,
https://ete.es/wp-content/plugins/contact-form-7/includes/css/styles.css?ver=6.1.5,,Sin equivalente,"Recurso (CSS, JS o imagen), no es una página",text/css,200,OK,,,,,,,
https://ete.es/wp-content/plugins/elementor/assets/js/webpack.runtime.min.js?ver=3.35.6,,Sin equivalente,"Recurso (CSS, JS o imagen), no es una página",text/javascript,200,OK,,,,,,,
https://ete.es/2022/09/,,Sin equivalente,Archivo por fecha del blog,text/html; charset=UTF-8,200,OK,septiembre 2022 - Thermic Electric Solutions,,CALDERAS ELÉCTRICAS INDUSTRIALES,HOT YOGA Y BIKRAM,ESTUDIO HOT YOGA BARQUILLO 12 – MADRID,,
https://ete.es/calderas-electricas/agua-caliente-peluquerias/,https://cliente.morganmedia.es/ete/productos/producto-agua-caliente-peluquerias/,Exacta,,text/html; charset=UTF-8,200,OK,Calentadores de Agua Caliente Peluquerías - Thermic Electric Solutions,Fabricamos e instalamos calentadores de agua para peluquerías en toda España. Nos adaptamos a su situación ofreciendo un presupuesto personalizado con el mejor precio. ¡Entra!,CALDERAS ELÉCTRICAS INDUSTRIALES,HOT YOGA Y BIKRAM,Tecnología para garantizar el servicio de calor y una larga vida sin averías.,2 años de garantía - instalación sencilla - mínimo mantenimiento,https://ete.es/calderas-electricas/agua-caliente-peluquerias/
https://ete.es/tecnologia/como-elegir-la-caldera-adecuada/,https://cliente.morganmedia.es/ete/tecnologia/,Aproximada,,text/html; charset=UTF-8,200,OK,Cómo Elegir la Caldera Adecuada - Thermic Electric Solutions,"Descubre cómo elegir la caldera adecuada para tu proceso industrial. Analizamos potencia, fluido térmico, carga real, control, eficiencia energética y continuidad de servicio para ayudarte a tomar una decisión técnica segura y adaptada a las necesidades reales de tu instalación. ¡Solicite presupuesto!",CALDERAS ELÉCTRICAS INDUSTRIALES,HOT YOGA Y BIKRAM,Qué hay que analizar antes de seleccionar una caldera industrial,Factores que influyen en la elección del equipo,https://ete.es/tecnologia/como-elegir-la-caldera-adecuada/
https://ete.es/agua-caliente-industrial-y-acs/agua-caliente-sanitaria-para-comunidades-de-vecinos/,https://cliente.morganmedia.es/ete/productos/producto-acs-comunidades/,Exacta,,text/html; charset=UTF-8,200,OK,Agua Caliente Sanitaria para Comunidades de Vecinos - Thermic Electric Solutions,Diseñamos equipos de agua caliente sanitaria para comunidades de vecinos. Garantizamos ACS centralizada con servicio estable y consumo energético controlado. ¡Solicite presupuesto!,CALDERAS ELÉCTRICAS INDUSTRIALES,HOT YOGA Y BIKRAM,Cómo dimensionamos una instalación de ACS para una comunidad,Ahorro energético y previsión de consumo,https://ete.es/agua-caliente-industrial-y-acs/agua-caliente-sanitaria-para-comunidades-de-vecinos/
https://ete.es/spa-balnearios/bano-turco-hammam-y-sudoracion-pasiva/,https://cliente.morganmedia.es/ete/productos/producto-bano-turco-hammam/,Exacta,,text/html; charset=UTF-8,200,OK,"Equipos para Baño Turco, Hammam y Sudoración Pasiva - Thermic Electric Solutions","En ETE diseñamos y fabricamos equipos para baño turco, hammam y sudoración pasiva a medida para spas, balnearios, hoteles y centros wellness. Generadores de vapor, sauna húmeda, Mitermal y Lodarium con asesoramiento técnico y soluciones duraderas. ¡Solicite presupuesto!",CALDERAS ELÉCTRICAS INDUSTRIALES,HOT YOGA Y BIKRAM,"Fabricamos soluciones a medida para vapor, humedad y sudoración","Nuestras soluciones para baño turco, hammam y sudoración pasiva",https://ete.es/spa-balnearios/bano-turco-hammam-y-sudoracion-pasiva/
https://ete.es/wp-content/uploads/elementor/css/post-414.css?ver=1786319451,,Sin equivalente,"Recurso (CSS, JS o imagen), no es una página",text/css,200,OK,,,,,,,
https://ete.es/wp-content/plugins/elementor/assets/lib/font-awesome/css/v4-shims.min.css?ver=3.35.6,,Sin equivalente,"Recurso (CSS, JS o imagen), no es una página",text/css,200,OK,,,,,,,
https://ete.es/estudio-hot-yoga-barquillo-12-madrid/,,Sin equivalente,Entrada del blog (el sitio nuevo no tiene blog),text/html; charset=UTF-8,200,OK,ESTUDIO HOT YOGA BARQUILLO 12 – MADRID - Thermic Electric Solutions,"Ven a conocer el centro donde la práctica, la estética y la tecnología harán que tu experiencia sea inmejorable.",CALDERAS ELÉCTRICAS INDUSTRIALES,HOT YOGA Y BIKRAM,Entradas recomendadas,,https://ete.es/estudio-hot-yoga-barquillo-12-madrid/
https://ete.es/wp-includes/js/dist/i18n.min.js?ver=c26c3dc7bed366793375,,Sin equivalente,"Recurso (CSS, JS o imagen), no es una página",text/javascript,200,OK,,,,,,,
https://ete.es/panaderias/soluciones-termicas-para-obradores/,https://cliente.morganmedia.es/ete/productos/producto-soluciones-termicas-obradores/,Exacta,,text/html; charset=UTF-8,200,OK,Soluciones Térmicas para Obradores - Thermic Electric Solutions,"Fabricamos soluciones térmicas para obradores: fermentación controlada, vapor limpio para hornos y equipos eléctricos de calor a medida para panaderías. ¡Solicite presupuesto!",CALDERAS ELÉCTRICAS INDUSTRIALES,HOT YOGA Y BIKRAM,Diseñamos la solución térmica a medida de cada obrador,Tecnología para ahorrar y trabajar con estabilidad,https://ete.es/panaderias/soluciones-termicas-para-obradores/
https://ete.es/bikram/duchas-y-agua-caliente-para-hot-yoga-y-bikram/,https://cliente.morganmedia.es/ete/productos/producto-hot-yoga-duchas-acs/,Exacta,,text/html; charset=UTF-8,200,OK,Duchas y Agua Caliente para Hot Yoga y Bikram - Thermic Electric Solutions,"En ETE diseñamos duchas y sistemas de agua caliente para Hot Yoga con bajo consumo. Soluciones a medida para vestuarios, ACS, duchas temporizadas y agua fría de contraste. ¡Solicite presupuesto!",CALDERAS ELÉCTRICAS INDUSTRIALES,HOT YOGA Y BIKRAM,Agua caliente sanitaria calculada para el uso real del centro,Duchas que mejoran el servicio y ayudan a controlar el consumo,https://ete.es/bikram/duchas-y-agua-caliente-para-hot-yoga-y-bikram/
https://ete.es/wp-content/themes/jupiterx/lib/assets/dist/js/utils.min.js?ver=4.14.1,,Sin equivalente,"Recurso (CSS, JS o imagen), no es una página",text/javascript,200,OK,,,,,,,
https://ete.es/spa-balnearios/tunel-agua-fria/,https://cliente.morganmedia.es/ete/productos/producto-tunel-agua-fria/,Exacta,,text/html; charset=UTF-8,200,OK,Túnel Agua Fría - Thermic Electric Solutions,El túnel de agua fría fabricado en ETE es una alternativa para tonificar piscinas. Solicite más información sobre los productos ETE.,CALDERAS ELÉCTRICAS INDUSTRIALES,HOT YOGA Y BIKRAM,TÚNEL AGUA FRÍA,,https://ete.es/spa-balnearios/tunel-agua-fria/
https://ete.es/generadores-industriales-de-vapor/,https://cliente.morganmedia.es/ete/generadores-industriales-de-vapor/,Exacta,,text/html; charset=UTF-8,200,OK,Generadores industriales de vapor - Thermic Electric Solutions,"En Thermic Electric Solutions, ete, disponemos de la solución en generadores industriales de vapor que necesita poniendo a su disposición la tecnología de producción de calor que utilizan los técnicos del siglo XXI. ¡Entra!",CALDERAS ELÉCTRICAS INDUSTRIALES,HOT YOGA Y BIKRAM,"Generadores industriales de vapor ete, tecnología que garantiza el servicio sin averías",,https://ete.es/generadores-industriales-de-vapor/
https://ete.es/spa-balnearios/temporizada-mezcladora/,https://cliente.morganmedia.es/ete/productos/producto-temporizada-mezcladora/,Exacta,,text/html; charset=UTF-8,200,OK,Ducha temporizada con mezcladora - Eficiencia y ahorro - Thermic Electric Solutions,"Fabricamos Módulos de ducha temporizada para dar un buen servicio y ahorrar agua, energía, potencia y volumen en los depósitos. Ducha electrónica para instalaciones de duchas colectivas en gimnasios, fábricas, cuarteles, minas, etc. Permite ahorrar entre el 70-90% en las facturas de energía y agua.",CALDERAS ELÉCTRICAS INDUSTRIALES,HOT YOGA Y BIKRAM,DUCHA TEMPORIZADA CON MEZCLADORA,,https://ete.es/spa-balnearios/temporizada-mezcladora/
https://ete.es/wp-content/plugins/gdpr-cookie-compliance/dist/styles/gdpr-main.css?ver=5.0.11,,Sin equivalente,"Recurso (CSS, JS o imagen), no es una página",text/css,200,OK,,,,,,,
https://ete.es/wp-content/plugins/jupiterx-core/includes/extensions/raven/assets/lib/savvior/savvior.min.js?ver=0.6.0,,Sin equivalente,"Recurso (CSS, JS o imagen), no es una página",text/javascript,200,OK,,,,,,,
https://ete.es/wp-includes/js/wp-util.min.js?ver=6.9.6,,Sin equivalente,"Recurso (CSS, JS o imagen), no es una página",text/javascript,200,OK,,,,,,,
https://ete.es/wp-content/plugins/menu-icons/css/extra.min.css?ver=0.13.21,,Sin equivalente,"Recurso (CSS, JS o imagen), no es una página",text/css,200,OK,,,,,,,
https://ete.es/wp-includes/css/dashicons.min.css?ver=6.9.6,,Sin equivalente,"Recurso (CSS, JS o imagen), no es una página",text/css,200,OK,,,,,,,
https://ete.es/spa-balnearios/equipos-tecnicos-para-spa-y-balneario/,https://cliente.morganmedia.es/ete/productos/producto-equipos-tecnicos-spa/,Exacta,,text/html; charset=UTF-8,200,OK,Equipos Técnicos para Spa y Balneario - Thermic Electric Solutions,"En ETE fabricamos equipos técnicos para spa: Enfriadora Etecooler, tratamiento de aire y Temporizada Mezcladora. Soluciones a medida para balnearios, hoteles y centros wellness. ¡Solicite presupuesto!",CALDERAS ELÉCTRICAS INDUSTRIALES,HOT YOGA Y BIKRAM,La base técnica que hace posible un spa bien resuelto,Nuestras soluciones en equipos técnicos para spa,https://ete.es/spa-balnearios/equipos-tecnicos-para-spa-y-balneario/
https://ete.es/calderas-electricas/calefaccion-naves-locales/,https://cliente.morganmedia.es/ete/productos/producto-calefaccion-naves-locales/,Exacta,,text/html; charset=UTF-8,200,OK,instalación de calefacción y agua caliente para naves y locales - Thermic Electric Solutions,"Thermic Electric Solutions realiza un estudio personalizado para instalar la caldera eléctrica que más le conviene a su nave o local, consiguiendo así el mayor ahorro de agua y energía para su negocio. ¡Visítenos!",CALDERAS ELÉCTRICAS INDUSTRIALES,HOT YOGA Y BIKRAM,¿CUÁNTA ENERGÍA GASTA EN CALENTAR su nave o local?,2 años de garantía - instalación sencilla - mínimo mantenimiento,https://ete.es/calderas-electricas/calefaccion-naves-locales/
https://ete.es/wp-content/plugins/jet-menu/assets/public/js/jet-menu-public-scripts.js?ver=2.4.18,,Sin equivalente,"Recurso (CSS, JS o imagen), no es una página",text/javascript,200,OK,,,,,,,
https://ete.es/wp-content/plugins/elementor/assets/css/widget-image.min.css?ver=3.35.6,,Sin equivalente,"Recurso (CSS, JS o imagen), no es una página",text/css,200,OK,,,,,,,
https://ete.es/spa-balnearios/ducha-temporizada/,https://cliente.morganmedia.es/ete/productos/producto-ducha-temporizada/,Exacta,,text/html; charset=UTF-8,200,OK,Ducha temporizada - Ahorro de agua y energía - Thermic Electric Solutions,"Módulo de ducha temporizada para dar un buen servicio y ahorrar agua, energía, potencia y volumen en los depósitos. Ducha electrónica para instalaciones de duchas colectivas en gimnasios, fábricas, cuarteles, minas, etc. Permite ahorrar entre el 70 – 90% en las facturas de energía y agua.",CALDERAS ELÉCTRICAS INDUSTRIALES,HOT YOGA Y BIKRAM,Ducha Temporizada,,https://ete.es/spa-balnearios/ducha-temporizada/
https://ete.es/wp-content/plugins/elementor/assets/lib/animations/styles/e-animation-pulse.min.css?ver=3.35.6,,Sin equivalente,"Recurso (CSS, JS o imagen), no es una página",text/css,200,OK,,,,,,,
https://ete.es/spa-balnearios/equipo-tratamiento-aire/,https://cliente.morganmedia.es/ete/productos/producto-tratamiento-aire-spa/,Exacta,,text/html; charset=UTF-8,200,OK,Fabricante de equipos de ventilación y tratamiento de aire - ETE,"Los equipos tratamiento aire ete son idóneos para aplicaciones de tipo residencial y comercial y ofrecen un concreto ahorro energético en las instalaciones de ventilación forzada, utilizando un intercambiador estático construido en aluminio que permite ahorrar mas del 50% de energía térmica del local",CALDERAS ELÉCTRICAS INDUSTRIALES,HOT YOGA Y BIKRAM,EQUIPO DE TRATAMIENTO DE AIRE ETE,,https://ete.es/spa-balnearios/equipo-tratamiento-aire/
https://ete.es/wp-content/plugins/jupiterx-core/includes/extensions/raven/assets/lib/smartmenus/jquery.smartmenus.min.js?ver=1.1.0,,Sin equivalente,"Recurso (CSS, JS o imagen), no es una página",text/javascript,200,OK,,,,,,,
https://ete.es/wp-content/plugins/elementor/assets/lib/animations/styles/e-animation-grow-rotate.min.css?ver=3.35.6,,Sin equivalente,"Recurso (CSS, JS o imagen), no es una página",text/css,200,OK,,,,,,,
https://ete.es/wp-content/plugins/elementor/assets/lib/swiper/v8/swiper.min.js?ver=8.4.5,,Sin equivalente,"Recurso (CSS, JS o imagen), no es una página",text/javascript,200,OK,,,,,,,
https://ete.es/wp-content/plugins/jupiterx-core/includes/extensions/raven/assets/lib/url-polyfill/url-polyfill.min.js?ver=1.1.7,,Sin equivalente,"Recurso (CSS, JS o imagen), no es una página",text/javascript,200,OK,,,,,,,
https://ete.es/wp-includes/js/dist/hooks.min.js?ver=dd5603f07f9220ed27f1,,Sin equivalente,"Recurso (CSS, JS o imagen), no es una página",text/javascript,200,OK,,,,,,,
https://ete.es/spa-balnearios/ducha-cubo/,https://cliente.morganmedia.es/ete/productos/producto-ducha-cubo/,Exacta,,text/html; charset=UTF-8,200,OK,Equipo de Ducha cubo para balnearios - Thermic Electric Solutions,"Equipo de ducha cubo con sistema de selección de temperatura de agua fabricado por ete, fabricante de equipos para balnearios, el cubo se llena en 15 segundos con agua caliente o fría. Construida en aluminio o en madera con sistema de autollenado de agua fría y caliente con botonera de selección.",CALDERAS ELÉCTRICAS INDUSTRIALES,HOT YOGA Y BIKRAM,Ducha cubo,,https://ete.es/spa-balnearios/ducha-cubo/
https://ete.es/tecnologia/,https://cliente.morganmedia.es/ete/tecnologia/,Exacta,,text/html; charset=UTF-8,200,OK,Tecnología en Calderas Industriales Eficientes - Thermic Electric Solutions,"Consultoría e ingeniería propia, rápida y cercana al cliente. Más de 20.000 calderas industriales instaladas desde 1977. Tecnología sin emisiones, sin riesgo de incendio y con ahorro energético. Asistencia remota, instalación sencilla en todo el mundo y 2 años de garantía en calderas de agua, sobrecalentada y fluido térmico.",CALDERAS ELÉCTRICAS INDUSTRIALES,HOT YOGA Y BIKRAM,Thermic Electric Solutions (ETE),Consultoría e Ingeniería Propia,https://ete.es/tecnologia/
https://ete.es/spa-balnearios/gran-ducha/,https://cliente.morganmedia.es/ete/productos/producto-gran-ducha/,Exacta,,text/html; charset=UTF-8,200,OK,Rociador de Gran Ducha para Balneario-Spa - Thermic Electric Solutions,"El rociador de 400 mm de diámetro es un equipo para balneario fabricado por ete, que provoca una sensación de suave lluvia. Para adaptar a la ducha bitérmica, ducha escocesa, ducha de aceites esenciales y ducha normal. Solicite más información sobre nuestros equipos para balnearios sin compromiso.",CALDERAS ELÉCTRICAS INDUSTRIALES,HOT YOGA Y BIKRAM,Gran Ducha,,https://ete.es/spa-balnearios/gran-ducha/
https://ete.es/wp-content/plugins/gdpr-cookie-compliance/dist/scripts/main.js?ver=5.0.11,,Sin equivalente,"Recurso (CSS, JS o imagen), no es una página",text/javascript,200,OK,,,,,,,
https://ete.es/calderas-electricas/calderas-electricas-a-medida/,https://cliente.morganmedia.es/ete/productos/producto-caldera-electrica-a-medida/,Exacta,,text/html; charset=UTF-8,200,OK,Calderas Eléctricas a Medida para Industria - Thermic Electric Solutions,"Fabricamos calderas eléctricas a medida desde 1977. Diseñamos equipos con potencia exacta para agua, vapor, aceite térmico y procesos industriales, con garantía por escrito del servicio de calor. ¡Solicite presupuesto!",CALDERAS ELÉCTRICAS INDUSTRIALES,HOT YOGA Y BIKRAM,Fabricante de calderas eléctricas a medida para cada proceso,Qué ventajas ofrece una caldera eléctrica a medida,https://ete.es/calderas-electricas/calderas-electricas-a-medida/
https://ete.es/calderas-de-aceite-termico/,https://cliente.morganmedia.es/ete/calderas-de-aceite-termico/,Exacta,,text/html; charset=UTF-8,200,OK,Calderas de aceite térmico - Thermic Electric Solutions,"En ETE, fabricamos calderas de aceite térmico desde 1977, además de todos los equipos de producción de calor. Además en ETE, realizamos la instalación de calderas de aceite térmico y demás equipos. ¡Contacta con un experto ahora!",CALDERAS ELÉCTRICAS INDUSTRIALES,HOT YOGA Y BIKRAM,¿Qué son las calderas de aceite térmico?,,https://ete.es/calderas-de-aceite-termico/
https://ete.es/agua-caliente-industrial-y-acs/sistemas-de-agua-caliente-a-medida/,https://cliente.morganmedia.es/ete/productos/producto-agua-caliente-a-medida/,Exacta,,text/html; charset=UTF-8,200,OK,Sistemas de Agua Caliente a Medida - Thermic Electric Solutions,"Diseñamos y fabricamos sistemas de agua caliente a medida para hoteles, gimnasios, peluquerías, comunidades y otras instalaciones. Soluciones ETE ajustadas al consumo real. ¡Solicite presupuesto!",CALDERAS ELÉCTRICAS INDUSTRIALES,HOT YOGA Y BIKRAM,Una solución a medida para cada instalación,Dónde aplicamos nuestros sistemas de agua caliente a medida,https://ete.es/agua-caliente-industrial-y-acs/sistemas-de-agua-caliente-a-medida/
https://ete.es/politica-de-cookies/,,Sin equivalente,Página legal (no existe en el sitio nuevo),text/html; charset=UTF-8,200,OK,Política de cookies - Thermic Electric Solutions,Siguiendo las directrices de la Agencia Española de Protección de Datos procedemos a detallar el uso de cookies que hace esta web con el fin de informarle con la máxima exactitud posible.,CALDERAS ELÉCTRICAS INDUSTRIALES,HOT YOGA Y BIKRAM,Aviso legal y política de privacidad,,https://ete.es/politica-de-cookies/
https://ete.es/acumuladores-de-agua-caliente/,https://cliente.morganmedia.es/ete/acumuladores-de-agua-caliente/,Exacta,,text/html; charset=UTF-8,200,OK,Acumuladores de agua caliente - Thermic Electric Solutions,Instalar los acumuladores de agua caliente de ete para sustituir calderas de combustión o calderas eléctricas de otras marcas puede llegar a suponer un ahorro por encima del 60%. ¡Infórmate!,CALDERAS ELÉCTRICAS INDUSTRIALES,HOT YOGA Y BIKRAM,Por qué optar por acumuladores de agua caliente,,https://ete.es/acumuladores-de-agua-caliente/
https://ete.es/wp-content/plugins/elementor/assets/lib/flatpickr/flatpickr.min.css?ver=4.6.13,,Sin equivalente,"Recurso (CSS, JS o imagen), no es una página",text/css,200,OK,,,,,,,
https://ete.es/spa-balnearios/ducha-nebulizada/,https://cliente.morganmedia.es/ete/productos/producto-ducha-nebulizada/,Exacta,,text/html; charset=UTF-8,200,OK,Fabricante de Ducha nebulizada para balnearios - Thermic Electric Solutions,"Instalación de ducha Nebulizada con cuadro de automatismos, con dos pulsadores antihumedad para agua fria o agua caliente, con 6 pulverizadores de 2,5 Litros/Minuto, todo en Acero Inoxidable repartidos en la parte superior.",CALDERAS ELÉCTRICAS INDUSTRIALES,HOT YOGA Y BIKRAM,Ducha Nebulizada,,https://ete.es/spa-balnearios/ducha-nebulizada/
https://ete.es/spa-balnearios/piscina-relajacion/,https://cliente.morganmedia.es/ete/productos/producto-piscina-relajacion-38/,Exacta,,text/html; charset=UTF-8,200,OK,Instalación Calentador para Piscina Relajación - Thermic Electric Solutions,Fabricamos calentadores y equipos de calor para piscinas climatizadas de relajación (38º). Nuestros equipos tienen una instalación sencilla y un mínimo mantenimiento con una vida útil prácticamente sin averías. Presupuesto con el mejor precio.,CALDERAS ELÉCTRICAS INDUSTRIALES,HOT YOGA Y BIKRAM,CALENTADORES DE PISCINA ETE,2 años de garantía - instalación sencilla - mínimo mantenimiento,https://ete.es/spa-balnearios/piscina-relajacion/
https://ete.es/spa-balnearios/piscina-natacion/,https://cliente.morganmedia.es/ete/productos/producto-piscina-natacion-25-30/,Exacta,,text/html; charset=UTF-8,200,OK,Instalación Calentador Piscina Natación - Thermic Electric Solutions,Fabricamos calentadores y equipos de calor para piscinas climatizadas de natación (25º-30º). Nuestros equipos tienen una instalación sencilla y un mínimo mantenimiento con una vida útil prácticamente sin averías. Presupuesto con el mejor precio.,CALDERAS ELÉCTRICAS INDUSTRIALES,HOT YOGA Y BIKRAM,CALENTADORES DE PISCINA,2 años de garantía - instalación sencilla - mínimo mantenimiento,https://ete.es/spa-balnearios/piscina-natacion/
https://ete.es/wp-content/uploads/elementor/css/post-1978.css?ver=1786328265,,Sin equivalente,"Recurso (CSS, JS o imagen), no es una página",text/css,200,OK,,,,,,,
https://ete.es/bikram/climatizacion-para-salas-de-hot-yoga-y-bikram/,https://cliente.morganmedia.es/ete/productos/producto-hot-yoga-climatizacion/,Exacta,,text/html; charset=UTF-8,200,OK,Climatización para Salas de Hot Yoga y Bikram - Thermic Electric Solutions,"En ETE diseñamos la climatización para salas de Hot Yoga y Bikram con control preciso de temperatura y humedad. Equipos a medida para estudios nuevos o en reforma, con eficiencia energética y garantía de servicio. ¡Solicite presupuesto!",CALDERAS ELÉCTRICAS INDUSTRIALES,HOT YOGA Y BIKRAM,Control de temperatura y humedad con criterio técnico,Una climatización de Hot Yoga no es una climatización convencional,https://ete.es/bikram/climatizacion-para-salas-de-hot-yoga-y-bikram/
https://ete.es/wp-content/uploads/elementor/css/post-10610.css?ver=1786366750,,Sin equivalente,"Recurso (CSS, JS o imagen), no es una página",text/css,200,OK,,,,,,,
https://ete.es/spa-balnearios/sauna-humeda-mitermal/,https://cliente.morganmedia.es/ete/productos/producto-sauna-humeda-mitermal/,Exacta,,text/html; charset=UTF-8,200,OK,Sauna Húmeda Mitermal doméstica - Thermic Electric Solutions,"La Sauna Húmeda Mitermal doméstica creada por ete para producir sudoración pasiva en las casas particulares, es una buena inversión para mejorar la salud. Fácil instalación con un gran precio. ¡Entre!",CALDERAS ELÉCTRICAS INDUSTRIALES,HOT YOGA Y BIKRAM,EQUIPO DE SUDORACIÓN PASIVA DOMÉSTICO MITERMAL,,https://ete.es/spa-balnearios/sauna-humeda-mitermal/
https://ete.es/wp-content/uploads/2025/05/hotyogaikram.jpg,,Sin equivalente,"Recurso (CSS, JS o imagen), no es una página",image/jpeg,200,OK,,,,,,,
https://ete.es/2022/08/,,Sin equivalente,Archivo por fecha del blog,text/html; charset=UTF-8,200,OK,agosto 2022 - Thermic Electric Solutions,,CALDERAS ELÉCTRICAS INDUSTRIALES,HOT YOGA Y BIKRAM,HOT YOGA BIKRAM,,
https://ete.es/en/2018/07/,,Sin equivalente,Archivo por fecha del blog,text/html; charset=UTF-8,200,OK,July 2018 - Thermic Electric Solutions,,INDUSTRIAL ELECTRIC BOILERS,HOT YOGA Y BIKRAM,Bikram Yoga,,
https://ete.es/en/industrial-hot-water-and-dhw/domestic-hot-water-for-hotels/,https://cliente.morganmedia.es/ete/en/productos/dhw-for-hotels/,Exacta,,text/html; charset=UTF-8,200,OK,Domestic Hot Water for Hotels - Thermic Electric Solutions,"We manufacture domestic hot water equipment for hotels. We design custom-made DHW installations to guarantee service, comfort and energy savings. Request your quote!",INDUSTRIAL ELECTRIC BOILERS,HOT YOGA Y BIKRAM,DHW for hotels that cannot afford to fail,How we size a hot water installation for a hotel,https://ete.es/en/industrial-hot-water-and-dhw/domestic-hot-water-for-hotels/
https://ete.es/wp-content/uploads/2020/05/Piscina-balneario-1024x762.jpg,,Sin equivalente,"Recurso (CSS, JS o imagen), no es una página",image/jpeg,200,OK,,,,,,,
https://ete.es/en/spa-wellness/thermal-pools-and-water-circuits/,https://cliente.morganmedia.es/ete/en/productos/thermal-pools-and-water-circuits/,Exacta,,text/html; charset=UTF-8,200,OK,Fabric of Thermal Pools and Water Circuits - Thermic Electric Solutions,"At ETE, we design and manufacture custom-made thermal pools and water circuits for spas, thermal spas and hotels. Hydromassage pools, relaxation pools, temperate swimming pools, Flotarium and Compostela Footbath with heating and cooling solutions adapted to each project. Request your quote!",INDUSTRIAL ELECTRIC BOILERS,HOT YOGA Y BIKRAM,We manufacture water installations designed for the real use of the spa,Our solutions in thermal pools and water circuits,https://ete.es/en/spa-wellness/thermal-pools-and-water-circuits/
https://ete.es/en/electric-boilers/heating-for-industrial-buildings-shops/,https://cliente.morganmedia.es/ete/en/productos/heating-for-industrial-buildings-and-commercial-premises/,Exacta,,text/html; charset=UTF-8,200,OK,Instal heating and hot water for buildings and shops - Thermic Electric Solutions,"Thermic Electric Solutions carries out a personalized study to install the electric boiler that best suits your buildings and shops, thus achieving the greatest water and energy savings for your business. Visit us!",INDUSTRIAL ELECTRIC BOILERS,HOT YOGA Y BIKRAM,How much cost to heat your home?,2 year warranty - easy installation - low cost maintenance,https://ete.es/en/electric-boilers/heating-for-industrial-buildings-shops/
https://ete.es/2021/11/,,Sin equivalente,Archivo por fecha del blog,text/html; charset=UTF-8,200,OK,noviembre 2021 - Thermic Electric Solutions,,CALDERAS ELÉCTRICAS INDUSTRIALES,HOT YOGA Y BIKRAM,EQUIPOS DE CALOR INDUSTRIALES: OBSOLESCENCIA,,
https://ete.es/wp-content/uploads/elementor/css/post-10657.css?ver=1786466546,,Sin equivalente,"Recurso (CSS, JS o imagen), no es una página",text/css,200,OK,,,,,,,
https://ete.es/en/spa-wellness/circular-shower/,https://cliente.morganmedia.es/ete/en/productos/spa-showers-and-contrast-circuits/,Aproximada,,text/html; charset=UTF-8,200,OK,Home shower installation for spas - Thermic Electric Solutions,We manufacture and install showers to start the thermal circuit for SPA and Spa. It is installed at the entrance to the water area. Constructed of stainless steel and methacrylate. Includes opening mixer and sprayer.,INDUSTRIAL ELECTRIC BOILERS,HOT YOGA Y BIKRAM,Circular Stainless-Steel Shower,,https://ete.es/en/spa-wellness/circular-shower/
https://ete.es/en/spa-wellness/turkish-bath-steam-generators/,https://cliente.morganmedia.es/ete/en/productos/steam-room-equipment/,Exacta,,text/html; charset=UTF-8,200,OK,Steam generators for Turkish Bath - Thermic Electric Solutions,We are manufacturers of equipment and steam generators for Turkish Baths. Thousands of Spas and Spas around the world trust our technology for the minimum of breakdowns and ease of equipment maintenance. Visit us!,INDUSTRIAL ELECTRIC BOILERS,HOT YOGA Y BIKRAM,Turkish Bath Steam Generator,,https://ete.es/en/spa-wellness/turkish-bath-steam-generators/
https://ete.es/pt/panaderias/vapor-limpo-para-os-vaporizadores/,https://cliente.morganmedia.es/ete/pt/productos/geradores-de-vapor/,Exacta,,text/html; charset=UTF-8,200,OK,Vapor Limpo para os vaporizadores para hornos de panadería - Thermic Electric Solutions,"Las Vapor Limpo para os vaporizadores para hornos de panadería garantizan el servicio de calor y una larga vida útil sin averías. El equipo 38 Steam de ete aporta vapor limpio por la vaporera, haciendo que esta no se obstruya. ¡Entra!",CALDEIRAS ELETRICAS,SPA BALNEARIOS,EQUIPAMENTOS ETE PARA FABRICAÇÃO DE PÃO DE QUALIDADE,PÃO BOM,https://ete.es/pt/panaderias/vapor-limpo-para-os-vaporizadores/
https://ete.es/wp-content/plugins/jupiterx-core/includes/extensions/raven/assets/css/frontend.min.css?ver=6.9.7,,Sin equivalente,"Recurso (CSS, JS o imagen), no es una página",text/css,200,OK,,,,,,,
https://ete.es/wp-content/uploads/elementor/css/post-1775.css?ver=1786319473,,Sin equivalente,"Recurso (CSS, JS o imagen), no es una página",text/css,200,OK,,,,,,,
https://ete.es/pt/spa-balnearios/refrigerador-etecooler/,https://cliente.morganmedia.es/ete/pt/productos/unidade-de-arrefecimento-etecooler/,Exacta,,text/html; charset=UTF-8,200,OK,Refrigerador EteCooler para piscinas de tonificación y duchas bitérmicas,Refrigerador EteCooler para piscinas de tonificación y duchas bitérmicas. Es imprescindible en tratamientos de hidroterapia las piscinas con agua enfriada a 10ºC y duchas bitérmicas con agua a 8ºC,CALDEIRAS ELETRICAS,SPA BALNEARIOS,REFRIGERADOR ETECOOLER PARA PISCINAS DE TONIFICAÇÃO 10°C E DUCHES BITÉRMICOS 8°C,,https://ete.es/pt/spa-balnearios/refrigerador-etecooler/
https://ete.es/pt/spa-balnearios-pt/,https://cliente.morganmedia.es/ete/pt/divisiones/equipamentos-para-spas-termas-e-hammam/,Exacta,,text/html; charset=UTF-8,200,OK,Equipos para Spa-Balnearios y Hammam - Thermic Electric Solutions,"Somos fabricantes y proveedores de equipos para balnearios, spa, thalasso, hammam y wellnes. Duchas bitérmicas, enfriadoras, baño turco... Tenemos generadores de agua caliente para spa y balneario junto con generadores de vapor industriales para baño turco. ¡Entra!",CALDEIRAS ELETRICAS,SPA BALNEARIOS,FORNECEDORES E FABRICANTES DE EQUIPAMENTOS PARA BALNEÁRIOS,PERGUNTAS FREQUENTES,https://ete.es/pt/spa-balnearios-pt/
https://ete.es/wp-content/uploads/elementor/css/post-7387.css?ver=1786431179,,Sin equivalente,"Recurso (CSS, JS o imagen), no es una página",text/css,200,OK,,,,,,,
https://ete.es/wp-content/uploads/elementor/css/post-10566.css?ver=1786354153,,Sin equivalente,"Recurso (CSS, JS o imagen), no es una página",text/css,200,OK,,,,,,,
https://ete.es/wp-content/plugins/elementor/assets/lib/font-awesome/css/regular.min.css?ver=5.15.3,,Sin equivalente,"Recurso (CSS, JS o imagen), no es una página",text/css,200,OK,,,,,,,
https://ete.es/pt/spa-balnearios/espreguicadeiras-termicas/,https://cliente.morganmedia.es/ete/pt/productos/espreguicadeira-aquecida/,Exacta,,text/html; charset=UTF-8,200,OK,Espreguiçadeiras térmicas - Thermic Electric Solutions,"Descubre las tumbonas calientes de 36º, desarrollados por ETE que calientan con una caldera de agua eléctrica. ¡Solicite más información sobre los productos ETE!",CALDEIRAS ELETRICAS,SPA BALNEARIOS,ESPREGUIÇADEIRA TÉRMICA,,https://ete.es/pt/spa-balnearios/espreguicadeiras-termicas/
https://ete.es/wp-content/uploads/elementor/css/post-1985.css?ver=1786365737,,Sin equivalente,"Recurso (CSS, JS o imagen), no es una página",text/css,200,OK,,,,,,,
https://ete.es/en/hot-water-storage-tanks/,https://cliente.morganmedia.es/ete/en/hot-water-storage-tanks/,Exacta,,text/html; charset=UTF-8,200,OK,Hot water storage tanks - Thermic Electric Solutions,"Installing ete hot water storage tanks to replace combustion boilers or electric boilers from other brands can mean savings of over 60%. Moreover, our technology operates using electricity generated by photovoltaic systems, wind power, or off-peak electric tariffs.",INDUSTRIAL ELECTRIC BOILERS,HOT YOGA Y BIKRAM,Why Opt for Hot Water Storage Tanks,,https://ete.es/en/hot-water-storage-tanks/
https://ete.es/en/bikram-yoga-vs-yoga-2/,,Sin equivalente,Entrada del blog (el sitio nuevo no tiene blog),text/html; charset=UTF-8,200,OK,Differences between Bikram Yoga vs. Yoga,"Practicing Yoga is good, practicing Bikram Yoga is perfect, wonderful. Learn how you can be benefit of this practice.",INDUSTRIAL ELECTRIC BOILERS,HOT YOGA Y BIKRAM,Recommended Posts,,https://ete.es/en/bikram-yoga-vs-yoga-2/
https://ete.es/wp-content/uploads/2026/05/acs.png,,Sin equivalente,"Recurso (CSS, JS o imagen), no es una página",image/png,200,OK,,,,,,,
https://ete.es/wp-content/uploads/elementor/css/post-1960.css?ver=1786615615,,Sin equivalente,"Recurso (CSS, JS o imagen), no es una página",text/css,200,OK,,,,,,,
https://ete.es/wp-content/uploads/elementor/css/post-10621.css?ver=1786368299,,Sin equivalente,"Recurso (CSS, JS o imagen), no es una página",text/css,200,OK,,,,,,,
https://ete.es/wp-content/uploads/elementor/css/post-806.css?ver=1786546329,,Sin equivalente,"Recurso (CSS, JS o imagen), no es una página",text/css,200,OK,,,,,,,
https://ete.es/wp-content/uploads/elementor/css/post-1937.css?ver=1786558814,,Sin equivalente,"Recurso (CSS, JS o imagen), no es una página",text/css,200,OK,,,,,,,
https://ete.es/en/hot-water-generators/,https://cliente.morganmedia.es/ete/en/hot-water-generators/,Exacta,,text/html; charset=UTF-8,200,OK,Hot water generators - Thermic Electric Solutions,El equipo que forma ETE cuenta con 40 años de experiencia en la fabricacion e instalacion de generadores de agua caliente. No lo dudes e instala nuestros generadores de agua caliente. ¡Entra!,INDUSTRIAL ELECTRIC BOILERS,HOT YOGA Y BIKRAM,Benefits of hot water generators,,https://ete.es/en/hot-water-generators/
https://ete.es/en/electric-boilers/hot-water-boiler-110c/,https://cliente.morganmedia.es/ete/en/productos/hot-water-at-110-c/,Exacta,,text/html; charset=UTF-8,200,OK,Manufacturer of Industrial Hot Water Boiler 110 ° C - Thermic Electric Solutions,Hot Water boilers up to 110ºC have the most efficient and easy to maintain heat production technology. Customized water boilers customized for the needs of your company.,INDUSTRIAL ELECTRIC BOILERS,HOT YOGA Y BIKRAM,Technology to ensure hot service and long life without breakdowns.,2 year warranty - easy installation - low cost maintenance,https://ete.es/en/electric-boilers/hot-water-boiler-110c/
https://ete.es/wp-content/uploads/elementor/css/post-10588.css?ver=1786673114,,Sin equivalente,"Recurso (CSS, JS o imagen), no es una página",text/css,200,OK,,,,,,,
https://ete.es/author/admin/,,Sin equivalente,Archivo de autor del blog,text/html; charset=UTF-8,200,OK,"admin, autor en Thermic Electric Solutions","admin, autor en Thermic Electric Solutions",CALDERAS ELÉCTRICAS INDUSTRIALES,HOT YOGA Y BIKRAM,Trucos de decoración para reducir tu factura energética,¿Qué tarifas de energía escoger?,https://ete.es/author/admin/
https://ete.es/wp-content/uploads/elementor/css/post-1863.css?ver=1786697979,,Sin equivalente,"Recurso (CSS, JS o imagen), no es una página",text/css,200,OK,,,,,,,
https://ete.es/en/spa-wellness/turkish-bath-hammam-and-passive-sweating/,https://cliente.morganmedia.es/ete/en/productos/steam-rooms-hammams-and-passive-sweating/,Exacta,,text/html; charset=UTF-8,200,OK,"Turkish Bath, Hammam and Passive Sweating - Thermic Electric Solutions","At ETE, we design and manufacture custom-made equipment for Turkish baths, hammams and passive sweating systems for spas, thermal spas, hotels and wellness centres. Steam generators, wet saunas, Mitermal and Lodarium with technical advice and durable solutions. Request your quote!",INDUSTRIAL ELECTRIC BOILERS,HOT YOGA Y BIKRAM,"We manufacture custom-made solutions for steam, humidity and sweating","Our solutions for Turkish baths, hammams and passive sweating",https://ete.es/en/spa-wellness/turkish-bath-hammam-and-passive-sweating/
https://ete.es/wp-includes/js/comment-reply.min.js?ver=6.9.6,,Sin equivalente,"Recurso (CSS, JS o imagen), no es una página",text/javascript,200,OK,,,,,,,
https://ete.es/wp-content/uploads/elementor/css/post-7374.css?ver=1786442006,,Sin equivalente,"Recurso (CSS, JS o imagen), no es una página",text/css,200,OK,,,,,,,
https://ete.es/como-ahorrar-energia-en-casa/,,Sin equivalente,Entrada del blog (el sitio nuevo no tiene blog),text/html; charset=UTF-8,200,OK,¿CÓMO AHORRAR ENERGÍA EN CASA? - Thermic Electric Solutions,"Cambiar ciertos hábitos puede ahorrar energía. Con el aumento de la electricidad y la llegada del invierno, queremos saber cómo reducir las facturas de la luz.",CALDERAS ELÉCTRICAS INDUSTRIALES,HOT YOGA Y BIKRAM,Entradas recomendadas,,https://ete.es/como-ahorrar-energia-en-casa/
https://ete.es/produccion-de-calor-hasta-300oc-con-aceite/,,Sin equivalente,Entrada del blog (el sitio nuevo no tiene blog),text/html; charset=UTF-8,200,OK,CALDERAS ELÉCTRICAS DE ACEITE 300ºC,La tecnología de las calderas eléctricas de aceite 300ºC permiten a la industria reducir costos energéticos en cifras que rondan el 70%.,CALDERAS ELÉCTRICAS INDUSTRIALES,HOT YOGA Y BIKRAM,Entradas recomendadas,,https://ete.es/produccion-de-calor-hasta-300oc-con-aceite/
https://ete.es/en/spa-wellness/compostela-pediluve/,https://cliente.morganmedia.es/ete/en/productos/compostela-footbath/,Exacta,,text/html; charset=UTF-8,200,OK,Equipment manufacturer of Pediluvio Compostela - Thermic Electric Solutions,Equipment that produces cycles of hot (40ºC) and cold (8ºC) water on a masonry road. Soil with loose boulders. It is used to give reflexotherapy treatment to the feet and activate blood circulation in the legs.,INDUSTRIAL ELECTRIC BOILERS,HOT YOGA Y BIKRAM,compostela pediluve,,https://ete.es/en/spa-wellness/compostela-pediluve/
https://ete.es/wp-content/uploads/elementor/css/post-1869.css?ver=1786578109,,Sin equivalente,"Recurso (CSS, JS o imagen), no es una página",text/css,200,OK,,,,,,,
https://ete.es/en/spa-wellness/disinfection-shower/,https://cliente.morganmedia.es/ete/en/productos/disinfection-shower/,Exacta,,text/html; charset=UTF-8,200,OK,Equipment Disinfection Shower for Spas - Thermic Electric Solutions,Shower equipment for the feet when entering the spa. Provide hot water with a disinfectant product. Eliminates the use of slippers or protectors with guarantee of total hygiene.,INDUSTRIAL ELECTRIC BOILERS,HOT YOGA Y BIKRAM,DISINFECTION SHOWER,,https://ete.es/en/spa-wellness/disinfection-shower/
https://ete.es/en/bakery/thermal-solutions-for-bakeries/,https://cliente.morganmedia.es/ete/en/productos/solutions-for-bakery-production-facilities/,Exacta,,text/html; charset=UTF-8,200,OK,Thermal Solutions for Bakeries - Thermic Electric Solutions,"We manufacture thermal solutions for bakeries: controlled fermentation, clean steam for ovens and custom-made electric heating equipment for bakeries. Request your quote!",INDUSTRIAL ELECTRIC BOILERS,HOT YOGA Y BIKRAM,We design the custom-made thermal solution for each bakery,Technology to save energy and work with stability,https://ete.es/en/bakery/thermal-solutions-for-bakeries/
https://ete.es/en/cookies-policy/,,Sin equivalente,Página legal (no existe en el sitio nuevo),text/html; charset=UTF-8,200,OK,Cookies Policy - Thermic Electric Solutions,A cookie is a small text file that is stored in your browser when you visit almost any web page. Its usefulness is that the web is able to remember your visit when you return to browse that page.,INDUSTRIAL ELECTRIC BOILERS,HOT YOGA Y BIKRAM,,,https://ete.es/en/cookies-policy/
https://ete.es/wp-content/uploads/elementor/css/post-1605.css?ver=1786358850,,Sin equivalente,"Recurso (CSS, JS o imagen), no es una página",text/css,200,OK,,,,,,,
https://ete.es/wp-content/uploads/elementor/css/post-1908.css?ver=1786615603,,Sin equivalente,"Recurso (CSS, JS o imagen), no es una página",text/css,200,OK,,,,,,,
https://ete.es/wp-content/uploads/elementor/css/post-10647.css?ver=1786371222,,Sin equivalente,"Recurso (CSS, JS o imagen), no es una página",text/css,200,OK,,,,,,,
https://ete.es/wp-content/uploads/2020/05/Tumbona_termica_Luxor.jpg,,Sin equivalente,"Recurso (CSS, JS o imagen), no es una página",image/jpeg,200,OK,,,,,,,
https://ete.es/pt/spa-balnearios/duche-bitermica-oleos/,https://cliente.morganmedia.es/ete/pt/productos/duche-bitermico-com-oleos/,Exacta,,text/html; charset=UTF-8,200,OK,Equipos de Duche Bitérmica Óleos esenciales - Thermic Electric Solutions,"Equipo para ducha de ciclos de agua caliente 40º y fría 8ºC.El equipo para ducha bitérmica lleva procesador con botonera, además lleva un rociador de 100mm de diámetro.El módulo de mandos programable. Los aceites esenciales se diluyen en agua y su aportación una vez programada la ducha se hará en tiempos de agua fría.",CALDEIRAS ELETRICAS,SPA BALNEARIOS,DUCHE ESCOCÊS ÁGUA QUENTE-ÁGUA FRIA,,https://ete.es/pt/spa-balnearios/duche-bitermica-oleos/
https://ete.es/pt/spa-balnearios/vichy-bitermico-pt/,https://cliente.morganmedia.es/ete/pt/productos/duche-vichy-bitermico/,Exacta,,text/html; charset=UTF-8,200,OK,Instalación de ducha Vichy Bitérmico-pt - Thermic Electric Solutions,"Fabricamos equipos para ducha de ciclos de agua caliente y fría. Se utiliza para dar masajes y quitar barros y algas. Incluye camilla resistente al agua, construida en fibra de vidrio y acabado en lacado azul y colchoneta para masajes y tratamientos.",CALDEIRAS ELETRICAS,SPA BALNEARIOS,DUCHE VICHY BITÉRMICO,,https://ete.es/pt/spa-balnearios/vichy-bitermico-pt/
https://ete.es/en/spa-wellness/grand-shower/,https://cliente.morganmedia.es/ete/en/productos/rain-shower/,Exacta,,text/html; charset=UTF-8,200,OK,Large Shower Head for Spa - Grand Shower - Thermic Electric Solutions,"The 400 mm diameter sprayer is a spa kit manufactured by ete, which causes a sensation of soft rain. To adapt to the bithermal shower, Scottish shower, essential oil shower and normal shower. Request more information about our spa equipment without obligation.",INDUSTRIAL ELECTRIC BOILERS,HOT YOGA Y BIKRAM,Grand Shower,,https://ete.es/en/spa-wellness/grand-shower/
https://ete.es/wp-content/uploads/elementor/css/post-1847.css?ver=1786365205,,Sin equivalente,"Recurso (CSS, JS o imagen), no es una página",text/css,200,OK,,,,,,,
https://ete.es/wp-content/uploads/jupiterx/compiler/jupiterx-elements-dynamic-styles/c498b16.css?ver=4.14.1,,Sin equivalente,"Recurso (CSS, JS o imagen), no es una página",text/css,200,OK,,,,,,,
https://ete.es/tag/calderas-de-vapor-para-procesos-industriales/,,Sin equivalente,Archivo de etiqueta del blog,text/html; charset=UTF-8,200,OK,calderas de vapor para procesos industriales archivos - Thermic Electric Solutions,calderas de vapor para procesos industriales archivos - Thermic Electric Solutions . Calderas industriales y equipos de balnearios. ¡Entra!,CALDERAS ELÉCTRICAS INDUSTRIALES,HOT YOGA Y BIKRAM,COSTOS DE PRODUCCIÓN DE VAPOR,,https://ete.es/tag/calderas-de-vapor-para-procesos-industriales/
https://ete.es/wp-content/uploads/elementor/css/post-1895.css?ver=1786346059,,Sin equivalente,"Recurso (CSS, JS o imagen), no es una página",text/css,200,OK,,,,,,,
https://ete.es/wp-content/uploads/elementor/css/post-10550.css?ver=1786700621,,Sin equivalente,"Recurso (CSS, JS o imagen), no es una página",text/css,200,OK,,,,,,,
https://ete.es/wp-content/uploads/elementor/css/post-2034.css?ver=1786359151,,Sin equivalente,"Recurso (CSS, JS o imagen), no es una página",text/css,200,OK,,,,,,,
https://ete.es/category/balnearios/,,Sin equivalente,Archivo de categoría del blog,text/html; charset=UTF-8,200,OK,Balnearios - Thermic Electric Solutions,En ETE te proporcionamos toda la información necesaria sobre los valores en consumo y equipos. Las nuevas tecnologías bajan los consumos de las facturas de energía. ¡Contáctanos!,CALDERAS ELÉCTRICAS INDUSTRIALES,HOT YOGA Y BIKRAM,CALCULE CONSUMO AGUA CALIENTE EN SU HOTEL,CALCULE CONSUMO AGUA INSTALACIÓN DEPORTIVA,https://ete.es/category/balnearios/
https://ete.es/pt/spa-balnearios/misturador-cronometrado/,https://cliente.morganmedia.es/ete/pt/productos/misturadora-temporizada/,Exacta,,text/html; charset=UTF-8,200,OK,Ducha temporizada con mezcladora - Eficiencia y ahorro - Thermic Electric Solutions,"Fabricamos Módulos de ducha temporizada para dar un buen servicio y ahorrar agua, energía, potencia y volumen en los depósitos. Ducha electrónica para instalaciones de duchas colectivas en gimnasios, fábricas, cuarteles, minas, etc. Permite ahorrar entre el 70-90% en las facturas de energía y agua.",CALDEIRAS ELETRICAS,SPA BALNEARIOS,DUCHA TEMPORIZADA COM MISTURADOR,,https://ete.es/pt/spa-balnearios/misturador-cronometrado/
https://ete.es/2021/12/,,Sin equivalente,Archivo por fecha del blog,text/html; charset=UTF-8,200,OK,diciembre 2021 - Thermic Electric Solutions,,CALDERAS ELÉCTRICAS INDUSTRIALES,HOT YOGA Y BIKRAM,¿CÓMO AHORRAR ENERGÍA EN CASA?,,
https://ete.es/wp-content/uploads/elementor/css/post-7382.css?ver=1786698335,,Sin equivalente,"Recurso (CSS, JS o imagen), no es una página",text/css,200,OK,,,,,,,
https://ete.es/en/technology/success-stories/,https://cliente.morganmedia.es/ete/en/custom-electric-heating-technology/,Aproximada,,text/html; charset=UTF-8,200,OK,Success Stories - Thermic Electric Solutions,"Discover ETE success stories in industrial electric heat. Real projects where reliability, thermal control, energy efficiency and process electrification demonstrate how a custom-made solution can improve performance and operational continuity. Request your quote!",INDUSTRIAL ELECTRIC BOILERS,HOT YOGA Y BIKRAM,"More than projects, solutions adapted to each process",Experience applied to new industrial challenges,https://ete.es/en/technology/success-stories/
https://ete.es/en/legal-notice/,,Sin equivalente,Página legal (no existe en el sitio nuevo),text/html; charset=UTF-8,200,OK,Legal Notice - Thermic Electric Solutions,"These conditions regulate the use of the ete website for the Internet user, and express the full and unreserved acceptance of each and every one of the conditions and restrictions that are published on the website at the time you access the same.",INDUSTRIAL ELECTRIC BOILERS,HOT YOGA Y BIKRAM,LEGAL NOTICE AND PRIVACY POLICY,,https://ete.es/en/legal-notice/
https://ete.es/wp-content/uploads/elementor/css/post-1803.css?ver=1786364726,,Sin equivalente,"Recurso (CSS, JS o imagen), no es una página",text/css,200,OK,,,,,,,
https://ete.es/wp-content/uploads/elementor/css/post-1810.css?ver=1786355125,,Sin equivalente,"Recurso (CSS, JS o imagen), no es una página",text/css,200,OK,,,,,,,
https://ete.es/author/ete/,,Sin equivalente,Archivo de autor del blog,text/html; charset=UTF-8,200,OK,"Fernando Sanz Pérez, autor en Thermic Electric Solutions","Fernando Sanz Pérez, autor en Thermic Electric Solutions",CALDERAS ELÉCTRICAS INDUSTRIALES,HOT YOGA Y BIKRAM,ESTUDIO HOT YOGA BARQUILLO 12 – MADRID,EQUIPOS DE CALOR INDUSTRIALES: OBSOLESCENCIA,https://ete.es/author/ete/
https://ete.es/wp-content/uploads/2020/05/etecooler-692x1024.gif,,Sin equivalente,"Recurso (CSS, JS o imagen), no es una página",image/gif,200,OK,,,,,,,
https://ete.es/wp-content/uploads/elementor/css/post-10615.css?ver=1786339111,,Sin equivalente,"Recurso (CSS, JS o imagen), no es una página",text/css,200,OK,,,,,,,
https://ete.es/en/panaderias/clean-vapor-for-vaporizers/,https://cliente.morganmedia.es/ete/en/productos/steam-generators/,Exacta,,text/html; charset=UTF-8,200,OK,Clean Vapor for Vaporizers para hornos de panadería - Thermic Electric Solutions,"Las Clean Vapor for Vaporizers para hornos de panadería garantizan el servicio de calor y una larga vida útil sin averías. El equipo 38 Steam de ete aporta vapor limpio por la vaporera, haciendo que esta no se obstruya. ¡Entra!",INDUSTRIAL ELECTRIC BOILERS,HOT YOGA Y BIKRAM,EQUIPMENT ETE FOR MAKING QUALITY BREAD,GOOD BREAD,https://ete.es/en/panaderias/clean-vapor-for-vaporizers/
https://ete.es/bajar-contaminacion-industria-alimentaria/,,Sin equivalente,Entrada del blog (el sitio nuevo no tiene blog),text/html; charset=UTF-8,200,OK,Bajar contaminación industria alimentaria,Bajar contaminación industria alimentaria: se  inicia sustituyendo calderas de combustión altamente contaminantes por equipos eléctricos de producción de calor eléctricos de alta tecnología ete .,CALDERAS ELÉCTRICAS INDUSTRIALES,HOT YOGA Y BIKRAM,Entradas recomendadas,,https://ete.es/bajar-contaminacion-industria-alimentaria/
https://ete.es/bajar-contaminacion-industria-textil/,,Sin equivalente,Entrada del blog (el sitio nuevo no tiene blog),text/html; charset=UTF-8,200,OK,Bajar contaminación industria textil,"Contaminación: La instalación de los equipos eléctricos de producción de calor de alta tecnología ete sustituyendo las calderas de combustión además de eliminar la contaminación, mejora higiene y limpieza",CALDERAS ELÉCTRICAS INDUSTRIALES,HOT YOGA Y BIKRAM,Entradas recomendadas,,https://ete.es/bajar-contaminacion-industria-textil/
https://ete.es/wp-content/uploads/elementor/css/post-7848.css?ver=1786343541,,Sin equivalente,"Recurso (CSS, JS o imagen), no es una página",text/css,200,OK,,,,,,,
https://ete.es/en/bakery/,https://cliente.morganmedia.es/ete/en/divisiones/equipment-for-bakeries-and-production-facilities/,Exacta,,text/html; charset=UTF-8,200,OK,Bakery Equipment and Machine Factory - Thermic Electric Solutions,"We manufacture and install the best heat generation equipment for bakeries with a guarantee of a long life without breakdowns. Ovens, boilers and fermentation conditioners for bakeries at the best price. Visit us!",INDUSTRIAL ELECTRIC BOILERS,HOT YOGA Y BIKRAM,TECHNOLOGY TO GUARANTEE HEAT SERVICE AND A LONG LIFE WITHOUT BREAKDOWNS,FAQs,https://ete.es/en/bakery/
https://ete.es/wp-content/uploads/elementor/css/post-1547.css?ver=1786361169,,Sin equivalente,"Recurso (CSS, JS o imagen), no es una página",text/css,200,OK,,,,,,,
https://ete.es/en/electric-boilers/hot-water-for-hairdressing/,https://cliente.morganmedia.es/ete/en/productos/hot-water-for-hair-salons/,Exacta,,text/html; charset=UTF-8,200,OK,Hot Water for Hairdressing - Thermic Electric Solutions,We manufacture and install water heaters for hairdressers throughout Europe. We adapt to your situation by offering a personalized quote with the best price.,INDUSTRIAL ELECTRIC BOILERS,HOT YOGA Y BIKRAM,TECHNOLOGY TO GUARANTEE HEATING SERVICE AND A LONG LIFE WITHOUT BREAKDOWN.,2 year warranty - easy installation - low cost maintenance,https://ete.es/en/electric-boilers/hot-water-for-hairdressing/
https://ete.es/wp-content/uploads/elementor/css/post-2004.css?ver=1786363648,,Sin equivalente,"Recurso (CSS, JS o imagen), no es una página",text/css,200,OK,,,,,,,
https://ete.es/wp-content/uploads/elementor/css/post-2009.css?ver=1786366247,,Sin equivalente,"Recurso (CSS, JS o imagen), no es una página",text/css,200,OK,,,,,,,
https://ete.es/wp-content/uploads/elementor/css/post-1971.css?ver=1786355105,,Sin equivalente,"Recurso (CSS, JS o imagen), no es una página",text/css,200,OK,,,,,,,
https://ete.es/wp-content/uploads/2020/05/Piscina-hidromasaje-34.jpg,,Sin equivalente,"Recurso (CSS, JS o imagen), no es una página",image/jpeg,200,OK,,,,,,,
https://ete.es/wp-content/uploads/elementor/css/post-10662.css?ver=1786415356,,Sin equivalente,"Recurso (CSS, JS o imagen), no es una página",text/css,200,OK,,,,,,,
https://ete.es/en/technology/how-to-choose-the-right-boiler/,https://cliente.morganmedia.es/ete/en/custom-electric-heating-technology/,Aproximada,,text/html; charset=UTF-8,200,OK,How to Choose the Right Boiler - Thermic Electric Solutions,"Discover how to choose the right boiler for your industrial process. We analyse power, thermal fluid, real load, control, energy efficiency and service continuity to help you make a safe technical decision adapted to the real needs of your installation. Request your quote!",INDUSTRIAL ELECTRIC BOILERS,HOT YOGA Y BIKRAM,What to analyse before selecting an industrial boiler,Factors that influence the choice of equipment,https://ete.es/en/technology/how-to-choose-the-right-boiler/
https://ete.es/en/spa-wellness/timer-shower-with-mixer/,https://cliente.morganmedia.es/ete/en/productos/timed-mixer-shower/,Exacta,,text/html; charset=UTF-8,200,OK,Timed shower with mixer - Efficiency and savings - Thermic Electric Solutions,"We manufacture timed shower modules to provide good service and save water, energy, power and volume in the tanks. Electronic shower for collective shower installations in gyms, factories, barracks, mines, etc. It allows you to save between 70-90% on energy and water bills.",INDUSTRIAL ELECTRIC BOILERS,HOT YOGA Y BIKRAM,Timer Shower With Mixer,,https://ete.es/en/spa-wellness/timer-shower-with-mixer/
https://ete.es/wp-content/uploads/elementor/css/post-10582.css?ver=1786354612,,Sin equivalente,"Recurso (CSS, JS o imagen), no es una página",text/css,200,OK,,,,,,,
https://ete.es/pt/contato/,,Sin equivalente,Página de contacto (no existe en el sitio nuevo),text/html; charset=UTF-8,200,OK,Contato fabricante de calderas industriales y equipos balnearios - Thermic Electric Solutions,"Contacte con el principal fabricante de calderas eléctricas industriales y equipos de calor para balnearios, spas, centros de bikram y panaderías de España y Europa. ¡Contáctenos!",CALDEIRAS ELETRICAS,SPA BALNEARIOS,,,https://ete.es/pt/contato/
https://ete.es/en/industrial-zero-carbon-boilers/,https://cliente.morganmedia.es/ete/en/divisiones/custom-industrial-electric-boilers/,Aproximada,,text/html; charset=UTF-8,200,OK,Industrial boilers carbon neutral - Thermic Electric Solutions,At ETE we design and manufacture industrial boilers carbon neutral . We have been installing Industrial boilers carbon neutral for more than 40 years. Visit us!,INDUSTRIAL ELECTRIC BOILERS,HOT YOGA Y BIKRAM,,,https://ete.es/en/industrial-zero-carbon-boilers/
https://ete.es/wp-content/uploads/elementor/css/post-1890.css?ver=1786615603,,Sin equivalente,"Recurso (CSS, JS o imagen), no es una página",text/css,200,OK,,,,,,,
https://ete.es/pt/spa-balnearios/duche-temporizado/,https://cliente.morganmedia.es/ete/pt/productos/duche-temporizado/,Exacta,,text/html; charset=UTF-8,200,OK,Duche Temporizado - Ahorro de agua y energía - Thermic Electric Solutions,"Módulo de ducha temporizada para dar un buen servicio y ahorrar agua, energía, potencia y volumen en los depósitos. Ducha electrónica para instalaciones de duchas colectivas en gimnasios, fábricas, cuarteles, minas, etc. Permite ahorrar entre el 70 – 90% en las facturas de energía y agua.",CALDEIRAS ELETRICAS,SPA BALNEARIOS,Duche Temporizado,,https://ete.es/pt/spa-balnearios/duche-temporizado/
https://ete.es/en/2020/01/,,Sin equivalente,Archivo por fecha del blog,text/html; charset=UTF-8,200,OK,January 2020 - Thermic Electric Solutions,,INDUSTRIAL ELECTRIC BOILERS,HOT YOGA Y BIKRAM,Bikram Yoga Vs. Yoga,,
https://ete.es/en/industrial-hot-water-and-dhw/,https://cliente.morganmedia.es/ete/en/divisiones/industrial-hot-water-and-dhw/,Exacta,,text/html; charset=UTF-8,200,OK,Industrial Hot Water and DHW for Business - Thermic Electric Solutions,"We design and manufacture industrial hot water and DHW solutions for hotels, gyms, hair salons, residential communities, homes and other facilities. Custom-made ETE equipment since 1977 to guarantee service and simplify installation. Request your quote!",INDUSTRIAL ELECTRIC BOILERS,HOT YOGA Y BIKRAM,Industrial hot water and DHW with ETE technology,DHW solutions for every type of facility,https://ete.es/en/industrial-hot-water-and-dhw/
https://ete.es/wp-content/uploads/elementor/css/post-2040.css?ver=1786360667,,Sin equivalente,"Recurso (CSS, JS o imagen), no es una página",text/css,200,OK,,,,,,,
https://ete.es/pt/calderas-electricas/caldeira-de-agua-210c/,https://cliente.morganmedia.es/ete/pt/productos/agua-sobreaquecida-a-210-c/,Exacta,,text/html; charset=UTF-8,200,OK,Fábrica de calderas de agua caliente (210 ºC) - Thermic Electric Solutions,Compre su caldera de agua caliente directamente al fabricante con Thermic Electric Solutions . Instalamos calderas de agua caliente en todo tipo de negocios y viviendas particulares. ¡Visítenos!,CALDEIRAS ELETRICAS,SPA BALNEARIOS,"TECNOLOGIA QUE GARANTE O FORNECIMENTO DE CALOR E UMA LONGA VIDA DO EQUIPAMENTO, SEM AVARIAS.",2 ANOS DE GARANTIA - FÁCIL DE INSTALAR - MÍNIMA MANUTENÇÃO,https://ete.es/pt/calderas-electricas/caldeira-de-agua-210c/
https://ete.es/costos-de-produccion-de-agua-caliente/,,Sin equivalente,Entrada del blog (el sitio nuevo no tiene blog),text/html; charset=UTF-8,200,OK,Costos de producción de agua caliente,"Cómo ahorrar en la producción de agua caliente sanitaria.- instalando equipos de alta eficiencia by Ete, nuestra tecnología genera ahorros superiores al 50%",CALDERAS ELÉCTRICAS INDUSTRIALES,HOT YOGA Y BIKRAM,Entradas recomendadas,,https://ete.es/costos-de-produccion-de-agua-caliente/
https://ete.es/en/heat-for-industrial-and-commercial-premises/,https://cliente.morganmedia.es/ete/en/productos/heating-for-industrial-buildings-and-commercial-premises/,Aproximada,,text/html; charset=UTF-8,200,OK,HEAT FOR INDUSTRIAL AND COMMERCIAL PREMISES,If you have need of heat for industrial and commercial premises you can consult without commitment to the technicians of ETE to reduce monthly expenses by more than 50%.,INDUSTRIAL ELECTRIC BOILERS,HOT YOGA Y BIKRAM,Recommended Posts,,https://ete.es/en/heat-for-industrial-and-commercial-premises/
https://ete.es/wp-content/uploads/elementor/css/post-1824.css?ver=1786366248,,Sin equivalente,"Recurso (CSS, JS o imagen), no es una página",text/css,200,OK,,,,,,,
https://ete.es/wp-content/uploads/2024/01/Piscina-hidromasaje-34.jpg,,Sin equivalente,"Recurso (CSS, JS o imagen), no es una página",image/jpeg,200,OK,,,,,,,
https://ete.es/wp-content/uploads/elementor/css/post-1690.css?ver=1786356623,,Sin equivalente,"Recurso (CSS, JS o imagen), no es una página",text/css,200,OK,,,,,,,
https://ete.es/author/morgan-admin/,,Sin equivalente,Archivo de autor del blog,text/html; charset=UTF-8,200,OK,"morgan-admin, autor en Thermic Electric Solutions","morgan-admin, autor en Thermic Electric Solutions",CALDERAS ELÉCTRICAS INDUSTRIALES,HOT YOGA Y BIKRAM,¡Descubre la Revolución Energética!,HOT YOGA BIKRAM,https://ete.es/author/morgan-admin/
https://www.ete.es/contacto,,Sin equivalente,Página de contacto (no existe en el sitio nuevo),text/html; charset=UTF-8,301,Moved Permanently,,,,,,,
https://ete.es/pt/calderas-electricas/acs-hoteis-ginasios-e-administradores-de-condominios/,https://cliente.morganmedia.es/ete/pt/divisiones/agua-quente-industrial-e-aqs/,Aproximada,,text/html; charset=UTF-8,200,OK,"Calderas eléctricas en Hoteles, Gimnasios y Comunidades de vecinos - ETE","Realizamos la instalación de Calderas eléctricas en Hoteles, Gimnasios y Comunidades de vecinos con todas las garantías. Instalación sencilla, mínimo mantenimiento y ahorro al calentar agua. ¡Entra!",CALDEIRAS ELETRICAS,SPA BALNEARIOS,QUANTA ENERGIA GASTA EM AQUECER A ÁGUA DO SEU HOTEL?,2 ANOS DE GARANTIA - FÁCIL INSTALAÇÃO - MANUTENÇÃO MÍNIMA,https://ete.es/pt/calderas-electricas/acs-hoteis-ginasios-e-administradores-de-condominios/
https://ete.es/wp-content/uploads/elementor/css/post-414.css?ver=1786546329,,Sin equivalente,"Recurso (CSS, JS o imagen), no es una página",text/css,200,OK,,,,,,,
https://ete.es/contaminacion-en-hoteles/,,Sin equivalente,Entrada del blog (el sitio nuevo no tiene blog),text/html; charset=UTF-8,200,OK,REDUCIR LA CONTAMINACIÓN EN ESTABLECIMIENTOS HOTELEROS - Thermic Electric Solutions,"Contaminación en hoteles.- El cambio debería iniciarse sustituyendo las calderas de combustión altamente contaminantes (olores, suciedad, ruidos y gases), por equipos eléctricos de producción de calor de alta tecnología ete.",CALDERAS ELÉCTRICAS INDUSTRIALES,HOT YOGA Y BIKRAM,"Todos los hoteles e industrias deberían plantearse un cambio de mentalidad y evaluar la eficiencia de sus equipos, sistemas y protocolos.",Entradas recomendadas,https://ete.es/contaminacion-en-hoteles/
https://ete.es/category/centros-bikram-yoga/,,Sin equivalente,Archivo de categoría del blog,text/html; charset=UTF-8,200,OK,Centros Bikram Yoga - Thermic Electric Solutions,"La practica de yoga en centros Bikram tiene una amplia variedad de beneficios. Bikram Yoga destaca por el clima de la sala que está a 40ºC de temperatura, 50% humedad ambiental y aire limpio. ¡Infórmate!",CALDERAS ELÉCTRICAS INDUSTRIALES,HOT YOGA Y BIKRAM,HOT YOGA BIKRAM,BIKRAM YOGA vs YOGA,https://ete.es/category/centros-bikram-yoga/
https://ete.es/pt/spa-balnearios/tunel-de-agua-fria-pt/,https://cliente.morganmedia.es/ete/pt/productos/tunel-de-agua-fria/,Exacta,,text/html; charset=UTF-8,200,OK,Túnel de Água Fria - Thermic Electric Solutions,El túnel de agua fría fabricado en ETE es una alternativa para tonificar piscinas. Solicite más información sobre los productos ETE.,CALDEIRAS ELETRICAS,SPA BALNEARIOS,TÚNEL ÁGUA FRIA,,https://ete.es/pt/spa-balnearios/tunel-de-agua-fria-pt/
https://ete.es/pt/calderas-electricas/caldeira-de-vapor-210c/,https://cliente.morganmedia.es/ete/pt/productos/vapor-a-210-c/,Exacta,,text/html; charset=UTF-8,200,OK,Generadores de vapor industriales - Caldeira de vapor 210°C - ETE,Nuestros generadores de vapor industriales producen vapor hasta 210ºC con la tecnología de producción de calor que utilizan los técnicos del siglo XXI. Calderas de vapor con todas las garantías y el mejor precio para su empresa.,CALDEIRAS ELETRICAS,SPA BALNEARIOS,"TECNOLOGIA QUE GARANTE O FORNECIMENTO DE CALOR E UMA LONGA VIDA DO EQUIPAMENTO, SEM AVARIAS.",2 ANOS DE GARANTIA - FÁCIL DE INSTALAR - MÍNIMA MANUTENÇÃO,https://ete.es/pt/calderas-electricas/caldeira-de-vapor-210c/
https://ete.es/wp-content/uploads/elementor/css/post-1932.css?ver=1786358547,,Sin equivalente,"Recurso (CSS, JS o imagen), no es una página",text/css,200,OK,,,,,,,
https://ete.es/en/spa-wellness/timer-shower/,https://cliente.morganmedia.es/ete/en/productos/timed-shower/,Exacta,,text/html; charset=UTF-8,200,OK,Timed shower - Saving water and energy - Thermic Electric Solutions,"Timed shower module to give a good service and save water, energy, power and volume in the tanks. Electronic shower for collective shower installations in gyms, factories, barracks, mines, etc. It allows you to save between 70 - 90% on energy and water bills.",INDUSTRIAL ELECTRIC BOILERS,HOT YOGA Y BIKRAM,Electronic timer shower,,https://ete.es/en/spa-wellness/timer-shower/
https://ete.es/en/spa-wellness/domestic-humid-sauna-mitermal/,https://cliente.morganmedia.es/ete/en/productos/mitermal-wet-sauna/,Exacta,,text/html; charset=UTF-8,200,OK,Domestic Mitermal Wet Sauna - Thermic Electric Solutions,"The domestic Mitermal Wet Sauna created by ete to produce passive sweating in private homes, is a good investment to improve health. Easy installation with a great price.",INDUSTRIAL ELECTRIC BOILERS,HOT YOGA Y BIKRAM,MITERMAL DOMESTIC PASSIVE SWEATING EQUIPMENT,,https://ete.es/en/spa-wellness/domestic-humid-sauna-mitermal/
https://ete.es/wp-content/uploads/elementor/css/post-9104.css?ver=1786319541,,Sin equivalente,"Recurso (CSS, JS o imagen), no es una página",text/css,200,OK,,,,,,,
https://ete.es/pt/spa-balnearios/secadores-de-fatos-de-banho/,https://cliente.morganmedia.es/ete/pt/productos/secador-de-fatos-de-banho/,Exacta,,text/html; charset=UTF-8,200,OK,Secadores de Fatos de Banho - Thermic Electric Solutions,En ETE hemos desarrollado un secador de traje de baño que no daña los tejidos y previene el moho. La secadora de trajes de baño tiene un nivel de ruido bajo. ¡Solicite más información sobre los productos ETE!,CALDEIRAS ELETRICAS,SPA BALNEARIOS,SECADOR FATOS DE BANHO ETEDRYER,,https://ete.es/pt/spa-balnearios/secadores-de-fatos-de-banho/
https://ete.es/wp-content/uploads/elementor/css/post-34.css?ver=1786358822,,Sin equivalente,"Recurso (CSS, JS o imagen), no es una página",text/css,200,OK,,,,,,,
https://ete.es/pt/calderas-electricas/agua-quente-cabeleireiros/,https://cliente.morganmedia.es/ete/pt/productos/agua-quente-para-cabeleireiros/,Exacta,,text/html; charset=UTF-8,200,OK,Calentadores de Água Quente Cabeleireiros - Thermic Electric Solutions,Fabricamos e instalamos calentadores de agua para peluquerías en toda España. Nos adaptamos a su situación ofreciendo un presupuesto personalizado con el mejor precio. ¡Entra!,CALDEIRAS ELETRICAS,SPA BALNEARIOS,"TECNOLOGIA QUE GARANTE O FORNECIMENTO DE CALOR E UMA LONGA VIDA ÚTIL DO EQUIPAMENTO, SEM AVARIAS.",2 ANOS DE GARANTIA - FÁCIL INSTALAÇÃO - MANUTENÇÃO MÍNIMA,https://ete.es/pt/calderas-electricas/agua-quente-cabeleireiros/
https://ete.es/wp-content/uploads/elementor/css/post-1875.css?ver=1786355098,,Sin equivalente,"Recurso (CSS, JS o imagen), no es una página",text/css,200,OK,,,,,,,
https://ete.es/wp-content/uploads/elementor/css/post-1997.css?ver=1786362541,,Sin equivalente,"Recurso (CSS, JS o imagen), no es una página",text/css,200,OK,,,,,,,
https://ete.es/pt/spa-balnearios/pediluvio-compostela-2/,https://cliente.morganmedia.es/ete/pt/productos/pediluvio-compostela/,Exacta,,text/html; charset=UTF-8,200,OK,Fabricante de equipos de Pedilúvio Compostela - Thermic Electric Solutions,Equipo que produce ciclos de agua caliente(40ºC) y fría (8ºC) en un camino construido de albañilería. Suelo con canto rodado suelto. Se utiliza para dar tratamiento de reflexoterapia en los pies y activar la circulación sanguínea de las piernas.,CALDEIRAS ELETRICAS,SPA BALNEARIOS,Pedilúvio Compostela,,https://ete.es/pt/spa-balnearios/pediluvio-compostela-2/
https://ete.es/pt/calderas-electricas/acumulador-de-calor/,https://cliente.morganmedia.es/ete/pt/productos/acumulacao-de-calor/,Exacta,,text/html; charset=UTF-8,200,OK,Tecnología de Acumulador de calor - Thermic Electric Solutions,"La acumulación de calor para dar servicio de calefacción, agua caliente para duchas o en procesos industriales. Los equipos de acumulación de calor ete consumen kwh a precios reducidos, generando ahorros superiores al 50% en el precio de la factura.",CALDEIRAS ELETRICAS,SPA BALNEARIOS,"TECNOLOGIA QUE GARANTE O FORNECIMENTO DE CALOR E UMA LONGA VIDA DO EQUIPAMENTO, SEM AVARIAS",2 años de garantía - instalación sencilla - mínimo mantenimiento,https://ete.es/pt/calderas-electricas/acumulador-de-calor/
https://ete.es/wp-includes/js/wp-util.min.js?ver=6.9.7,,Sin equivalente,"Recurso (CSS, JS o imagen), no es una página",text/javascript,200,OK,,,,,,,
https://ete.es/en/spa-wellness/,https://cliente.morganmedia.es/ete/en/divisiones/equipment-for-spas-thermal-centres-and-hammams/,Exacta,,text/html; charset=UTF-8,200,OK,Equipment for Spa Wellness and Hammam - Thermic Electric Solutions,"We are manufacturers and suppliers of equipment for spas, spas, thalasso, hammam and wellness. Bithermal showers, chillers, Turkish bath ... We have hot water generators for spa and spa together with industrial steam generators for Turkish bath.",INDUSTRIAL ELECTRIC BOILERS,HOT YOGA Y BIKRAM,"Manufacturers of equipment for spa, wellness and hammam",FAQs,https://ete.es/en/spa-wellness/
https://ete.es/en/spa-wellness/pool-heater-34c/,https://cliente.morganmedia.es/ete/en/productos/hydromassage-pool-at-34-c/,Exacta,,text/html; charset=UTF-8,200,OK,34 ° C Hydromassage Pool Heater Installation - Thermic Electric Solutions,We manufacture heaters and heat equipment for heated whirlpools (34º). Our equipment has a simple installation and minimal maintenance with a practically fault-free life. Budget with the best price.,INDUSTRIAL ELECTRIC BOILERS,HOT YOGA Y BIKRAM,ETE POOL HEATER,2 YEAR WARRANTY - SIMPLE INSTALLATION - MINIMUM MAINTENANCE,https://ete.es/en/spa-wellness/pool-heater-34c/
https://ete.es/wp-content/uploads/2021/11/ecolgia_sostenible-1024x576.jpg,,Sin equivalente,"Recurso (CSS, JS o imagen), no es una página",image/jpeg,200,OK,,,,,,,
https://ete.es/wp-content/uploads/elementor/css/post-1595.css?ver=1786553609,,Sin equivalente,"Recurso (CSS, JS o imagen), no es una página",text/css,200,OK,,,,,,,
https://ete.es/en/technology/,https://cliente.morganmedia.es/ete/en/custom-electric-heating-technology/,Exacta,,text/html; charset=UTF-8,200,OK,Technology - Thermic Electric Solutions,"At ETE we offer exceptional technology. We have intelligent installation and maintenance systems, a guarantee for years and a good technical telephone support. Request a budget without obligation!",INDUSTRIAL ELECTRIC BOILERS,HOT YOGA Y BIKRAM,Thermic Electric SOLUTIONS (ETE),Consulting and Engineering Services,https://ete.es/en/technology/
https://ete.es/pt/spa-balnearios/jatos-jet-com-oleos/,https://cliente.morganmedia.es/ete/pt/productos/jato-de-agua-com-oleos/,Exacta,,text/html; charset=UTF-8,200,OK,Equipo de SPA - Jatos Jet com Óleos - Thermic Electric Solutions,"El Jatos Jet com Óleos es un equipo spa automático para tratamientos de hidromasajes con la intervención de un terapeuta que produce choques de agua caliente a 39ºC y fría a 8ºC. Se trata de un masaje corporal completo o parcial, a base de chorros de agua caliente y fría a presión.",CALDEIRAS ELETRICAS,SPA BALNEARIOS,TRATAMENTO DE JATOS COM ÓLEOS ESSENCIAIS,,https://ete.es/pt/spa-balnearios/jatos-jet-com-oleos/
https://ete.es/wp-content/uploads/elementor/css/post-1990.css?ver=1786364173,,Sin equivalente,"Recurso (CSS, JS o imagen), no es una página",text/css,200,OK,,,,,,,
https://ete.es/en/industrial-electric-water-boilers/,https://cliente.morganmedia.es/ete/en/divisiones/custom-industrial-electric-boilers/,Aproximada,,text/html; charset=UTF-8,200,OK,Industrial Electric Boilers - Thermic Electric Solutions,At ETE we manufacture industrial electric boilers for different services. We provide low energy consumption equipment. We have more than 40 years of experience assembling industrial electric water boilers all over the world.,INDUSTRIAL ELECTRIC BOILERS,HOT YOGA Y BIKRAM,,,https://ete.es/en/industrial-electric-water-boilers/
https://ete.es/en/panaderias/electric-steam-boiler/,https://cliente.morganmedia.es/ete/en/productos/steam-generators/,Exacta,URL antigua con redirección 301,text/html; charset=UTF-8,301,Moved Permanently,,,,,,,
https://ete.es/wp-content/uploads/elementor/css/post-73.css?ver=1786546330,,Sin equivalente,"Recurso (CSS, JS o imagen), no es una página",text/css,200,OK,,,,,,,
https://ete.es/wp-content/plugins/jet-elements/assets/js/addons/jet-timeline.min.js?ver=2.8.1.1,,Sin equivalente,"Recurso (CSS, JS o imagen), no es una página",text/javascript,200,OK,,,,,,,
https://ete.es/wp-content/plugins/elementor/assets/css/widget-image-gallery.min.css?ver=3.35.6,,Sin equivalente,"Recurso (CSS, JS o imagen), no es una página",text/css,200,OK,,,,,,,
https://ete.es/en/spa-wellness/technical-equipment-for-spas-and-thermal-spas/,https://cliente.morganmedia.es/ete/en/productos/technical-equipment-for-spas-and-thermal-centres/,Exacta,,text/html; charset=UTF-8,200,OK,Technical Equipment for Spas and Thermal Spas - Thermic Electric Solutions,"At ETE, we manufacture technical equipment for spas: Etecooler Chiller, air treatment and Timed Mixer. Custom-made solutions for thermal spas, hotels and wellness centres. Request your quote!",INDUSTRIAL ELECTRIC BOILERS,HOT YOGA Y BIKRAM,The technical foundation that makes a well-resolved spa possible,Our solutions in technical equipment for spas,https://ete.es/en/spa-wellness/technical-equipment-for-spas-and-thermal-spas/
https://ete.es/en/electric-boilers/heating-and-hot-water-for-homes/,https://cliente.morganmedia.es/ete/en/productos/heating-and-dhw-for-homes/,Exacta,,text/html; charset=UTF-8,200,OK,Install Heating and Hot Water for Homes - Thermic Electric Solutions,We install the best heating and air conditioning systems in your home. Factory products with the quality and guarantee of Thermic Electric Solutions. Heating and Hot Water for Homes at the best price.,INDUSTRIAL ELECTRIC BOILERS,HOT YOGA Y BIKRAM,How much cost to heat your home?,2 year warranty - easy installation - low cost maintenance,https://ete.es/en/electric-boilers/heating-and-hot-water-for-homes/
https://ete.es/wp-content/uploads/elementor/css/post-5718.css?ver=1786319475,,Sin equivalente,"Recurso (CSS, JS o imagen), no es una página",text/css,200,OK,,,,,,,
https://ete.es/wp-content/uploads/elementor/css/post-1901.css?ver=1786701068,,Sin equivalente,"Recurso (CSS, JS o imagen), no es una página",text/css,200,OK,,,,,,,
https://ete.es/en/electric-boilers/hot-boiler-water-210c/,https://cliente.morganmedia.es/ete/en/productos/superheated-water-at-210-c/,Exacta,,text/html; charset=UTF-8,200,OK,Buy and Install Hot Water Boiler 210°C - Thermic Electric Solutions,Buy your hot water boiler directly from the manufacturer with Thermic Electric Solutions. We install hot water boilers in all types of businesses and private homes. Visit us!,INDUSTRIAL ELECTRIC BOILERS,HOT YOGA Y BIKRAM,Technology to ensure hot service and long life without breakdowns.,2 year warranty - easy installation - low cost maintenance,https://ete.es/en/electric-boilers/hot-boiler-water-210c/
https://ete.es/en/boiler-manufacturers/,https://cliente.morganmedia.es/ete/en/electric-boiler-manufacturers/,Exacta,,text/html; charset=UTF-8,200,OK,Boiler manufacturers - Thermic Electric Solutions,"We took our first steps as boiler manufacturers in 1977 and today, we have our own team of consulting and engineering with extensive experience at the disposal of our clients.",INDUSTRIAL ELECTRIC BOILERS,HOT YOGA Y BIKRAM,Over 45 Years of Experience as Boiler Manufacturers,,https://ete.es/en/boiler-manufacturers/
https://ete.es/wp-content/uploads/elementor/css/post-10599.css?ver=1786357531,,Sin equivalente,"Recurso (CSS, JS o imagen), no es una página",text/css,200,OK,,,,,,,
https://ete.es/en/spa-wellness/bithermal-oil-shower/,https://cliente.morganmedia.es/ete/en/productos/hot-and-cold-shower-with-essential-oils/,Exacta,,text/html; charset=UTF-8,200,OK,Bithermal Shower Equipment essential oils - Thermic Electric Solutions,"Equipment for showers with 40º hot and 8ºC cold water cycles. The equipment for the bithermal shower has a processor with a keypad, it also has a 100mm diameter sprayer. The programmable control module. The essential oils are diluted in water.",INDUSTRIAL ELECTRIC BOILERS,HOT YOGA Y BIKRAM,Bithermal Oil Shower,,https://ete.es/en/spa-wellness/bithermal-oil-shower/
https://ete.es/wp-content/uploads/elementor/css/post-1755.css?ver=1786343714,,Sin equivalente,"Recurso (CSS, JS o imagen), no es una página",text/css,200,OK,,,,,,,
https://ete.es/wp-content/uploads/elementor/css/post-9435.css?ver=1786466532,,Sin equivalente,"Recurso (CSS, JS o imagen), no es una página",text/css,200,OK,,,,,,,
https://ete.es/en/technology/what-power-does-your-process-need/,https://cliente.morganmedia.es/ete/en/custom-electric-heating-technology/,Aproximada,,text/html; charset=UTF-8,200,OK,What Power Does Your Process Need? - Thermic Electric Solutions,"Discover what power your industrial process needs and how to size it correctly. We analyse key variables such as fluid, temperature, flow rate, times and thermal losses to achieve an efficient, stable installation adapted to real working conditions. Request your quote!",INDUSTRIAL ELECTRIC BOILERS,HOT YOGA Y BIKRAM,Why an approximate estimate is not enough?,Variables that determine the necessary power,https://ete.es/en/technology/what-power-does-your-process-need/
https://ete.es/category/calderas-electricas/,,Sin equivalente,Archivo de categoría del blog,text/html; charset=UTF-8,200,OK,Calderas Eléctricas para producir calor - Thermic Electric Solutions,"En ETE te informamos y recomendamos como utilizar la electricidad para producir calor. Somos especialistas en el sector, con muchos años de experiencia. ¡Contáctanos ahora!",CALDERAS ELÉCTRICAS INDUSTRIALES,HOT YOGA Y BIKRAM,¡Descubre la Revolución Energética!,EQUIPOS DE CALOR INDUSTRIALES: OBSOLESCENCIA,https://ete.es/category/calderas-electricas/
https://ete.es/en/steam-generator-for-autoclaves/,,Sin equivalente,Entrada del blog (el sitio nuevo no tiene blog),text/html; charset=UTF-8,200,OK,Steam generators for autoclaves,"The steam generators for autoclaves are being transforming with new technologies as ete applies in its steam boilers, the target of this new technology is to simplify installations, reduce costs and breakdowns.",INDUSTRIAL ELECTRIC BOILERS,HOT YOGA Y BIKRAM,Recommended Posts,,https://ete.es/en/steam-generator-for-autoclaves/
https://ete.es/category/ete-nuestra-historia/,,Sin equivalente,Archivo de categoría del blog,text/html; charset=UTF-8,200,OK,"ete, nuestra historia - Thermic Electric Solutions","En ETE contamos con una larga experiencia investigando y fabricando equipos de calor para que no tuvieran ningún fallo. Hicimos un programa de investigación para construir equipos para producir vapor, agua, agua sobrecalentada y aceite térmico.",CALDERAS ELÉCTRICAS INDUSTRIALES,HOT YOGA Y BIKRAM,¡Descubre la Revolución Energética!,"ETE una historia de trabajo, investigación y éxito",https://ete.es/category/ete-nuestra-historia/
https://ete.es/wp-includes/css/dist/block-library/style.min.css?ver=6.9.6,,Sin equivalente,"Recurso (CSS, JS o imagen), no es una página",text/css,200,OK,,,,,,,
https://ete.es/wp-content/uploads/elementor/css/post-10631.css?ver=1786356625,,Sin equivalente,"Recurso (CSS, JS o imagen), no es una página",text/css,200,OK,,,,,,,
https://ete.es/pt/spa-balnearios/agua-quente-duches/,https://cliente.morganmedia.es/ete/pt/productos/agua-quente-para-duches/,Exacta,,text/html; charset=UTF-8,200,OK,Equipos de agua caliente para duchas de SPA y balnearios - Thermic Electric Solutions,"Fabricante e instalador de equipos de producción de agua caliente sanitaria para duchas de SPA y balnearios. Si necesitas ahorrar en la factura de energía y garantizar el servicio, ¡Contáctanos!",CALDEIRAS ELETRICAS,SPA BALNEARIOS,EQUIPAMENTOS DA ETE PARA PRODUÇÃO DE ÁGUA QUENTE PARA USO DOMÉSTICO,QUANTA ENERGIA GASTA EM AQUECER A ÁGUA DAS SUAS INSTALAÇÕES?,https://ete.es/pt/spa-balnearios/agua-quente-duches/
https://ete.es/equipos-piscinas/,,Sin equivalente,Entrada del blog (el sitio nuevo no tiene blog),text/html; charset=UTF-8,200,OK,"Equipos para Piscinas - Duchas, Calentadores, Secador Bañadores - ETE","Los equipos para piscinas fabricados por Ete tienen hasta 10 años de garantía, fácil instalación y mínimo mantenimiento. Duchas para piscinas. ¡Visítanos!",CALDERAS ELÉCTRICAS INDUSTRIALES,HOT YOGA Y BIKRAM,Entradas recomendadas,,https://ete.es/equipos-piscinas/
https://ete.es/en/technology/steam-vs-superheated-water-vs-thermal-oil/,https://cliente.morganmedia.es/ete/en/custom-electric-heating-technology/,Aproximada,,text/html; charset=UTF-8,200,OK,Steam vs Superheated Water vs Thermal Oil - Thermic Electric Solutions,"Discover the differences between steam, superheated water and thermal oil in industrial processes. Compare advantages, control, safety, maintenance and efficiency to choose the most suitable thermal fluid according to the temperature, application and needs of your installation. Request your quote!",INDUSTRIAL ELECTRIC BOILERS,HOT YOGA Y BIKRAM,When it is advisable to work with steam,What superheated water contributes to industrial processes,https://ete.es/en/technology/steam-vs-superheated-water-vs-thermal-oil/
https://ete.es/wp-content/uploads/elementor/css/post-1926.css?ver=1786356574,,Sin equivalente,"Recurso (CSS, JS o imagen), no es una página",text/css,200,OK,,,,,,,
https://ete.es/wp-content/uploads/jupiterx/compiler/jupiterx/57bd861.css?ver=4.14.1,,Sin equivalente,"Recurso (CSS, JS o imagen), no es una página",text/css,200,OK,,,,,,,
https://ete.es/wp-content/uploads/elementor/css/post-2020.css?ver=1786362595,,Sin equivalente,"Recurso (CSS, JS o imagen), no es una página",text/css,200,OK,,,,,,,
https://ete.es/en/spa-wellness/pail-shower/,https://cliente.morganmedia.es/ete/en/productos/bucket-shower/,Exacta,,text/html; charset=UTF-8,200,OK,Bucket Shower Set for Spas - Thermic Electric Solutions,"Pail Shower set with water temperature selection system manufactured by ete, manufacturer of spa equipment, the bucket fills in 15 seconds with hot or cold water. Constructed of aluminum or wood with hot and cold water self-filling system with selection button.",INDUSTRIAL ELECTRIC BOILERS,HOT YOGA Y BIKRAM,PAIL SHOWER,,https://ete.es/en/spa-wellness/pail-shower/
https://ete.es/pt/padarias/,https://cliente.morganmedia.es/ete/pt/divisiones/equipamentos-para-padarias-e-unidades-de-producao/,Exacta,,text/html; charset=UTF-8,200,OK,Fábrica de equipos y máquinas para panadería - ETE,"Fabricamos e instalamos los mejores equipos de generación de calor para panaderías con garantía de una larga vida sin averías. Hornos, calderas y climatizadores de fermentación para panaderías al mejor precio. ¡Visítenos!",CALDEIRAS ELETRICAS,SPA BALNEARIOS,Tecnologia para: FERMENTAÇÃO E MANTER OS VAPORIZADORES LIMPOS,PERGUNTAS FREQUENTES,https://ete.es/pt/padarias/
https://ete.es/wp-content/uploads/jupiterx/compiler/jupiterx-elements-dynamic-styles/151595d.css?ver=4.14.1,,Sin equivalente,"Recurso (CSS, JS o imagen), no es una página",text/css,200,OK,,,,,,,
https://ete.es/wp-content/uploads/2025/05/2-f16babb3.jpg,,Sin equivalente,"Recurso (CSS, JS o imagen), no es una página",image/jpeg,200,OK,,,,,,,
https://ete.es/wp-content/uploads/elementor/css/post-9440.css?ver=1786357473,,Sin equivalente,"Recurso (CSS, JS o imagen), no es una página",text/css,200,OK,,,,,,,
https://ete.es/pt/spa-balnearios/equipamento-tratamento-ar/,https://cliente.morganmedia.es/ete/pt/productos/equipamento-de-tratamento-de-ar/,Exacta,,text/html; charset=UTF-8,200,OK,Fabricante de equipos de ventilación y tratamiento de aire - ETE,"Los equipos tratamiento aire ete son idóneos para aplicaciones de tipo residencial y comercial y ofrecen un concreto ahorro energético en las instalaciones de ventilación forzada, utilizando un intercambiador estático construido en aluminio que permite ahorrar mas del 50% de energía térmica del local",CALDEIRAS ELETRICAS,SPA BALNEARIOS,EQUIPAMENTOS DE TRATAMENTO DO AR DA MARCA ETE,,https://ete.es/pt/spa-balnearios/equipamento-tratamento-ar/
https://ete.es/wp-content/uploads/jupiterx/compiler/jupiterx/26f07db.css?ver=4.14.1,,Sin equivalente,"Recurso (CSS, JS o imagen), no es una página",text/css,200,OK,,,,,,,
https://ete.es/wp-content/uploads/2020/04/baño2-centro-bikram-ete.jpg,,Sin equivalente,"Recurso (CSS, JS o imagen), no es una página",image/jpeg,200,OK,,,,,,,
https://ete.es/wp-content/uploads/elementor/css/post-1637.css?ver=1786353305,,Sin equivalente,"Recurso (CSS, JS o imagen), no es una página",text/css,200,OK,,,,,,,
https://ete.es/en/our-blog/,,Sin equivalente,Página del blog (no existe en el sitio nuevo),text/html; charset=UTF-8,200,OK,Our Blog - Thermic Electric Solutions,Our Blog - Thermic Electric Solutions,INDUSTRIAL ELECTRIC BOILERS,HOT YOGA Y BIKRAM,,,https://ete.es/en/our-blog/
https://ete.es/en/bikram-hot-yoga/climate-control-for-hot-yoga-and-bikram-rooms/,https://cliente.morganmedia.es/ete/en/productos/room-climate-control/,Exacta,,text/html; charset=UTF-8,200,OK,Climate Control for Hot Yoga and Bikram Rooms - Thermic Electric Solutions,"At ETE, we design climate control for Hot Yoga and Bikram rooms with precise temperature and humidity control. Custom-made equipment for new or refurbished studios, with energy efficiency and service guarantee. Request your quote!",INDUSTRIAL ELECTRIC BOILERS,HOT YOGA Y BIKRAM,Temperature and humidity control with technical criteria,Hot Yoga climate control is not conventional climate control,https://ete.es/en/bikram-hot-yoga/climate-control-for-hot-yoga-and-bikram-rooms/
https://ete.es/pt/spa-balnearios/duche-desinfecao/,https://cliente.morganmedia.es/ete/pt/productos/duche-de-desinfecao/,Exacta,,text/html; charset=UTF-8,200,OK,Duche Desinfeção para balneario y spa - Thermic Electric Solutions,Equipo de ducha para los pies al entrar al balneario. Aporta agua caliente con un producto desinfectante. Elimina el uso de zapatillas o protectores con garantía de total higiene.,CALDEIRAS ELETRICAS,SPA BALNEARIOS,Duche de Desinfeção,,https://ete.es/pt/spa-balnearios/duche-desinfecao/
https://ete.es/wp-content/uploads/elementor/css/post-10576.css?ver=1786354153,,Sin equivalente,"Recurso (CSS, JS o imagen), no es una página",text/css,200,OK,,,,,,,
https://ete.es/bikram-yoga/,,Sin equivalente,Entrada del blog (el sitio nuevo no tiene blog),text/html; charset=UTF-8,200,OK,Experiencia Bikram Yoga,"Comencé a practicar Bikram Yoga a inicios del 2015. Hago dos prácticas semanales en Bikram Hot Yoga Rosales, he mejorado mi capacidad respiratoria entre otros beneficios.",CALDERAS ELÉCTRICAS INDUSTRIALES,HOT YOGA Y BIKRAM,Entradas recomendadas,,https://ete.es/bikram-yoga/
https://ete.es/pt/spa-balnearios/flutuacao-flotarium/,https://cliente.morganmedia.es/ete/pt/productos/flutuacao-flotarium/,Exacta,,text/html; charset=UTF-8,200,OK,Fábicante e instalador de equipos de Flutuação Flotarium para Balneario-SPA,En ETE fabricamos piscinas de flotación (Flotarium) para Balnearios y SPAs. Piscina de cemento en la que el calentamiento del agua se produce mediante equipo específico de nuestra fabricación.,CALDEIRAS ELETRICAS,SPA BALNEARIOS,PISCINA DE FLUTUAÇÃO - FLOTARIUM,,https://ete.es/pt/spa-balnearios/flutuacao-flotarium/
https://ete.es/wp-content/uploads/elementor/css/post-2026.css?ver=1786357088,,Sin equivalente,"Recurso (CSS, JS o imagen), no es una página",text/css,200,OK,,,,,,,
https://ete.es/wp-content/plugins/elementor/assets/css/widget-google_maps.min.css?ver=3.35.6,,Sin equivalente,"Recurso (CSS, JS o imagen), no es una página",text/css,200,OK,,,,,,,
https://ete.es/pt/calderas-electricas/caldeira-de-agua-110c/,https://cliente.morganmedia.es/ete/pt/productos/agua-quente-a-110-c/,Exacta,,text/html; charset=UTF-8,200,OK,Fabricante de Caldeira de água 110°C industrial - Thermic Electric Solutions,Las calderas industriales ete hasta 110ºC tienen la tecnología de producción de calor más eficiente y sencilla de mantener. Calderas de agua a medida personalizadas para las necesidades de tu empresa.,CALDEIRAS ELETRICAS,SPA BALNEARIOS,"TECNOLOGIA QUE GARANTE O FORNECIMENTO DE CALOR E UMA LONGA VIDA ÚTIL DO EQUIPAMENTO, SEM AVARIAS.",2 ANOS DE GARANTIA - FÁCIL INSTALAÇÃO - MANUTENÇÃO MÍNIMA,https://ete.es/pt/calderas-electricas/caldeira-de-agua-110c/
https://ete.es/pt/spa-balnearios/piscina-de-relaxamento-38c/,https://cliente.morganmedia.es/ete/pt/productos/piscina-de-relaxamento-a-38-c/,Exacta,,text/html; charset=UTF-8,200,OK,Instalación Calentador para Piscina de Relaxamento 38°C - Thermic Electric Solutions,Fabricamos calentadores y equipos de calor para piscinas climatizadas de relajación (38º). Nuestros equipos tienen una instalación sencilla y un mínimo mantenimiento con una vida útil prácticamente sin averías. Presupuesto con el mejor precio.,CALDEIRAS ELETRICAS,SPA BALNEARIOS,AQUECEDORES DE PISCINA ETE,2 ANOS DE GARANTIA - FÁCIL INSTALAÇÃO - MÍNIMA MANUTENÇÃO,https://ete.es/pt/spa-balnearios/piscina-de-relaxamento-38c/
https://ete.es/2021/06/,,Sin equivalente,Archivo por fecha del blog,text/html; charset=UTF-8,200,OK,junio 2021 - Thermic Electric Solutions,,CALDERAS ELÉCTRICAS INDUSTRIALES,HOT YOGA Y BIKRAM,Moldes plásticos: calentamiento y enfriamiento,,
https://ete.es/en/spa-wellness/pool-heater-25c-30c/,https://cliente.morganmedia.es/ete/en/productos/swimming-pool-at-25-30-c/,Exacta,,text/html; charset=UTF-8,200,OK,Swimming Pool Heater Installation - Thermic Electric Solutions,We manufacture heaters and heat equipment for heated swimming pools (25º-30º). Our equipment has a simple installation and minimal maintenance with a practically fault-free life. Budget with the best price,INDUSTRIAL ELECTRIC BOILERS,HOT YOGA Y BIKRAM,POOL HEATER 25ºC - 30ºC,2 YEAR WARRANTY - SIMPLE INSTALLATION - MINIMUM MAINTENANCE,https://ete.es/en/spa-wellness/pool-heater-25c-30c/
https://ete.es/en/spa-wellness/swimsuit-dryer-etedryer/,https://cliente.morganmedia.es/ete/en/productos/swimsuit-dryer/,Exacta,,text/html; charset=UTF-8,200,OK,Swimsuit Dryer Etedryer - Thermic Electric Solutions,At ETE we have developed a Swimsuit Dryer Etedryer that does not damage fabrics and prevents mold. The bathing suit dryer has a low noise level. Request more information about ETE products!,INDUSTRIAL ELECTRIC BOILERS,HOT YOGA Y BIKRAM,SWIMSUIT DRYER - etedryer,,https://ete.es/en/spa-wellness/swimsuit-dryer-etedryer/
https://ete.es/en/technology/efficiency-and-decarbonisation/,https://cliente.morganmedia.es/ete/en/custom-electric-heating-technology/,Aproximada,,text/html; charset=UTF-8,200,OK,Efficiency and Decarbonisation - Thermic Electric Solutions,"Discover how to improve energy efficiency and advance the decarbonisation of industrial heat. We analyse electrification, thermal control, emissions reduction and electric heating solutions to achieve cleaner, more stable and more competitive processes. Request your quote!",INDUSTRIAL ELECTRIC BOILERS,HOT YOGA Y BIKRAM,Energy efficiency in industrial thermal processes,Decarbonising is not just changing energy source,https://ete.es/en/technology/efficiency-and-decarbonisation/
https://ete.es/moldes-plastico-calentamiento-enfriamiento/,,Sin equivalente,Entrada del blog (el sitio nuevo no tiene blog),text/html; charset=UTF-8,200,OK,Moldes plásticos: calentamiento y enfriamiento - Thermic Electric Solutions,"Las personas que trabajan en la industria de transformación de plásticos, saben de la importancia del calor en el proceso.",CALDERAS ELÉCTRICAS INDUSTRIALES,HOT YOGA Y BIKRAM,Entradas recomendadas,,https://ete.es/moldes-plastico-calentamiento-enfriamiento/
https://ete.es/en/bikram-hot-yoga/ventilation-and-air-quality/,https://cliente.morganmedia.es/ete/en/productos/ventilation-and-air-quality/,Exacta,,text/html; charset=UTF-8,200,OK,Ventilation and Air Quality - Thermic Electric Solutions,"At ETE, we design ventilation and air quality systems for Hot Yoga and Bikram Yoga rooms. We reduce CO2, improve air renewal and balance temperature and humidity with custom-made solutions. Request your quote!",INDUSTRIAL ELECTRIC BOILERS,HOT YOGA Y BIKRAM,Clean air for a healthier practice,Ventilation designed for rooms with high occupancy,https://ete.es/en/bikram-hot-yoga/ventilation-and-air-quality/
https://ete.es/wp-content/uploads/elementor/css/post-28.css?ver=1786351397,,Sin equivalente,"Recurso (CSS, JS o imagen), no es una página",text/css,200,OK,,,,,,,
https://ete.es/en/bikram-hot-yoga/showers-and-hot-water-for-hot-yoga-and-bikram/,https://cliente.morganmedia.es/ete/en/productos/showers-and-hot-water/,Exacta,,text/html; charset=UTF-8,200,OK,Showers and Hot Water for Hot Yoga and Bikram - Thermic Electric Solutions,"At ETE, we design showers and hot water systems for Hot Yoga with low consumption. Custom-made solutions for changing rooms, DHW, timed showers and cold contrast water. Request your quote!",INDUSTRIAL ELECTRIC BOILERS,HOT YOGA Y BIKRAM,Domestic hot water calculated for the centre’s real use,Showers that improve the service and help control consumption,https://ete.es/en/bikram-hot-yoga/showers-and-hot-water-for-hot-yoga-and-bikram/
https://ete.es/en/industrial-thermal-oil-boiler/,https://cliente.morganmedia.es/ete/en/industrial-thermal-oil-boiler/,Exacta,,text/html; charset=UTF-8,200,OK,Industrial thermal oil boiler - Thermic Electric Solutions,At ETE we are experts in the manufacture and installation of industrial thermal oil boilers for companies. At ETE we manufacture with the best quality guaranteeing a long life for your industrial thermal oil boiler. Come in!,INDUSTRIAL ELECTRIC BOILERS,HOT YOGA Y BIKRAM,Company expert in the manufacture of industrial thermal oil boiler,,https://ete.es/en/industrial-thermal-oil-boiler/
https://ete.es/wp-content/uploads/elementor/css/post-10652.css?ver=1786512479,,Sin equivalente,"Recurso (CSS, JS o imagen), no es una página",text/css,200,OK,,,,,,,
https://ete.es/pt/spa-balnearios/tunel-bitermico-pt/,https://cliente.morganmedia.es/ete/pt/productos/tunel-bitermico/,Exacta,,text/html; charset=UTF-8,200,OK,Fabricante instalador de ducha Túnel Bitérmico-pt - Thermic Electric Solutions,"Fabricamos equipos para instalación de túnel de duchas bitérmico con gran ducha, agua pulverizada, ducho cubo y agua pulverizada con aceites hidrosolubles. ¡Contáctenos!",CALDEIRAS ELETRICAS,SPA BALNEARIOS,Túnel Bitérmico,,https://ete.es/pt/spa-balnearios/tunel-bitermico-pt/
https://ete.es/pt/spa-balnearios/sauna-humida-mitermal/,https://cliente.morganmedia.es/ete/pt/productos/sauna-humida-mitermal/,Exacta,,text/html; charset=UTF-8,200,OK,Sauna Húmida Mitermal doméstica - Thermic Electric Solutions,"La Sauna Húmida Mitermal doméstica creada por ete para producir sudoración pasiva en las casas particulares, es una buena inversión para mejorar la salud. Fácil instalación con un gran precio. ¡Entre!",CALDEIRAS ELETRICAS,SPA BALNEARIOS,EQUIPAMENTO DE SUDAÇÃO PASSIVA MITERMAL PARA USO DOMÉSTICO,,https://ete.es/pt/spa-balnearios/sauna-humida-mitermal/
https://ete.es/en/thermal-oil-boilers/,https://cliente.morganmedia.es/ete/en/thermal-oil-boilers/,Exacta,,text/html; charset=UTF-8,200,OK,Thermal Oil Boilers - Thermic Electric Solutions,At ETE we have the best solution for savings. Our thermal oil boilers work efficiently and with very low maintenance costs. Request information about thermal oil boilers. Contact us!,INDUSTRIAL ELECTRIC BOILERS,HOT YOGA Y BIKRAM,,,https://ete.es/en/thermal-oil-boilers/
https://ete.es/en/spa-wellness/cold-water-tunnel/,https://cliente.morganmedia.es/ete/en/productos/cold-water-tunnel/,Exacta,,text/html; charset=UTF-8,200,OK,Cold Water Tunnel - Thermic Electric Solutions,The cold water tunnel manufactured at ETE is an alternative for toning pools. Request more information about ETE products.,INDUSTRIAL ELECTRIC BOILERS,HOT YOGA Y BIKRAM,COLD WATER TUNNEL,,https://ete.es/en/spa-wellness/cold-water-tunnel/
https://ete.es/2020/04/,,Sin equivalente,Archivo por fecha del blog,text/html; charset=UTF-8,200,OK,abril 2020 - Thermic Electric Solutions,,CALDERAS ELÉCTRICAS INDUSTRIALES,HOT YOGA Y BIKRAM,BAJAR CONTAMINACIÓN INDUSTRIA TEXTIL,BAJAR CONTAMINACIÓN INDUSTRIA ALIMENTARIA,
https://ete.es/wp-content/uploads/elementor/css/post-1628.css?ver=1786353305,,Sin equivalente,"Recurso (CSS, JS o imagen), no es una página",text/css,200,OK,,,,,,,
https://ete.es/category/sin-categoria-es/,,Sin equivalente,Archivo de categoría del blog,text/html; charset=UTF-8,200,OK,Sin categoría archivos - Thermic Electric Solutions,Sin categoría archivos - Thermic Electric Solutions,CALDERAS ELÉCTRICAS INDUSTRIALES,HOT YOGA Y BIKRAM,ESTUDIO HOT YOGA BARQUILLO 12 – MADRID,¿CÓMO AHORRAR ENERGÍA EN CASA?,https://ete.es/category/sin-categoria-es/
https://ete.es/pt/spa-balnearios/piscina-para-natacao-25c-30c/,https://cliente.morganmedia.es/ete/pt/productos/piscina-de-natacao-a-25-30-c/,Exacta,,text/html; charset=UTF-8,200,OK,Instalación Calentador Piscina para Natação 25°C - 30°C - Thermic Electric Solutions,Fabricamos calentadores y equipos de calor para piscinas climatizadas de natación (25º-30º). Nuestros equipos tienen una instalación sencilla y un mínimo mantenimiento con una vida útil prácticamente sin averías. Presupuesto con el mejor precio.,CALDEIRAS ELETRICAS,SPA BALNEARIOS,AQUECEDORES PARA PISCINAS,2 ANOS DE GARANTIA - FÁCIL INSTALAÇÃO - MÍNIMA MANUTENÇÃO,https://ete.es/pt/spa-balnearios/piscina-para-natacao-25c-30c/
https://ete.es/gestion-de-los-spa-balneario-en-hoteles/,,Sin equivalente,Entrada del blog (el sitio nuevo no tiene blog),text/html; charset=UTF-8,200,OK,GESTION DE LOS SPA BALNEARIO EN HOTELES,"La gestión de los Spa Balneario en hoteles puede ser un éxito, siempre que el diseño y las instalaciones se basen en un modelo terapéutico, con bajo coste de energía.",CALDERAS ELÉCTRICAS INDUSTRIALES,HOT YOGA Y BIKRAM,Entradas recomendadas,,https://ete.es/gestion-de-los-spa-balneario-en-hoteles/
https://ete.es/en/spa-wellness/vichy-shower/,https://cliente.morganmedia.es/ete/en/productos/hot-and-cold-vichy-shower/,Exacta,,text/html; charset=UTF-8,200,OK,Vichy Shower installation - Thermic Electric Solutions,"We manufacture hot and cold water cycle shower equipment. It is used to massage and remove mud and algae. It includes a waterproof stretcher, made of fiberglass and finished in blue lacquer and a mat for massages and treatments.",INDUSTRIAL ELECTRIC BOILERS,HOT YOGA Y BIKRAM,BITHERMAL VICHY SHOWER,,https://ete.es/en/spa-wellness/vichy-shower/
https://ete.es/wp-content/uploads/elementor/css/post-5696.css?ver=1786349485,,Sin equivalente,"Recurso (CSS, JS o imagen), no es una página",text/css,200,OK,,,,,,,
https://ete.es/wp-content/uploads/2020/05/ducha-inicio-688x1024.jpg,,Sin equivalente,"Recurso (CSS, JS o imagen), no es una página",image/jpeg,200,OK,,,,,,,
https://ete.es/pt/calderas-electricas/aquecimento-e-acs-em-vivendas/,https://cliente.morganmedia.es/ete/pt/productos/aquecimento-e-aqs-para-habitacoes/,Exacta,,text/html; charset=UTF-8,200,OK,Instalación de Aquecimento e ACS em vivendas - Thermic Electric Solutions,Instalamos los mejores sistemas de calefacción y aire acondicionado en su vivienda. Productos de fábrica con la calidad y garantía de Thermic Electric Solutions . Aquecimento e ACS em vivendas al mejor precio.,CALDEIRAS ELETRICAS,SPA BALNEARIOS,CALCULE A POTÊNCIA QUE NECESSITA PARA A SUA VIVENDA,2 anos de garantia - fácil instalação - manutenção mínima,https://ete.es/pt/calderas-electricas/aquecimento-e-acs-em-vivendas/
https://ete.es/en/spa-wellness/bithermal-jet-shower-essential-oil/,https://cliente.morganmedia.es/ete/en/productos/jet-shower-with-essential-oils/,Exacta,,text/html; charset=UTF-8,200,OK,SPA equipment - Bithermal Jet Shower Essential Oil - Thermic Electric Solutions,"The Bithermal Jet Shower Essential Oil is an automatic spa equipment for hydromassage treatments with the intervention of a therapist that produces shocks of hot water at 39ºC and cold at 8ºC. It is a full or partial body massage, based on jets of hot and cold water under pressure.",INDUSTRIAL ELECTRIC BOILERS,HOT YOGA Y BIKRAM,BITHERMAL JET SHOWER ESSENTIAL OIL,,https://ete.es/en/spa-wellness/bithermal-jet-shower-essential-oil/
https://ete.es/wp-content/plugins/gdpr-cookie-compliance/dist/images/gdpr-logo.png,,Sin equivalente,"Recurso (CSS, JS o imagen), no es una página",image/png,200,OK,,,,,,,
https://ete.es/en/spa-wellness/hydrotherapy-relaxation-and-wellness/,https://cliente.morganmedia.es/ete/en/productos/hydrotherapy-relaxation-and-wellness/,Exacta,,text/html; charset=UTF-8,200,OK,"Hydrotherapy, Relaxation and Wellness - Thermic Electric Solutions","At ETE, we design and manufacture hydrotherapy, relaxation and wellness solutions for spas, thermal spas and hotels. Jet Spray with Oils, Thermal Loungers and Swimsuit Dryer integrated into custom-made projects. Request your quote!",INDUSTRIAL ELECTRIC BOILERS,HOT YOGA Y BIKRAM,Solutions to enrich the user experience,"Our solutions in hydrotherapy, relaxation and wellness",https://ete.es/en/spa-wellness/hydrotherapy-relaxation-and-wellness/
https://ete.es/en/water-and-superheated-water-boilers/,https://cliente.morganmedia.es/ete/en/hot-water-generators/,Aproximada,,text/html; charset=UTF-8,200,OK,Hot water boilers - Thermic Electric Solutions,At ETE we design and manufacture hot water boilers. We are an engineering company that manufactures electrical heat production equipment like the hot water boiler working whit environmentally friendly solutions.,INDUSTRIAL ELECTRIC BOILERS,HOT YOGA Y BIKRAM,,,https://ete.es/en/water-and-superheated-water-boilers/
https://ete.es/wp-content/uploads/elementor/css/post-10594.css?ver=1786363648,,Sin equivalente,"Recurso (CSS, JS o imagen), no es una página",text/css,200,OK,,,,,,,
https://ete.es/en/electric-boilers/heating-storage-equipment/,https://cliente.morganmedia.es/ete/en/productos/thermal-storage/,Exacta,,text/html; charset=UTF-8,200,OK,Technology of Heating Storage Equipment - Thermic Electric Solutions,"The accumulation of heat to provide heating service, hot water for showers or in industrial processes. The heat accumulation equipment ete consume kwh at reduced prices, generating savings of more than 50% in the invoice price.",INDUSTRIAL ELECTRIC BOILERS,HOT YOGA Y BIKRAM,Technology to ensure hot service and long life without breakdowns.,2 year warranty - easy installation - low cost maintenance,https://ete.es/en/electric-boilers/heating-storage-equipment/
https://ete.es/wp-content/uploads/2020/03/caldera-vapor-210C.jpg,,Sin equivalente,"Recurso (CSS, JS o imagen), no es una página",image/jpeg,200,OK,,,,,,,
https://ete.es/wp-content/uploads/elementor/css/post-10604.css?ver=1786365242,,Sin equivalente,URL técnica de wp-content,text/html; charset=UTF-8,404,Not Found,,,,,,,
https://ete.es/wp-content/plugins/jupiterx-core/includes/extensions/raven/assets/js/frontend.min.js?ver=6.9.7,,Sin equivalente,"Recurso (CSS, JS o imagen), no es una página",text/javascript,200,OK,,,,,,,
https://ete.es/wp-content/uploads/2024/01/Racional-Peugot--1024x680.jpg,,Sin equivalente,"Recurso (CSS, JS o imagen), no es una página",image/jpeg,200,OK,,,,,,,
https://ete.es/2020/05/,,Sin equivalente,Archivo por fecha del blog,text/html; charset=UTF-8,200,OK,mayo 2020 - Thermic Electric Solutions,,CALDERAS ELÉCTRICAS INDUSTRIALES,HOT YOGA Y BIKRAM,REDUCIR LA CONTAMINACIÓN EN ESTABLECIMIENTOS HOTELEROS,"Todos los hoteles e industrias deberían plantearse un cambio de mentalidad y evaluar la eficiencia de sus equipos, sistemas y protocolos.",
https://ete.es/en/bikram-hot-yoga/,https://cliente.morganmedia.es/ete/en/divisiones/hot-yoga-bikram/,Exacta,,text/html; charset=UTF-8,200,OK,Heat equipment for your Bikram-Hot Yoga room - Thermic Electric Solutions,"Take advantage of our experience manufacturing heat equipment to build your Bikram Yoga - Hot Yoga center. We can design your Bikram Yoga center, advise you and supply you with heat equipment. Constructive solutions to achieve hygiene, cleanliness and air quality.",INDUSTRIAL ELECTRIC BOILERS,HOT YOGA Y BIKRAM,Technology to build a Hot Yoga center - Bikram,The Yoga Bikram Barquillo center has been built with ete equipment,https://ete.es/en/bikram-hot-yoga/
https://ete.es/en/spa-wellness/mud-treatment-lodarium/,https://cliente.morganmedia.es/ete/en/productos/lodarium-mud-treatment/,Exacta,,text/html; charset=UTF-8,200,OK,"Installation of Lodarium for mud, algae and cream treatments - Thermic Electric Solutions","We manufacture all the necessary equipment for the installation of a Lodarium that provides mud, algae and cream treatments. Our innovative system, in addition to therapeutic benefits for users, will provide economic benefits to your company. Visit us!",INDUSTRIAL ELECTRIC BOILERS,HOT YOGA Y BIKRAM,"Tratamientos de barros, lodos, algas y cremas",,https://ete.es/en/spa-wellness/mud-treatment-lodarium/
https://ete.es/en/bakery/equipment-for-fermentation-chamber/,https://cliente.morganmedia.es/ete/en/productos/proofing-chambers/,Exacta,,text/html; charset=UTF-8,200,OK,Bakery fermentation air conditioning factory and installation - Thermic Electric Solutions,"At ETE we manufacture and install the LAUDA fermentation conditioner to improve the quality of bread and save on chemicals, there are more than 1,500 operated in bakeries in Spain, Portugal and Italy.",INDUSTRIAL ELECTRIC BOILERS,HOT YOGA Y BIKRAM,ETE EQUIPMENT FOR MAKING QUALITY BREAD,GOOD BREAD,https://ete.es/en/bakery/equipment-for-fermentation-chamber/
https://ete.es/en/industrial-hot-water-and-dhw/custom-hot-water-systems/,https://cliente.morganmedia.es/ete/en/productos/custom-systems/,Exacta,,text/html; charset=UTF-8,200,OK,Custom Hot Water Systems - Thermic Electric Solutions,"We design and manufacture custom hot water systems for hotels, gyms, hair salons, residential communities and other facilities. ETE solutions adapted to real consumption. Request your quote!",INDUSTRIAL ELECTRIC BOILERS,HOT YOGA Y BIKRAM,A custom solution for every installation,Where we apply our custom hot water systems,https://ete.es/en/industrial-hot-water-and-dhw/custom-hot-water-systems/
https://ete.es/wp-content/uploads/elementor/css/post-1879.css?ver=1786355221,,Sin equivalente,"Recurso (CSS, JS o imagen), no es una página",text/css,200,OK,,,,,,,
https://ete.es/wp-content/uploads/2024/01/caldera-agua-110C-1024x678-1.jpg,,Sin equivalente,"Recurso (CSS, JS o imagen), no es una página",image/jpeg,200,OK,,,,,,,
https://ete.es/pt/spa-balnearios/lamas-lodarium/,https://cliente.morganmedia.es/ete/pt/productos/tratamento-de-lamas-lodarium/,Exacta,,text/html; charset=UTF-8,200,OK,"Instalación de Lodarium para tratamientos de barros, algas y cremas - ETE","Fabricamos todos los equipos necesarios para la instalación de un Lodarium que proporcione tratamientos de barros, algas y cremas. Nuestro innovador sistema, además de beneficios terapéuticos a los usuarios, proporcionará beneficios económicos a su empresa. ¡Visítenos!",CALDEIRAS ELETRICAS,SPA BALNEARIOS,"TRATAMENTOS DE LAMAS, LODOS, ALGAS E CREMES",,https://ete.es/pt/spa-balnearios/lamas-lodarium/
https://ete.es/wp-content/uploads/2020/05/panaderias.jpg,,Sin equivalente,"Recurso (CSS, JS o imagen), no es una página",image/jpeg,200,OK,,,,,,,
https://ete.es/wp-content/uploads/2022/09/bibram-0.png,,Sin equivalente,"Recurso (CSS, JS o imagen), no es una página",image/png,200,OK,,,,,,,
https://ete.es/wp-content/uploads/elementor/css/post-7393.css?ver=1786394179,,Sin equivalente,"Recurso (CSS, JS o imagen), no es una página",text/css,200,OK,,,,,,,
https://ete.es/pt/calderas-electricas/caldeira-de-oleo-termico-300c/,https://cliente.morganmedia.es/ete/pt/productos/oleo-termico-a-350-c/,Exacta,,text/html; charset=UTF-8,200,OK,Calderas industriales de aceite térmico - Thermic Electric Solutions,"En ETE nos hemos especializado en el diseño y fabricación de calderas de aceite térmico industriales 300º. Fabricamos calderas de aceite térmico industriales seguras y eficientes, como el resto de nuestros equipos eléctricos para la producción de calor. ¡Entra!",CALDEIRAS ELETRICAS,SPA BALNEARIOS,"TECNOLOGIA QUE GARANTE O FORNECIMENTO DE CALOR E UMA LONGA VIDA DO EQUIPAMENTO, SEM AVARIAS..",2 ANOS DE GARANTIA - FÁCIL DE INSTALAR - MÍNIMA MANUTENÇÃO,https://ete.es/pt/calderas-electricas/caldeira-de-oleo-termico-300c/
https://ete.es/pt/caldeiras-eletricas/,https://cliente.morganmedia.es/ete/pt/divisiones/caldeiras-eletricas-industriais-por-medida/,Exacta,,text/html; charset=UTF-8,200,OK,Fábrica y venta de Caldeiras Elétricas industriales - Thermic Electric Solutions,"Si busca comprar la mejor caldera industrial eléctrica visítenos. En ETE fabricamos calderas eléctricas industriales a medida desde 1977, ofreciendo el mejor precio de fábrica, sin intermediarios. ¡Solicite presupuesto!",CALDEIRAS ELETRICAS,SPA BALNEARIOS,"TECNOLOGIA QUE GARANTE O FORNECIMENTO DE CALOR E UMA LONGA VIDA DO EQUIPAMENTO, SEM AVARIAS.",PERGUNTAS FREQUENTES,https://ete.es/pt/caldeiras-eletricas/
https://ete.es/wp-content/uploads/2020/05/sauna-humeda.jpg,,Sin equivalente,"Recurso (CSS, JS o imagen), no es una página",image/jpeg,200,OK,,,,,,,
https://ete.es/en/spa-wellness/mist-shower/,https://cliente.morganmedia.es/ete/en/productos/mist-shower/,Exacta,,text/html; charset=UTF-8,200,OK,Mist shower manufacturer for spas - Thermic Electric Solutions,"Nebulized shower installation with automation panel, with two anti-humidity buttons for cold or hot water, with 6 2.5-liter / minute sprayers, all in stainless steel distributed on the upper part.",INDUSTRIAL ELECTRIC BOILERS,HOT YOGA Y BIKRAM,MIST SHOWER,,https://ete.es/en/spa-wellness/mist-shower/
https://ete.es/wp-content/uploads/elementor/css/post-10642.css?ver=1786371222,,Sin equivalente,"Recurso (CSS, JS o imagen), no es una página",text/css,200,OK,,,,,,,
https://ete.es/en/contact/,,Sin equivalente,Página de contacto (no existe en el sitio nuevo),text/html; charset=UTF-8,200,OK,Contact manufacturer of industrial boilers and spa equipment - Thermic Electric Solutions,"Contact the main manufacturer of industrial electric boilers and heat equipment for spas, spas, bikram centers and bakeries in Spain and Europe. Contact Us!",INDUSTRIAL ELECTRIC BOILERS,HOT YOGA Y BIKRAM,,,https://ete.es/en/contact/
https://ete.es/category/ete-europea-termica-electrica/,,Sin equivalente,Archivo de categoría del blog,text/html; charset=UTF-8,200,OK,ete - Europea Térmica Eléctrica - Thermic Electric Solutions,"La instalación de los equipos eléctricos de producción de calor de alta tecnología ETE tienen grandes beneficios como el ahorro en las facturas, gastos y emisiones. Cuentan con tecnologías fáciles de usar",CALDERAS ELÉCTRICAS INDUSTRIALES,HOT YOGA Y BIKRAM,¡Descubre la Revolución Energética!,EQUIPOS DE CALOR INDUSTRIALES: OBSOLESCENCIA,https://ete.es/category/ete-europea-termica-electrica/
https://ete.es/en/high-efficiency-thermal-oil-boilers/,https://cliente.morganmedia.es/ete/en/thermal-oil-boilers/,Aproximada,,text/html; charset=UTF-8,200,OK,High efficiency thermal oil boilers - Thermic Electric Solutions,"At ETE, we have been manufacturing high efficiency thermal oil boilers since 1977, as well as all heat production equipment. ETE also installs high efficiency thermal oil boilers and other equipment, contact an expert now!",INDUSTRIAL ELECTRIC BOILERS,HOT YOGA Y BIKRAM,What are high efficiency thermal oil boilers?,,https://ete.es/en/high-efficiency-thermal-oil-boilers/
https://ete.es/pt/tecnologia-pt/,https://cliente.morganmedia.es/ete/pt/tecnologia-de-aquecimento-eletrico-por-medida/,Exacta,,text/html; charset=UTF-8,200,OK,Tecnologia-PT - Thermic Electric Solutions,"CONSULTORÍA E INGENIERÍA PROPIARápida, competente, cercana al cliente. Garantía 2 años en calderas de agua, agua sobrecalentada, fluido térmico.TELE-ASISTENCIA.",CALDEIRAS ELETRICAS,SPA BALNEARIOS,Thermic Electric Solutions (ETE),ACONSELHAMENTO E ENGENHARIA PRÓPRIA,https://ete.es/pt/tecnologia-pt/
https://ete.es/en/industrial-electric-boilers-at-the-best-price/,https://cliente.morganmedia.es/ete/en/industrial-electric-boilers-selection-and-pricing/,Exacta,,text/html; charset=UTF-8,200,OK,Industrial electric boilers at the best price - Thermic Electric Solutions,"Having quality equipment for heat production is very important in a home as well as in a commercial space or business. At our company, we manufacture industrial electric boilers at the best price, featuring exclusive 100% efficient technology and guaranteed long life without breakdowns.",INDUSTRIAL ELECTRIC BOILERS,HOT YOGA Y BIKRAM,Wide Catalog of Industrial Electric Boilers at the Best Price,,https://ete.es/en/industrial-electric-boilers-at-the-best-price/
https://ete.es/pt/spa-balnearios/equipamentos-para-banhos-turcos/,https://cliente.morganmedia.es/ete/pt/productos/equipamentos-para-banho-turco/,Exacta,,text/html; charset=UTF-8,200,OK,Generadores de vapor para Baño Turco - Thermic Electric Solutions,Somos fabricantes de equipos y generadores de vapor para Baños Turcos. Miles de Balnearios y Spas en todo el mundo confían nuestra tecnología por el mínimo de averías y facilidad de mantenimiento de los equipos. ¡Visítenos!,CALDEIRAS ELETRICAS,SPA BALNEARIOS,GERADORES DE VAPOR PARA BANHOS TURCOS DA ETE,,https://ete.es/pt/spa-balnearios/equipamentos-para-banhos-turcos/
https://ete.es/tag/calderas-electricas-2/,,Sin equivalente,Archivo de etiqueta del blog,text/html; charset=UTF-8,200,OK,Calderas eléctricas al mejor precio - Thermic Electric Solutions,Desde 1990 esta cambiando el paradigma del costo de las energías con la incorporación de las renovables para producir electricidad.,CALDERAS ELÉCTRICAS INDUSTRIALES,HOT YOGA Y BIKRAM,"CALOR, ELECTRICIDAD, INGENIERIAS","Calderas industriales Ete, tecnología del siglo XXI",https://ete.es/tag/calderas-electricas-2/
https://ete.es/en/electric-boilers/thermal-oil-boiler-300c/,https://cliente.morganmedia.es/ete/en/productos/thermal-oil-at-350-c/,Exacta,,text/html; charset=UTF-8,200,OK,Industrial thermal oil boilers - Thermic Electric Solutions,"At ETE we have specialized in the design and manufacture of 300º industrial thermal oil boilers. We manufacture safe and efficient industrial thermal oil boilers, like the rest of our electrical equipment for heat production.",INDUSTRIAL ELECTRIC BOILERS,HOT YOGA Y BIKRAM,Technology to ensure hot service and long life without breakdowns.,2 year warranty - easy installation - low cost maintenance,https://ete.es/en/electric-boilers/thermal-oil-boiler-300c/
https://ete.es/wp-content/uploads/2020/02/division-calderas.jpg,,Sin equivalente,"Recurso (CSS, JS o imagen), no es una página",image/jpeg,200,OK,,,,,,,
https://ete.es/wp-content/uploads/elementor/css/post-135.css?ver=1786546329,,Sin equivalente,"Recurso (CSS, JS o imagen), no es una página",text/css,200,OK,,,,,,,
https://ete.es/en/spa-wellness/bithermal-tunnel/,https://cliente.morganmedia.es/ete/en/productos/hot-and-cold-water-tunnel/,Exacta,,text/html; charset=UTF-8,200,OK,Shower installer manufacturer Bithermal tunnel - Thermic Electric Solutions,"We manufacture equipment for the installation of a bithermal shower tunnel with a large shower, water spray, shower cube and water spray with water-soluble oils. Contact Us!",INDUSTRIAL ELECTRIC BOILERS,HOT YOGA Y BIKRAM,Bithermal tunnel,,https://ete.es/en/spa-wellness/bithermal-tunnel/
https://ete.es/en/industrial-steam-boilers/,https://cliente.morganmedia.es/ete/en/steam-boilers/,Aproximada,,text/html; charset=UTF-8,200,OK,Industrial steam boilers - Thermic Electric Solutions,"Industrial steam boilers manufactured by ETE have many advantages such as efficiency and performance. Contact an ETE expert for the installation of the best industrial steam boilers on the market, come in!",INDUSTRIAL ELECTRIC BOILERS,HOT YOGA Y BIKRAM,Why install a steam boiler?,,https://ete.es/en/industrial-steam-boilers/
https://ete.es/wp-content/uploads/2020/01/yoga-1.png,,Sin equivalente,"Recurso (CSS, JS o imagen), no es una página",image/png,200,OK,,,,,,,
https://ete.es/wp-content/uploads/elementor/css/post-1766.css?ver=1786356621,,Sin equivalente,"Recurso (CSS, JS o imagen), no es una página",text/css,200,OK,,,,,,,
https://ete.es/wp-content/uploads/elementor/css/post-10556.css?ver=1786354612,,Sin equivalente,"Recurso (CSS, JS o imagen), no es una página",text/css,200,OK,,,,,,,
https://ete.es/wp-content/uploads/elementor/css/post-1816.css?ver=1786364685,,Sin equivalente,"Recurso (CSS, JS o imagen), no es una página",text/css,200,OK,,,,,,,
https://ete.es/wp-content/uploads/carbonneutral-ete-1.png,,Sin equivalente,"Recurso (CSS, JS o imagen), no es una página",image/png,200,OK,,,,,,,
https://ete.es/en/spa-wellness/air-treatment-equipment/,https://cliente.morganmedia.es/ete/en/productos/air-treatment-equipment/,Exacta,,text/html; charset=UTF-8,200,OK,Manufacturer of ventilation and air treatment equipment - ETE,"The air treatment equipment is ideal for residential and commercial applications and offers concrete energy savings in forced ventilation installations, using a static exchanger made of aluminum that saves more than 50% of the local thermal energy.",INDUSTRIAL ELECTRIC BOILERS,HOT YOGA Y BIKRAM,ETE AIR-TREATMENT EQUIPMENT,,https://ete.es/en/spa-wellness/air-treatment-equipment/
https://ete.es/comprar-calderas-industriales-con-coste-cero/,,Sin equivalente,Entrada del blog (el sitio nuevo no tiene blog),text/html; charset=UTF-8,200,OK,COMPRAR CALDERAS INDUSTRIALES,"Si está pensando en comprar calderas industriales para ahorrar en costes, piense en la tecnología del siglo XXI, piense en calderas eléctricas ETE.",CALDERAS ELÉCTRICAS INDUSTRIALES,HOT YOGA Y BIKRAM,Entradas recomendadas,,https://ete.es/comprar-calderas-industriales-con-coste-cero/
https://ete.es/en/bikram-yoga-2/,,Sin equivalente,Entrada del blog (el sitio nuevo no tiene blog),text/html; charset=UTF-8,200,OK,Bikram Yoga Experience,I did start practicing Bikram Yoga in the first months of 2015. I go to Bikram Hot Yoga Rosales twice a week.,INDUSTRIAL ELECTRIC BOILERS,HOT YOGA Y BIKRAM,Recommended Posts,,https://ete.es/en/bikram-yoga-2/
https://ete.es/wp-content/uploads/elementor/css/post-10561.css?ver=1786353735,,Sin equivalente,"Recurso (CSS, JS o imagen), no es una página",text/css,200,OK,,,,,,,
https://ete.es/wp-content/uploads/2024/01/panaderias.jpg,,Sin equivalente,"Recurso (CSS, JS o imagen), no es una página",image/jpeg,200,OK,,,,,,,
https://ete.es/wp-content/plugins/jet-elements/assets/css/skin/jet-timeline.css?ver=2.8.1.1,,Sin equivalente,"Recurso (CSS, JS o imagen), no es una página",text/css,200,OK,,,,,,,
https://ete.es/calentador-electrico-piscina/,,Sin equivalente,Entrada del blog (el sitio nuevo no tiene blog),text/html; charset=UTF-8,200,OK,CALENTADOR ELÉCTRICO PARA PISCINA - ETE,Calentador eléctrico para piscina: Calentar una piscina de 500m3 a 26ºC cubierta o descubierta con necesita una potencia de 36Kw. Calentador piscina. ¡Visítanos!,CALDERAS ELÉCTRICAS INDUSTRIALES,HOT YOGA Y BIKRAM,Entradas recomendadas,,https://ete.es/calentador-electrico-piscina/
https://ete.es/en/bakery/electric-steam-boiler/,https://cliente.morganmedia.es/ete/en/productos/steam-generators/,Exacta,,text/html; charset=UTF-8,200,OK,Factory of steam boilers for bakery ovens - Thermic Electric Solutions,The steam boilers for bakery ovens that we manufacture guarantee heat service and a long service life without breakdowns. Steam boilers for bakery ovens have been installed in hundreds of bakeries in the last 35 years.,INDUSTRIAL ELECTRIC BOILERS,HOT YOGA Y BIKRAM,TECHNOLOGY TO GUARANTEE HEAT SERVICE AND A LONG LIFE WITHOUT BREAKDOWNS,,https://ete.es/en/bakery/electric-steam-boiler/
https://ete.es/pt/spa-balnearios/duche-inicial/,https://cliente.morganmedia.es/ete/pt/productos/duche-inicial/,Exacta,,text/html; charset=UTF-8,200,OK,Instalación Duche Inicial para balnearios - Thermic Electric Solutions,Fabricamos e instalamos duchas de inicio del circuito termal para SPA y Balneario. Se instala a la entrada de la zona de aguas.Construida en acero inoxidable y metacrilato. Incluye monomando de apertura y rociador.,CALDEIRAS ELETRICAS,SPA BALNEARIOS,DUCHE DE ACESSO,,https://ete.es/pt/spa-balnearios/duche-inicial/
https://ete.es/wp-content/uploads/2020/03/caldera-agua-110C-1024x678.jpg,,Sin equivalente,"Recurso (CSS, JS o imagen), no es una página",image/jpeg,200,OK,,,,,,,
https://ete.es/quien-recomienda-electricidad-para-producir-calor/,,Sin equivalente,Entrada del blog (el sitio nuevo no tiene blog),text/html; charset=UTF-8,200,OK,Quién recomienda electricidad para producir calor - Thermic Electric Solutions,Desde 1977 hemos desarrollado tecnología exclusiva que nos permite ofrecer soluciones eléctricas de alta eficiencia para producir calor con electricidad.,CALDERAS ELÉCTRICAS INDUSTRIALES,HOT YOGA Y BIKRAM,Entradas recomendadas,,https://ete.es/quien-recomienda-electricidad-para-producir-calor/
https://ete.es/wp-content/uploads/elementor/css/post-9445.css?ver=1786557103,,Sin equivalente,"Recurso (CSS, JS o imagen), no es una página",text/css,200,OK,,,,,,,
https://ete.es/en/spa-wellness/cold-water-etecooler/,https://cliente.morganmedia.es/ete/en/productos/etecooler-chiller/,Exacta,,text/html; charset=UTF-8,200,OK,Cold Water Etecooler for toning pools and bithermal showers,Cold Water Etecooler for toning pools and bithermal showers. Swimming pools with water cooled to 10ºC and bithermal showers with water at 8ºC are essential in hydrotherapy treatments.,INDUSTRIAL ELECTRIC BOILERS,HOT YOGA Y BIKRAM,COLD WATER ETECOOLER,,https://ete.es/en/spa-wellness/cold-water-etecooler/
https://ete.es/wp-content/uploads/cartelblog-4.jpg,,Sin equivalente,"Recurso (CSS, JS o imagen), no es una página",image/jpeg,200,OK,,,,,,,
https://ete.es/pt/spa-balnearios/duche-escoces-bitermico/,https://cliente.morganmedia.es/ete/pt/productos/duche-escoces-bitermico/,Exacta,,text/html; charset=UTF-8,200,OK,Instalar ducha de ciclos - Duche Escocês Bitérmico - Thermic Electric Solutions,Equipo para ducha de ciclos de agua caliente 40ºC y fría 8ºC ascendentes de pies a cabeza. Sirve para equilibrar el sistema circulatorio. Imprescindible después de tratamientos de calor.,CALDEIRAS ELETRICAS,SPA BALNEARIOS,DUCHE ESCOCÊS ÁGUA QUENTE-ÁGUA FRIA,,https://ete.es/pt/spa-balnearios/duche-escoces-bitermico/
https://ete.es/en/spa-wellness/scottish-shower/,https://cliente.morganmedia.es/ete/en/productos/hot-and-cold-scottish-shower/,Exacta,,text/html; charset=UTF-8,200,OK,Install cycle shower - Scottish Bithermal Shower - Thermic Electric Solutions,Equipment for cycles of hot water 40ºC and cold 8ºC ascending from head to toe. It serves to balance the circulatory system. Essential after heat treatments.,INDUSTRIAL ELECTRIC BOILERS,HOT YOGA Y BIKRAM,SCOTTISH BITHERMAL SHOWER,,https://ete.es/en/spa-wellness/scottish-shower/
https://ete.es/wp-content/uploads/elementor/css/post-1885.css?ver=1786703893,,Sin equivalente,"Recurso (CSS, JS o imagen), no es una página",text/css,200,OK,,,,,,,
https://ete.es/en/steam-boiler-prices/,https://cliente.morganmedia.es/ete/en/steam-boiler-prices/,Exacta,,text/html; charset=UTF-8,200,OK,Steam boiler prices - Thermic Electric Solutions,"At our company, we use the latest technologies to manufacture our products and offer our customers very good prices on steam boilers. Additionally, our years of experience have shown that our electric boilers can generate savings of over 50% .",INDUSTRIAL ELECTRIC BOILERS,HOT YOGA Y BIKRAM,The Best Prices in Steam Boilers,,https://ete.es/en/steam-boiler-prices/
https://ete.es/tag/instalacion-calderas-electricas/,,Sin equivalente,Archivo de etiqueta del blog,text/html; charset=UTF-8,200,OK,instalación calderas eléctricas archivos - Thermic Electric Solutions,instalación calderas eléctricas archivos - Thermic Electric Solutions . Calderas industriales y equipos de balnearios. ¡Entra!,CALDERAS ELÉCTRICAS INDUSTRIALES,HOT YOGA Y BIKRAM,COSTOS DE PRODUCCIÓN DE VAPOR,,https://ete.es/tag/instalacion-calderas-electricas/
https://ete.es/en/industrial-hot-water-and-dhw/domestic-hot-water-for-gyms/,https://cliente.morganmedia.es/ete/en/productos/dhw-for-gyms/,Exacta,,text/html; charset=UTF-8,200,OK,Domestic Hot Water for Gyms - Thermic Electric Solutions,We design domestic hot water equipment for gyms and sports facilities. We guarantee DHW in changing rooms with controlled energy consumption. Request your quote!,INDUSTRIAL ELECTRIC BOILERS,HOT YOGA Y BIKRAM,DHW for gyms with peak demand,How we calculate a hot water installation for a gym,https://ete.es/en/industrial-hot-water-and-dhw/domestic-hot-water-for-gyms/
https://ete.es/en/spa-wellness/spa-showers-and-contrast-circuits/,https://cliente.morganmedia.es/ete/en/productos/spa-showers-and-contrast-circuits/,Exacta,,text/html; charset=UTF-8,200,OK,Spa Showers and Contrast Circuits - Thermic Electric Solutions,"At ETE, we design and manufacture custom-made spa showers and contrast circuits for thermal spas, hotels and wellness centres. We integrate hot water, cold water, bithermal showers, mist showers, bucket showers, tunnels and technical solutions with guaranteed service. Request your quote!",INDUSTRIAL ELECTRIC BOILERS,HOT YOGA Y BIKRAM,We manufacture spa showers designed for the centre’s real use,What solutions we group within this category,https://ete.es/en/spa-wellness/spa-showers-and-contrast-circuits/
https://ete.es/en/2017/12/,,Sin equivalente,Archivo por fecha del blog,text/html; charset=UTF-8,200,OK,December 2017 - Thermic Electric Solutions,,INDUSTRIAL ELECTRIC BOILERS,HOT YOGA Y BIKRAM,Steam generator for autoclaves,Steam for autoclaves,
https://ete.es/en/spa-wellness/hot-water-for-showers/,https://cliente.morganmedia.es/ete/en/productos/hot-water-for-showers/,Exacta,,text/html; charset=UTF-8,200,OK,Hot water equipment for SPA showers and spas - Thermic Electric Solutions,"Manufacturer and installer of sanitary hot water production equipment for SPA showers and spas. If you need to save on the energy bill and guarantee the service, contact us!",INDUSTRIAL ELECTRIC BOILERS,HOT YOGA Y BIKRAM,Equipos de producción de agua caliente sanitaria ETE,How much energy do you spend heating the water in your installation?,https://ete.es/en/spa-wellness/hot-water-for-showers/
https://ete.es/pt/spa-balnearios/piscina-hidromassagem-34oc/,https://cliente.morganmedia.es/ete/pt/productos/piscina-de-hidromassagem-a-34-c/,Exacta,,text/html; charset=UTF-8,200,OK,Instalación Calentador Piscina Hidromassagem 34ºC - Thermic Electric Solutions,Fabricamos calentadores y equipos de calor para piscinas climatizadas de hidromasaje (34º). Nuestros equipos tienen una instalación sencilla y un mínimo mantenimiento con una vida útil prácticamente sin averías. Presupuesto con el mejor precio.,CALDEIRAS ELETRICAS,SPA BALNEARIOS,AQUECEDORES DE PISCINA ETE,2 ANOS DE GARANTIA - FÁCIL INSTALAÇÃO - MÍNIMA MANUTENÇÃO,https://ete.es/pt/spa-balnearios/piscina-hidromassagem-34oc/
https://ete.es/category/equipos-panaderias/,,Sin equivalente,Archivo de categoría del blog,text/html; charset=UTF-8,200,OK,Equipos Panaderías - Thermic Electric Solutions,"Los técnicos de ETE cuentan con larga experiencia en el sector de los equipo de panaderías por eso, adaptan los equipos de producción de vapor al tipo de horno que tienes.",CALDERAS ELÉCTRICAS INDUSTRIALES,HOT YOGA Y BIKRAM,FERMENTACIÓN DEL PAN,Vapor para hornos de panadería,https://ete.es/category/equipos-panaderias/
https://ete.es/wp-content/uploads/elementor/css/post-7498.css?ver=1786354129,,Sin equivalente,"Recurso (CSS, JS o imagen), no es una página",text/css,200,OK,,,,,,,
https://ete.es/equipos-calor-industriales-obsolescencia/,,Sin equivalente,Entrada del blog (el sitio nuevo no tiene blog),text/html; charset=UTF-8,200,OK,EQUIPOS DE CALOR INDUSTRIALES: OBSOLESCENCIA Equipos de calor industriales: obsolescencia,"Los equipos ete que fabrica Thermic Electric Solutions desde 1977, para producir calor con electricidad, están diseñados y construidos para que tengan una vida superior a los 30/40 años.",CALDERAS ELÉCTRICAS INDUSTRIALES,HOT YOGA Y BIKRAM,Entradas recomendadas,,https://ete.es/equipos-calor-industriales-obsolescencia/
https://ete.es/wp-content/uploads/elementor/css/post-10637.css?ver=1786356627,,Sin equivalente,"Recurso (CSS, JS o imagen), no es una página",text/css,200,OK,,,,,,,
https://ete.es/pt/spa-balnearios/duche-de-nevoa/,https://cliente.morganmedia.es/ete/pt/productos/duche-nebulizado/,Exacta,,text/html; charset=UTF-8,200,OK,Fabricante de Duche de Névoa para balnearios - Thermic Electric Solutions,"Instalación de ducha Nebulizada con cuadro de automatismos, con dos pulsadores antihumedad para agua fria o agua caliente, con 6 pulverizadores de 2,5 Litros/Minuto, todo en Acero Inoxidable repartidos en la parte superior.",CALDEIRAS ELETRICAS,SPA BALNEARIOS,Duche de Névoa,,https://ete.es/pt/spa-balnearios/duche-de-nevoa/
https://ete.es/en/industrial-hot-water-and-dhw/domestic-hot-water-for-residential-communities/,https://cliente.morganmedia.es/ete/en/productos/dhw-for-apartment-buildings/,Exacta,,text/html; charset=UTF-8,200,OK,Domestic Hot Water for Residential Communities - Thermic Electric Solutions,We design domestic hot water equipment for residential communities. We guarantee centralized DHW with stable service and controlled energy consumption. Request your quote!,INDUSTRIAL ELECTRIC BOILERS,HOT YOGA Y BIKRAM,How we size a DHW installation for a residential community,Energy savings and consumption forecast,https://ete.es/en/industrial-hot-water-and-dhw/domestic-hot-water-for-residential-communities/
https://ete.es/pt/panaderias/aparelho-de-climatizacao-para-fermentacao/,https://cliente.morganmedia.es/ete/pt/productos/camaras-de-fermentacao/,Exacta,,text/html; charset=UTF-8,200,OK,Fábrica e instalación de Aparelho de climatização para Fermentação panadería - Thermic Electric Solutions,"En ETE fabricamos e instalamos el climatizador de fermentación LAUDA para mejorar la calidad del pan y ahorrar en productos químicos, hay más de 1.500 funcionado en panaderías de España, Portugal e Italia.",CALDEIRAS ELETRICAS,SPA BALNEARIOS,EQUIPAMENTOS ETE PARA FABRICAÇÃO DE PÃO DE QUALIDADE,PÃO BOM,https://ete.es/pt/panaderias/aparelho-de-climatizacao-para-fermentacao/
https://ete.es/2020/07/,,Sin equivalente,Archivo por fecha del blog,text/html; charset=UTF-8,200,OK,julio 2020 - Thermic Electric Solutions,,CALDERAS ELÉCTRICAS INDUSTRIALES,HOT YOGA Y BIKRAM,Quién recomienda electricidad para producir calor,,
https://ete.es/que-es-bikram-hot-yoga/,,Sin equivalente,Entrada del blog (el sitio nuevo no tiene blog),text/html; charset=UTF-8,200,OK,Calor para centro Bikram Hot Yoga: Qué es Bikram Hot Yoga,"Qué es Bikram Hot Yoga? Es un ejercicio para el cuerpo y el espíritu. Trabajo el equilibrio, concentración, resistencia.",CALDERAS ELÉCTRICAS INDUSTRIALES,HOT YOGA Y BIKRAM,Entradas recomendadas,,https://ete.es/que-es-bikram-hot-yoga/
https://ete.es/en/bikram-hot-yoga/equipment-for-hot-yoga-and-bikram-studios/,https://cliente.morganmedia.es/ete/en/productos/equipment-for-yoga-studios/,Exacta,,text/html; charset=UTF-8,200,OK,Equipment for Hot Yoga and Bikram Studios - Thermic Electric Solutions,"At ETE, we design custom-made equipment for Hot Yoga and Bikram studios. Climate control, clean air, humidity control, hot water and showers with efficient solutions and technical advice since 1977. Request your quote!",INDUSTRIAL ELECTRIC BOILERS,HOT YOGA Y BIKRAM,A comprehensive solution so that your studio works well from day one,Equipment calculated according to the reality of each centre,https://ete.es/en/bikram-hot-yoga/equipment-for-hot-yoga-and-bikram-studios/
https://ete.es/en/spa-wellness/hot-couches/,https://cliente.morganmedia.es/ete/en/productos/heated-lounger/,Exacta,,text/html; charset=UTF-8,200,OK,Hot Couches - Thermic Electric Solutions,"Discover the 36º hot couches, developed by ETE that heat with an electric water boiler. Request more information about ETE products!",INDUSTRIAL ELECTRIC BOILERS,HOT YOGA Y BIKRAM,HOT COUCHES 36°C,,https://ete.es/en/spa-wellness/hot-couches/
https://ete.es/wp-content/uploads/elementor/css/post-1918.css?ver=1786364173,,Sin equivalente,"Recurso (CSS, JS o imagen), no es una página",text/css,200,OK,,,,,,,
https://ete.es/wp-content/uploads/2021/06/Equipo-electrico-ete-2.1-1024x851.jpg,,Sin equivalente,"Recurso (CSS, JS o imagen), no es una página",image/jpeg,200,OK,,,,,,,
https://ete.es/wp-content/uploads/elementor/css/post-1835.css?ver=1786366750,,Sin equivalente,"Recurso (CSS, JS o imagen), no es una página",text/css,200,OK,,,,,,,
https://ete.es/tag/caldera-de-vapor/,,Sin equivalente,Archivo de etiqueta del blog,text/html; charset=UTF-8,200,OK,caldera de vapor archivos - Thermic Electric Solutions,caldera de vapor archivos - Thermic Electric Solutions . Calderas industriales y equipos de balnearios. ¡Entra!,CALDERAS ELÉCTRICAS INDUSTRIALES,HOT YOGA Y BIKRAM,"GARANTIA, INGENIERIA AL SERVICIO DEL CLIENTE by Ete",Mantenimiento calderas industriales,https://ete.es/tag/caldera-de-vapor/
https://ete.es/en/hot-water-in-hotels-and-gyms/,https://cliente.morganmedia.es/ete/en/divisiones/industrial-hot-water-and-dhw/,Aproximada,,text/html; charset=UTF-8,200,OK,HOT WATER EQUIPMENT FOR HOTELS AND GYMS,"Since 1977 we have been manufacturing hot water equipment for hotels and gyms, to save more than 70% of energy and hot water.",INDUSTRIAL ELECTRIC BOILERS,HOT YOGA Y BIKRAM,Recommended Posts,,https://ete.es/en/hot-water-in-hotels-and-gyms/
https://ete.es/wp-content/uploads/elementor/css/post-10626.css?ver=1786319590,,Sin equivalente,"Recurso (CSS, JS o imagen), no es una página",text/css,200,OK,,,,,,,
https://ete.es/pt/spa-balnearios/duche-balde/,https://cliente.morganmedia.es/ete/pt/productos/duche-de-balde/,Exacta,,text/html; charset=UTF-8,200,OK,Equipo de Duche Balde para balnearios - Thermic Electric Solutions,"Equipo de ducha cubo con sistema de selección de temperatura de agua fabricado por ete, fabricante de equipos para balnearios, el cubo se llena en 15 segundos con agua caliente o fría. Construida en aluminio o en madera con sistema de autollenado de agua fría y caliente con botonera de selección.",CALDEIRAS ELETRICAS,SPA BALNEARIOS,Duche Balde,,https://ete.es/pt/spa-balnearios/duche-balde/
https://ete.es/en/industrial-steam-generators/,https://cliente.morganmedia.es/ete/en/industrial-steam-generators/,Exacta,,text/html; charset=UTF-8,200,OK,Industrial steam generators - Thermic Electric Solutions,"At Thermic Electric Solutions, ete, we offer the solution in industrial steam generators you need, providing you with the heat production technology used by 21st-century technicians.",INDUSTRIAL ELECTRIC BOILERS,HOT YOGA Y BIKRAM,"Ete Industrial Steam Generators, Technology Guaranteeing Service without Breakdowns",,https://ete.es/en/industrial-steam-generators/
https://ete.es/wp-content/uploads/elementor/css/post-1913.css?ver=1786365243,,Sin equivalente,"Recurso (CSS, JS o imagen), no es una página",text/css,200,OK,,,,,,,
https://www.ete.es/calderas-electricas-2/,https://cliente.morganmedia.es/ete/divisiones/division-calderas-industriales/,Exacta,URL antigua con redirección 301,text/html; charset=UTF-8,301,Moved Permanently,,,,,,,
https://ete.es/wp-content/uploads/elementor/css/post-9430.css?ver=1786638508,,Sin equivalente,"Recurso (CSS, JS o imagen), no es una página",text/css,200,OK,,,,,,,
https://ete.es/wp-content/uploads/elementor/css/post-1651.css?ver=1786361160,,Sin equivalente,"Recurso (CSS, JS o imagen), no es una página",text/css,200,OK,,,,,,,
https://ete.es/wp-content/plugins/jet-elements/assets/css/addons/jet-timeline.css?ver=2.8.1.1,,Sin equivalente,"Recurso (CSS, JS o imagen), no es una página",text/css,200,OK,,,,,,,
https://ete.es/bikram-yoga-vs-yoga/,,Sin equivalente,Entrada del blog (el sitio nuevo no tiene blog),text/html; charset=UTF-8,200,OK,Diferencias y beneficios entre BIKRAM YOGA Vs. YOGA,"Practicar Yoga es bueno, practicar Bikram Yoga es perfecto.",CALDERAS ELÉCTRICAS INDUSTRIALES,HOT YOGA Y BIKRAM,Entradas recomendadas,,https://ete.es/bikram-yoga-vs-yoga/
https://ete.es/en/spa-wellness/flotarium/,https://cliente.morganmedia.es/ete/en/productos/flotarium-flotation-pool/,Exacta,,text/html; charset=UTF-8,200,OK,Manufacturer and installer of Flotarium Flotation equipment for Spa - ETE,At ETE we manufacture flotation pools for Spas. Cement pool in which the water is heated using specific equipment from our manufacturing.,INDUSTRIAL ELECTRIC BOILERS,HOT YOGA Y BIKRAM,Flotarium,,https://ete.es/en/spa-wellness/flotarium/
https://ete.es/wp-content/uploads/2020/03/acs-hoteles-y-gimnasios.jpg,,Sin equivalente,"Recurso (CSS, JS o imagen), no es una página",image/jpeg,200,OK,,,,,,,
https://ete.es/en/spa-wellness/pool-heater-38c/,https://cliente.morganmedia.es/ete/en/productos/relaxation-pool-at-38-c/,Exacta,,text/html; charset=UTF-8,200,OK,Relaxation Pool Heater Installation - Thermic Electric Solutions,We manufacture heaters and heat equipment for heated relaxation pools (38º). Our equipment has a simple installation and minimal maintenance with a practically fault-free life. Budget with the best price.,INDUSTRIAL ELECTRIC BOILERS,HOT YOGA Y BIKRAM,POOL HEATER 38°C,2 YEAR WARRANTY - SIMPLE INSTALLATION - MINIMUM MAINTENANCE,https://ete.es/en/spa-wellness/pool-heater-38c/
https://ete.es/wp-content/uploads/2021/06/Equipo-electrico-ete-3.1-1024x570.jpg,,Sin equivalente,"Recurso (CSS, JS o imagen), no es una página",image/jpeg,200,OK,,,,,,,
https://ete.es/en/spa-wellness/humid-sauna/,https://cliente.morganmedia.es/ete/en/productos/wet-sauna/,Exacta,,text/html; charset=UTF-8,200,OK,Wet Sauna - Passive Sweating Equipment - Thermic Electric Solutions,"The ETERMAL equipment that ete manufactures since 1980 to practice passive sweating, is the evolution of sweating systems. These highly efficient wet saunas provide an ionically balanced environment, absence of electromagnetic contamination, humidity and mild temperatures, people clean, relax and improve their appearance.",INDUSTRIAL ELECTRIC BOILERS,HOT YOGA Y BIKRAM,PASSIVE SWEATING EQUIPMENT BY ete,,https://ete.es/en/spa-wellness/humid-sauna/
https://ete.es/rentabilidad-centros-bikram-hot-yoga/,,Sin equivalente,Entrada del blog (el sitio nuevo no tiene blog),text/html; charset=UTF-8,200,OK,RENTABILIDAD CENTROS BIKRAM HOT YOGA,Para que los Centros Bikram Hot Yoga sean rentables el gasto de energía no puede superar los 600€/mes. Póngase en contacto con los técnicos de ETE.,CALDERAS ELÉCTRICAS INDUSTRIALES,HOT YOGA Y BIKRAM,Entradas recomendadas,,https://ete.es/rentabilidad-centros-bikram-hot-yoga/
https://ete.es/pt/bikram-pt/,https://cliente.morganmedia.es/ete/pt/divisiones/hot-yoga-bikram-2/,Exacta,,text/html; charset=UTF-8,200,OK,Equipos de calor para tu sala Bikram-Hot Yoga - Thermic Electric Solutions,"Benefíciate de nuestra experiencia fabricando equipos de calor para construir tu centro Bikram Yoga - Hot Yoga. Podemos diseñar tu centro Bikram Yoga, asesorarte y suministrarte los equipos de calor. Soluciones constructivas para conseguir higiene, limpieza y calidad del aire.¡Entra!",CALDEIRAS ELETRICAS,SPA BALNEARIOS,Tecnologia para construir um centro de Hot Yoga - Bikram,O centro de Yoga Bikram Barquillo foi construído com equipamento ete,https://ete.es/pt/bikram-pt/
https://ete.es/pt/calderas-electricas/aquecimento-de-instalacoes-industriais-estabelecimentos/,https://cliente.morganmedia.es/ete/pt/productos/aquecimento-de-pavilhoes-e-espacos-comerciais/,Exacta,,text/html; charset=UTF-8,200,OK,instalación de calefacción y agua caliente para naves y locales - Thermic Electric Solutions,"Thermic Electric Solutions realiza un estudio personalizado para instalar la caldera eléctrica que más le conviene a su nave o local, consiguiendo así el mayor ahorro de agua y energía para su negocio. ¡Visítenos!",CALDEIRAS ELETRICAS,SPA BALNEARIOS,QUANTA ENERGIA CONSOME NO AQUECIMENTO DA SUA INSTALAÇÃO INDUSTRIAL OU ESTABELECIMENTO?,2 ANOS DE GARANTIA - FÁCIL INSTALAÇÃO - MANUTENÇÃO MÍNIMA,https://ete.es/pt/calderas-electricas/aquecimento-de-instalacoes-industriais-estabelecimentos/
https://ete.es/agua-caliente-en-hoteles-y-gimnasios/,,Sin equivalente,Entrada del blog (el sitio nuevo no tiene blog),text/html; charset=UTF-8,200,OK,Agua caliente para duchas en hoteles y gimnasios,"El consumo que tendrá instalando las calderas eléctricas ETE será: En un hotel: 0,12€. En un gimnasio: 0,04€. Estimando el precio kwh 0,12€.",CALDERAS ELÉCTRICAS INDUSTRIALES,HOT YOGA Y BIKRAM,Entradas recomendadas,,https://ete.es/agua-caliente-en-hoteles-y-gimnasios/
https://ete.es/pt/spa-balnearios/grande-duche/,https://cliente.morganmedia.es/ete/pt/productos/duche-de-grande-caudal/,Exacta,,text/html; charset=UTF-8,200,OK,Rociador de Grande Duche para Balneario-Spa - Thermic Electric Solutions,"El rociador de 400 mm de diámetro es un equipo para balneario fabricado por ete, que provoca una sensación de suave lluvia. Para adaptar a la ducha bitérmica, ducha escocesa, ducha de aceites esenciales y ducha normal. Solicite más información sobre nuestros equipos para balnearios sin compromiso.",CALDEIRAS ELETRICAS,SPA BALNEARIOS,Grande Duche,,https://ete.es/pt/spa-balnearios/grande-duche/
https://ete.es/wp-includes/css/dashicons.min.css?ver=6.9.7,,Sin equivalente,"Recurso (CSS, JS o imagen), no es una página",text/css,200,OK,,,,,,,
https://ete.es/en/electric-boilers/,https://cliente.morganmedia.es/ete/en/divisiones/custom-industrial-electric-boilers/,Exacta,,text/html; charset=UTF-8,200,OK,Factory and sale of Electric Industrial Boiler - Thermic Electric Solutions,"If you are looking to buy the best electric industrial boiler visit us. At ETE we have been manufacturing custom industrial electric boilers since 1977, offering the best factory price, without intermediaries. Request a quote!",INDUSTRIAL ELECTRIC BOILERS,HOT YOGA Y BIKRAM,TECHNOLOGY TO GUARANTEE HEATING SERVICE AND A LONG LIFE WITHOUT BREAKDOWNS.,FAQs,https://ete.es/en/electric-boilers/
https://ete.es/wp-content/uploads/elementor/css/post-32.css?ver=1786362350,,Sin equivalente,URL técnica de wp-content,text/html; charset=UTF-8,404,Not Found,,,,,,,
https://ete.es/pt/spa-balnearios/sauna-humida/,https://cliente.morganmedia.es/ete/pt/productos/sauna-humida/,Exacta,,text/html; charset=UTF-8,200,OK,Sauna Húmida - Equipo de sudoración pasiva - Thermic Electric Solutions,"Los equipos ETERMAL que fabrica ete desde 1980 para practicar la sudoración pasiva, es la evolución de los sistemas de sudoración. Estas saunas húmedas de gran eficiencia proporcionan un ambiente iónicamente equilibrado, ausencia de contaminación electromagnética, una humedad y temperaturas suaves las personas se limpian, relajan y mejoran su aspecto.",CALDEIRAS ELETRICAS,SPA BALNEARIOS,EQUIPAMENTO DE SUDAÇÃO PASSIVA BALNEÁRIOS,,https://ete.es/pt/spa-balnearios/sauna-humida/
https://ete.es/el-negocio-de-los-spa-balneario/,,Sin equivalente,Entrada del blog (el sitio nuevo no tiene blog),text/html; charset=UTF-8,200,OK,EL NEGOCIO DE LOS SPA BALNEARIO,El negocio de los spa balneario es rentable siempre que el centro reúna las condiciones para que la experiencia del usuario sea en beneficio de su bienestar.,CALDERAS ELÉCTRICAS INDUSTRIALES,HOT YOGA Y BIKRAM,Entradas recomendadas,,https://ete.es/el-negocio-de-los-spa-balneario/
https://ete.es/wp-content/uploads/2021/01/caldera-vapor-210C.jpg,,Sin equivalente,"Recurso (CSS, JS o imagen), no es una página",image/jpeg,200,OK,,,,,,,
https://ete.es/en/electric-boilers/steam-boiler-210c/,https://cliente.morganmedia.es/ete/en/productos/steam-at-210-c/,Exacta,,text/html; charset=UTF-8,200,OK,Steam Boiler - 210 º C Industrial Steam Generators - ETE,Our industrial steam generators produce steam up to 210ºC with the heat production technology used by 21st century technicians. Steam boilers with all the guarantees and the best price for your company.,INDUSTRIAL ELECTRIC BOILERS,HOT YOGA Y BIKRAM,Technology to ensure hot service and long life without breakdowns.,2 year warranty - easy installation - low cost maintenance,https://ete.es/en/electric-boilers/steam-boiler-210c/
https://ete.es/wp-content/uploads/elementor/css/post-1790.css?ver=1786355098,,Sin equivalente,"Recurso (CSS, JS o imagen), no es una página",text/css,200,OK,,,,,,,
https://ete.es/en/steam-boilers/,https://cliente.morganmedia.es/ete/en/steam-boilers/,Exacta,,text/html; charset=UTF-8,200,OK,Steam Boilers - Thermic Electric Solutions,At ETE we manufacture electrical heat production equipment such as steam boilers with electrical heating or the burning of certain fuels. Use steam boilers in different types of industry. Required information!,INDUSTRIAL ELECTRIC BOILERS,HOT YOGA Y BIKRAM,,,https://ete.es/en/steam-boilers/
https://ete.es/wp-content/uploads/elementor/css/post-9454.css?ver=1786466535,,Sin equivalente,"Recurso (CSS, JS o imagen), no es una página",text/css,200,OK,,,,,,,
https://www.ete.es/,https://cliente.morganmedia.es/ete/,Exacta,URL antigua con redirección 301,text/html; charset=UTF-8,301,Moved Permanently,,,,,,,
https://ete.es/en/electric-boilers/custom-made-electric-boilers/,https://cliente.morganmedia.es/ete/en/productos/custom-boilers/,Exacta,,text/html; charset=UTF-8,200,OK,Custom-Made Electric Boilers - Thermic Electric Solutions,"We have been manufacturing custom-made electric boilers since 1977. We design equipment with the exact power for water, steam, thermal oil and industrial processes, with a written guarantee of the heat service. Request your quote!",INDUSTRIAL ELECTRIC BOILERS,HOT YOGA Y BIKRAM,Manufacturer of custom-made electric boilers for every process,What advantages does a custom-made electric boiler offer?,https://ete.es/en/electric-boilers/custom-made-electric-boilers/
https://ete.es/wp-content/uploads/Benefíciate-de-las-soluciones-y-sistemas-ete.jpg,,Sin equivalente,"Recurso (CSS, JS o imagen), no es una página",image/jpeg,200,OK,,,,,,,
https://ete.es/author/ete-colab/,,Sin equivalente,Archivo de autor del blog,text/html; charset=UTF-8,200,OK,"ete-colab, autor en Thermic Electric Solutions","ete-colab, autor en Thermic Electric Solutions",CALDERAS ELÉCTRICAS INDUSTRIALES,HOT YOGA Y BIKRAM,¿CÓMO AHORRAR ENERGÍA EN CASA?,,https://ete.es/author/ete-colab/
https://ete.es/tag/enfriadora-agua-duchas/,,Sin equivalente,Archivo de etiqueta del blog,text/html; charset=UTF-8,200,OK,enfriadora agua duchas archivos - Thermic Electric Solutions,enfriadora agua duchas archivos - Thermic Electric Solutions . Calderas industriales y equipos de balnearios. ¡Entra!,CALDERAS ELÉCTRICAS INDUSTRIALES,HOT YOGA Y BIKRAM,Equipos para Piscinas,,https://ete.es/tag/enfriadora-agua-duchas/
https://ete.es/tag/calefaccion-para-naves/,,Sin equivalente,Archivo de etiqueta del blog,text/html; charset=UTF-8,200,OK,calefacción para naves archivos - Thermic Electric Solutions,calefacción para naves archivos - Thermic Electric Solutions . Calderas industriales y equipos de balnearios. ¡Entra!,CALDERAS ELÉCTRICAS INDUSTRIALES,HOT YOGA Y BIKRAM,Vapor en la industria alimentaria,,https://ete.es/tag/calefaccion-para-naves/
https://ete.es/tag/agua-para-las-duchas/,,Sin equivalente,Archivo de etiqueta del blog,text/html; charset=UTF-8,200,OK,agua para las duchas archivos - Thermic Electric Solutions,agua para las duchas archivos - Thermic Electric Solutions . Calderas industriales y equipos de balnearios. ¡Entra!,CALDERAS ELÉCTRICAS INDUSTRIALES,HOT YOGA Y BIKRAM,Vapor en la industria alimentaria,,https://ete.es/tag/agua-para-las-duchas/
https://ete.es/wp-content/uploads/elementor/css/post-11195.css?ver=1786589684,,Sin equivalente,URL técnica de wp-content,text/html; charset=UTF-8,404,Not Found,,,,,,,
https://ete.es/wp-content/uploads/elementor/css/post-6042.css?ver=1786353289,,Sin equivalente,"Recurso (CSS, JS o imagen), no es una página",text/css,200,OK,,,,,,,
https://ete.es/wp-content/uploads/elementor/css/post-7436.css?ver=1786359500,,Sin equivalente,URL técnica de wp-content,text/html; charset=UTF-8,404,Not Found,,,,,,,
https://ete.es/hot-yoga40-sevilla/,,Sin equivalente,Entrada del blog (el sitio nuevo no tiene blog),text/html; charset=UTF-8,200,OK,Hot Yoga40 Sevilla - Thermic Electric Solutions,En Europea Térmica Eléctrica se ha implicado en el proyecto Hot Yoga aportando equipos y soluciones constructivas. El centro tiene aire respirable y el gasto de energía no superará los 600€ mes.,CALDERAS ELÉCTRICAS INDUSTRIALES,HOT YOGA Y BIKRAM,Entradas recomendadas,,https://ete.es/hot-yoga40-sevilla/
https://ete.es/tag/duchas-temporizadas/,,Sin equivalente,Archivo de etiqueta del blog,text/html; charset=UTF-8,200,OK,duchas temporizadas archivos - Thermic Electric Solutions,duchas temporizadas archivos - Thermic Electric Solutions . Calderas industriales y equipos de balnearios. ¡Entra!,CALDERAS ELÉCTRICAS INDUSTRIALES,HOT YOGA Y BIKRAM,Equipos para Piscinas,Ahorrar agua en duchas,https://ete.es/tag/duchas-temporizadas/
https://ete.es/wp-content/uploads/elementor/css/post-6377.css?ver=1786357028,,Sin equivalente,URL técnica de wp-content,text/html; charset=UTF-8,404,Not Found,,,,,,,
https://ete.es/wp-content/uploads/elementor/css/post-8965.css?ver=1786473693,,Sin equivalente,URL técnica de wp-content,text/html; charset=UTF-8,404,Not Found,,,,,,,
https://ete.es/tag/vapor-limpio/,,Sin equivalente,Archivo de etiqueta del blog,text/html; charset=UTF-8,200,OK,vapor limpio archivos - Thermic Electric Solutions,vapor limpio archivos - Thermic Electric Solutions . Calderas industriales y equipos de balnearios. ¡Entra!,CALDERAS ELÉCTRICAS INDUSTRIALES,HOT YOGA Y BIKRAM,COSTOS PRODUCCIÓN DE VAPOR,,https://ete.es/tag/vapor-limpio/
https://ete.es/tag/calderas-de-aceite-termico/,,Sin equivalente,Archivo de etiqueta del blog,text/html; charset=UTF-8,200,OK,calderas de aceite térmico archivos - Thermic Electric Solutions,calderas de aceite térmico archivos - Thermic Electric Solutions . Calderas industriales y equipos de balnearios. ¡Entra!,CALDERAS ELÉCTRICAS INDUSTRIALES,HOT YOGA Y BIKRAM,Producir calor con tecnología 10,Calderas Industriales Económicas,https://ete.es/tag/calderas-de-aceite-termico/
https://ete.es/tag/producir-calor-en-la-industria/,,Sin equivalente,Archivo de etiqueta del blog,text/html; charset=UTF-8,200,OK,producir calor en la industria archivos - Thermic Electric Solutions,producir calor en la industria archivos - Thermic Electric Solutions . Calderas industriales y equipos de balnearios. ¡Entra!,CALDERAS ELÉCTRICAS INDUSTRIALES,HOT YOGA Y BIKRAM,Moldes plásticos: calentamiento y enfriamiento,Soluciones de calor en la industria de la madera,https://ete.es/tag/producir-calor-en-la-industria/
https://ete.es/tag/produccion-de-vapor/,,Sin equivalente,Archivo de etiqueta del blog,text/html; charset=UTF-8,200,OK,producción de vapor archivos - Thermic Electric Solutions,producción de vapor archivos - Thermic Electric Solutions . Calderas industriales y equipos de balnearios. ¡Entra!,CALDERAS ELÉCTRICAS INDUSTRIALES,HOT YOGA Y BIKRAM,COSTOS DE PRODUCCIÓN DE AGUA CALIENTE,,https://ete.es/tag/produccion-de-vapor/
https://ete.es/tag/caldera-matadero/,,Sin equivalente,Archivo de etiqueta del blog,text/html; charset=UTF-8,200,OK,caldera matadero archivos - Thermic Electric Solutions,caldera matadero archivos - Thermic Electric Solutions . Calderas industriales y equipos de balnearios. ¡Entra!,CALDERAS ELÉCTRICAS INDUSTRIALES,HOT YOGA Y BIKRAM,"Calderas Industriales, producción de calor en mataderos",,https://ete.es/tag/caldera-matadero/
https://ete.es/category/ete-europea-termica-electrica/page/2/,,Sin equivalente,Archivo de categoría del blog,text/html; charset=UTF-8,200,OK,ete - Europea Térmica Eléctrica - Página 2 de 5 - Thermic Electric Solutions,"La instalación de los equipos eléctricos de producción de calor de alta tecnología ETE tienen grandes beneficios como el ahorro en las facturas, gastos y emisiones. Cuentan con tecnologías fáciles de usar- Página 2 de 5",CALDERAS ELÉCTRICAS INDUSTRIALES,HOT YOGA Y BIKRAM,LA TERMOTECNIA VS CUMBRE CAMBIO CLIMATICO 2019,GEOTERMIA-AEROTERMIA que es,https://ete.es/category/ete-europea-termica-electrica/page/2/
https://ete.es/vapor-en-la-industria/,,Sin equivalente,Entrada del blog (el sitio nuevo no tiene blog),text/html; charset=UTF-8,200,OK,Caldera de Vapor Industrial - Thermic Electric Solutions,"Utilizando la caldera de vapor industrial ETE, se eliminan las redes de distribución, pues en cada punto de consumo se instalará la caldera con la potencia y temperatura de ese proceso.",CALDERAS ELÉCTRICAS INDUSTRIALES,HOT YOGA Y BIKRAM,Entradas recomendadas,,https://ete.es/vapor-en-la-industria/
https://ete.es/calefaccion-para-naves/,,Sin equivalente,Entrada del blog (el sitio nuevo no tiene blog),text/html; charset=UTF-8,200,OK,Calefacción para Naves Industriales,"Para dar servicio de calefacción en naves industriales recomiendo equipos de acumulación de calor Eteracional, consumen kwh solo de tarifa eléctrica valle.",CALDERAS ELÉCTRICAS INDUSTRIALES,HOT YOGA Y BIKRAM,Entradas recomendadas,,https://ete.es/calefaccion-para-naves/
https://ete.es/trucos-de-decoracion-para-reducir-tu-factura-energetica/,,Sin equivalente,Entrada del blog (el sitio nuevo no tiene blog),text/html; charset=UTF-8,200,OK,Trucos de decoración para reducir tu factura energética,En este artículo te contamos los mejores trucos decorativos para ahorrar en tu factura eléctrica. ¡Descubre cómo!,CALDERAS ELÉCTRICAS INDUSTRIALES,HOT YOGA Y BIKRAM,¿Qué tarifas de energía escoger?,Trucos en la decoración,https://ete.es/trucos-de-decoracion-para-reducir-tu-factura-energetica/
https://ete.es/en/home,https://cliente.morganmedia.es/ete/en/home/,Exacta,URL antigua con redirección 301,text/html; charset=UTF-8,301,Moved Permanently,,,,,,,
https://ete.es/construir-centro-bikram-hot-yoga/,https://cliente.morganmedia.es/ete/divisiones/division-hot-yoga-bikram/,Aproximada,URL antigua con redirección 301,text/html; charset=UTF-8,301,Moved Permanently,,,,,,,
https://ete.es/wp-content/uploads/elementor/css/post-6188.css?ver=1786321431,,Sin equivalente,URL técnica de wp-content,text/html; charset=UTF-8,404,Not Found,,,,,,,
https://ete.es/wp-content/uploads/elementor/css/post-8929.css?ver=1786433929,,Sin equivalente,URL técnica de wp-content,text/html; charset=UTF-8,404,Not Found,,,,,,,
https://ete.es/bikram-hot-yoga-rosales/,,Sin equivalente,Entrada del blog (el sitio nuevo no tiene blog),text/html; charset=UTF-8,200,OK,Bikram Hot Yoga,"Hacer un centro de Bikram Hot Yoga con una superficie de 200m2 requiere una inversión aproximada de 200.000€, es un negocio rentable. Se puede hacer con inversiones más bajas pero en mi opinión nunca será rentable pues las instalaciones no cubrirán las necesidades que requiere este ejercicio.",CALDERAS ELÉCTRICAS INDUSTRIALES,HOT YOGA Y BIKRAM,Entradas recomendadas,,https://ete.es/bikram-hot-yoga-rosales/
https://ete.es/tag/caldera-vapor/,,Sin equivalente,Archivo de etiqueta del blog,text/html; charset=UTF-8,200,OK,caldera vapor archivos - Thermic Electric Solutions,caldera vapor archivos - Thermic Electric Solutions . Calderas industriales y equipos de balnearios. ¡Entra!,CALDERAS ELÉCTRICAS INDUSTRIALES,HOT YOGA Y BIKRAM,CALDERAS VAPOR INDUSTRIA ALIMENTARIA,"Calderas Industriales, producción de calor en mataderos",https://ete.es/tag/caldera-vapor/
https://ete.es/wp-content/uploads/elementor/css/post-6238.css?ver=1786358740,,Sin equivalente,"Recurso (CSS, JS o imagen), no es una página",text/css,200,OK,,,,,,,
https://ete.es/wp-content/uploads/elementor/css/post-9721.css?ver=1786801608,,Sin equivalente,URL técnica de wp-content,text/html; charset=UTF-8,404,Not Found,,,,,,,
https://ete.es/tag/caldera-de-agua/,,Sin equivalente,Archivo de etiqueta del blog,text/html; charset=UTF-8,200,OK,caldera de agua archivos - Thermic Electric Solutions,caldera de agua archivos - Thermic Electric Solutions . Calderas industriales y equipos de balnearios. ¡Entra!,CALDERAS ELÉCTRICAS INDUSTRIALES,HOT YOGA Y BIKRAM,Mantenimiento calderas industriales,Vapor en la industria alimentaria,https://ete.es/tag/caldera-de-agua/
https://ete.es/calderas-industriales-economicas/,,Sin equivalente,Entrada del blog (el sitio nuevo no tiene blog),text/html; charset=UTF-8,200,OK,Calderas Industriales Económicas,"Las calderas eléctricas ETE que fabrican desde 1977 son calderas industriales económicas: larga vida útil, mínimo gasto de mantenimiento y gestión.",CALDERAS ELÉCTRICAS INDUSTRIALES,HOT YOGA Y BIKRAM,Entradas recomendadas,,https://ete.es/calderas-industriales-economicas/
https://ete.es/calcule-consumo-agua-cominidad-de-vecinos/,,Sin equivalente,Entrada del blog (el sitio nuevo no tiene blog),text/html; charset=UTF-8,200,OK,Equipo Agua Caliente para Comunidad de Vecinos,"Los equipos de agua caliente diseñados y fabricados por ete, son eléctricos, de bajo consumo energético y una vida útil superior a 25 años",CALDERAS ELÉCTRICAS INDUSTRIALES,HOT YOGA Y BIKRAM,Entradas recomendadas,,https://ete.es/calcule-consumo-agua-cominidad-de-vecinos/
https://ete.es/tag/agua-caliente-gimnasios/,,Sin equivalente,Archivo de etiqueta del blog,text/html; charset=UTF-8,200,OK,agua caliente gimnasios - Thermic Electric Solutions,Las calderas eléctricas ETE de alta eficiencia pueden trabajar durante las 24 horas los 365 días del año y beneficiar al consumidor. ¡Solicita información al equipo ETE sin compromiso!,CALDERAS ELÉCTRICAS INDUSTRIALES,HOT YOGA Y BIKRAM,COSTOS DE PRODUCCIÓN DE AGUA CALIENTE,,https://ete.es/tag/agua-caliente-gimnasios/
https://ete.es/category/calderas-electricas/page/3/,,Sin equivalente,Archivo de categoría del blog,text/html; charset=UTF-8,200,OK,Calderas Eléctricas para producir calor - Página 3 de 17 - Thermic Electric Solutions,"En ETE te informamos y recomendamos como utilizar la electricidad para producir calor. Somos especialistas en el sector, con muchos años de experiencia. ¡Contáctanos ahora! - Página 3 de 17",CALDERAS ELÉCTRICAS INDUSTRIALES,HOT YOGA Y BIKRAM,CAMBIAR CALDERA,CONTAMINACION Y LA SALUD,https://ete.es/category/calderas-electricas/page/3/
https://ete.es/wp-content/uploads/elementor/css/post-6392.css?ver=1786357497,,Sin equivalente,URL técnica de wp-content,text/html; charset=UTF-8,404,Not Found,,,,,,,
https://ete.es/wp-content/uploads/elementor/css/post-9015.css?ver=1786800689,,Sin equivalente,URL técnica de wp-content,text/html; charset=UTF-8,404,Not Found,,,,,,,
https://ete.es/tag/spa/,,Sin equivalente,Archivo de etiqueta del blog,text/html; charset=UTF-8,200,OK,SPA archivos - Thermic Electric Solutions,SPA archivos - Thermic Electric Solutions . Calderas industriales y equipos de balnearios. ¡Entra!,CALDERAS ELÉCTRICAS INDUSTRIALES,HOT YOGA Y BIKRAM,Asesoramiento para Spa-Balneario,PORQUE INVERTIR EN BALNEARIOS-SPA,https://ete.es/tag/spa/
https://ete.es/en/category/uncategorized/,,Sin equivalente,Archivo de categoría del blog,text/html; charset=UTF-8,200,OK,Uncategorized archivos - Thermic Electric Solutions,Uncategorized archivos - Thermic Electric Solutions,INDUSTRIAL ELECTRIC BOILERS,HOT YOGA Y BIKRAM,Bikram Yoga Vs. Yoga,Bikram Yoga,https://ete.es/en/category/uncategorized/
https://ete.es/wp-content/uploads/elementor/css/post-7426.css?ver=1786367766,,Sin equivalente,"Recurso (CSS, JS o imagen), no es una página",text/css,200,OK,,,,,,,
https://ete.es/fermentacion-del-pan/,,Sin equivalente,Entrada del blog (el sitio nuevo no tiene blog),text/html; charset=UTF-8,200,OK,Fermentación del pan,"Los panaderos que elaboren pan en cámaras de fermentación con climatizadores Lauda ETE, podrán hacer un pan con aroma, sabor, conservación y valor nutricional.",CALDERAS ELÉCTRICAS INDUSTRIALES,HOT YOGA Y BIKRAM,Entradas recomendadas,,https://ete.es/fermentacion-del-pan/
https://ete.es/category/ete-europea-termica-electrica/page/3/,,Sin equivalente,Archivo de categoría del blog,text/html; charset=UTF-8,200,OK,ete - Europea Térmica Eléctrica - Página 3 de 5 - Thermic Electric Solutions,"La instalación de los equipos eléctricos de producción de calor de alta tecnología ETE tienen grandes beneficios como el ahorro en las facturas, gastos y emisiones. Cuentan con tecnologías fáciles de usar- Página 3 de 5",CALDERAS ELÉCTRICAS INDUSTRIALES,HOT YOGA Y BIKRAM,AUTOCONSUMO Y PRODUCCIÓN DE CALOR,IDAE-RITE-CALEFACCIÓN,https://ete.es/category/ete-europea-termica-electrica/page/3/
https://ete.es/calentar-agua-de-piscina/,,Sin equivalente,Entrada del blog (el sitio nuevo no tiene blog),text/html; charset=UTF-8,200,OK,Calentar agua de piscina - Bomba calor piscina - ETE,Calentar agua de piscina.- El sistema más seguro y económico es el calentamiento de las piscinas es con calderas eléctricas ETE de alta tecnología. Infórmate sobre las bombas de calor para piscinas. ¡No esperes más!,CALDERAS ELÉCTRICAS INDUSTRIALES,HOT YOGA Y BIKRAM,Entradas recomendadas,,https://ete.es/calentar-agua-de-piscina/
https://ete.es/producir-calor-en-la-industria-descarbonizacion/,,Sin equivalente,Entrada del blog (el sitio nuevo no tiene blog),text/html; charset=UTF-8,200,OK,Producir calor en la industria descarbonización,El proceso de descarbonización en la industria pasa por quitar calderas contaminantes con alto costo de gestión e instalar equipos eléctricos de alta eficiencia ete.,CALDERAS ELÉCTRICAS INDUSTRIALES,HOT YOGA Y BIKRAM,Entradas recomendadas,,https://ete.es/producir-calor-en-la-industria-descarbonizacion/
https://ete.es/wp-content/uploads/elementor/css/post-11083.css?ver=1786356661,,Sin equivalente,"Recurso (CSS, JS o imagen), no es una página",text/css,200,OK,,,,,,,
https://ete.es/tag/sudoracion-pasiva/,,Sin equivalente,Archivo de etiqueta del blog,text/html; charset=UTF-8,200,OK,sudoracion pasiva archivos - Thermic Electric Solutions,sudoracion pasiva archivos - Thermic Electric Solutions . Calderas industriales y equipos de balnearios. ¡Entra!,CALDERAS ELÉCTRICAS INDUSTRIALES,HOT YOGA Y BIKRAM,EL NEGOCIO DE LOS SPA BALNEARIO,GESTION DE LOS SPA BALNEARIO EN HOTELES,https://ete.es/tag/sudoracion-pasiva/
https://ete.es/wp-content/uploads/elementor/css/post-9104.css?ver=1786546696,,Sin equivalente,"Recurso (CSS, JS o imagen), no es una página",text/css,200,OK,,,,,,,
https://ete.es/tag/enfriadoras-de-agua-para-piscinas/,,Sin equivalente,Archivo de etiqueta del blog,text/html; charset=UTF-8,200,OK,enfriadoras de agua para piscinas archivos - Thermic Electric Solutions,enfriadoras de agua para piscinas archivos - Thermic Electric Solutions . Calderas industriales y equipos de balnearios. ¡Entra!,CALDERAS ELÉCTRICAS INDUSTRIALES,HOT YOGA Y BIKRAM,Equipos para Piscinas,,https://ete.es/tag/enfriadoras-de-agua-para-piscinas/
https://ete.es/tag/calentadores-agua-piscina/,,Sin equivalente,Archivo de etiqueta del blog,text/html; charset=UTF-8,200,OK,calentadores agua piscina archivos - Thermic Electric Solutions,calentadores agua piscina archivos - Thermic Electric Solutions . Calderas industriales y equipos de balnearios. ¡Entra!,CALDERAS ELÉCTRICAS INDUSTRIALES,HOT YOGA Y BIKRAM,Equipos para Piscinas,,https://ete.es/tag/calentadores-agua-piscina/
https://ete.es/tag/calefaccion-naves-industriales/,,Sin equivalente,Archivo de etiqueta del blog,text/html; charset=UTF-8,200,OK,calefacción naves industriales archivos - Thermic Electric Solutions,calefacción naves industriales archivos - Thermic Electric Solutions . Calderas industriales y equipos de balnearios. ¡Entra!,CALDERAS ELÉCTRICAS INDUSTRIALES,HOT YOGA Y BIKRAM,CALEFACCIÓN EN NAVES INDUSTRIALES,CALEFACCIÓN PARA LA INDUSTRIA,https://ete.es/tag/calefaccion-naves-industriales/
https://ete.es/wp-content/uploads/elementor/css/post-8862.css?ver=1786800676,,Sin equivalente,URL técnica de wp-content,text/html; charset=UTF-8,404,Not Found,,,,,,,
https://ete.es/wp-content/uploads/elementor/css/post-11114.css?ver=1786589679,,Sin equivalente,URL técnica de wp-content,text/html; charset=UTF-8,404,Not Found,,,,,,,
https://ete.es/author/admin/page/3/,,Sin equivalente,Archivo de autor del blog,text/html; charset=UTF-8,200,OK,"admin, autor en Thermic Electric Solutions - Página 3 de 19","admin, autor en Thermic Electric Solutions - Página 3 de 19",CALDERAS ELÉCTRICAS INDUSTRIALES,HOT YOGA Y BIKRAM,CALEFACCIÓN EN NAVES INDUSTRIALES,AHORRAR CON DUCHAS TEMPORIZADAS,https://ete.es/author/admin/page/3/
https://ete.es/en/tag/calderas-bajo-consumo/,,Sin equivalente,Archivo de etiqueta del blog,text/html; charset=UTF-8,200,OK,calderas bajo consumo archivos - Thermic Electric Solutions,calderas bajo consumo archivos - Thermic Electric Solutions . Calderas industriales y equipos de balnearios. ¡Entra!,INDUSTRIAL ELECTRIC BOILERS,HOT YOGA Y BIKRAM,,,https://ete.es/en/tag/calderas-bajo-consumo/
https://ete.es/en/tag/calderas-electricas/,,Sin equivalente,Archivo de etiqueta del blog,text/html; charset=UTF-8,200,OK,calderas eléctricas archivos - Thermic Electric Solutions,calderas eléctricas archivos - Thermic Electric Solutions . Calderas industriales y equipos de balnearios. ¡Entra!,INDUSTRIAL ELECTRIC BOILERS,HOT YOGA Y BIKRAM,,,https://ete.es/en/tag/calderas-electricas/
https://ete.es/wp-content/uploads/elementor/css/post-6726.css?ver=1786360608,,Sin equivalente,"Recurso (CSS, JS o imagen), no es una página",text/css,200,OK,,,,,,,
https://ete.es/category/centros-bikram-yoga/page/2/,,Sin equivalente,Archivo de categoría del blog,text/html; charset=UTF-8,200,OK,Centros Bikram Yoga - Página 2 de 2 - Thermic Electric Solutions,"La practica de yoga en centros Bikram tiene una amplia variedad de beneficios. Bikram Yoga destaca por el clima de la sala que está a 40ºC de temperatura, 50% humedad ambiental y aire limpio. ¡Infórmate!",CALDERAS ELÉCTRICAS INDUSTRIALES,HOT YOGA Y BIKRAM,COMO CLIMATIZAR LOCAL BIKRAM YOGA,,https://ete.es/category/centros-bikram-yoga/page/2/
https://ete.es/wp-content/uploads/elementor/css/post-6297.css?ver=1786354585,,Sin equivalente,URL técnica de wp-content,text/html; charset=UTF-8,404,Not Found,,,,,,,
https://ete.es/author/ete/page/8/,,Sin equivalente,Archivo de autor del blog,text/html; charset=UTF-8,200,OK,"Fernando Sanz Pérez, autor en Thermic Electric Solutions - Página 8 de 8","Fernando Sanz Pérez, autor en Thermic Electric Solutions - Página 8 de 8",CALDERAS ELÉCTRICAS INDUSTRIALES,HOT YOGA Y BIKRAM,Autoconsumo eléctrico y calefacción,PELLETS O ELECTRICIDAD PARA CALEFACCION,https://ete.es/author/ete/page/8/
https://ete.es/wp-content/uploads/elementor/css/post-11093.css?ver=1786589671,,Sin equivalente,"Recurso (CSS, JS o imagen), no es una página",text/css,200,OK,,,,,,,
https://ete.es/category/calderas-electricas/page/2/,,Sin equivalente,Archivo de categoría del blog,text/html; charset=UTF-8,200,OK,Calderas Eléctricas para producir calor - Página 2 de 17 - Thermic Electric Solutions,"En ETE te informamos y recomendamos como utilizar la electricidad para producir calor. Somos especialistas en el sector, con muchos años de experiencia. ¡Contáctanos ahora! - Página 2 de 17",CALDERAS ELÉCTRICAS INDUSTRIALES,HOT YOGA Y BIKRAM,CALOR ELÉCTRICO PARA LA INDUSTRIA Y CALEFACCIÓN.,LA TRANSICIÓN ENERGETICA EN LA INDUSTRIA,https://ete.es/category/calderas-electricas/page/2/
https://ete.es/wp-content/uploads/2020/02/02-slider-tecnologia.jpg,,Sin equivalente,"Recurso (CSS, JS o imagen), no es una página",image/jpeg,200,OK,,,,,,,
https://www.ete.es/ete-calderas/es/calderas-para-la-industria/caldera-vapor-hasta-180,https://cliente.morganmedia.es/ete/productos/producto-caldera-vapor-210/,Exacta,URL antigua con redirección 301,text/html; charset=UTF-8,301,Moved Permanently,,,,,,,
https://ete.es/wp-content/uploads/elementor/css/post-6318.css?ver=1786354596,,Sin equivalente,URL técnica de wp-content,text/html; charset=UTF-8,404,Not Found,,,,,,,
https://ete.es/tag/piscina-relajacion/,,Sin equivalente,Archivo de etiqueta del blog,text/html; charset=UTF-8,200,OK,piscina relajación archivos - Thermic Electric Solutions,piscina relajación archivos - Thermic Electric Solutions . Calderas industriales y equipos de balnearios. ¡Entra!,CALDERAS ELÉCTRICAS INDUSTRIALES,HOT YOGA Y BIKRAM,GESTION DE LOS SPA BALNEARIO EN HOTELES,AGUA CALIENTE PARA SPA-BALNEARIO,https://ete.es/tag/piscina-relajacion/
https://www.ete.es/ete-calderas,https://cliente.morganmedia.es/ete/divisiones/division-calderas-industriales/,Exacta,URL antigua con redirección 301,text/html; charset=UTF-8,301,Moved Permanently,,,,,,,
https://ete.es/wp-content/uploads/elementor/css/post-9491.css?ver=1786350848,,Sin equivalente,"Recurso (CSS, JS o imagen), no es una página",text/css,200,OK,,,,,,,
https://ete.es/wp-content/uploads/elementor/css/post-8462.css?ver=1786330241,,Sin equivalente,URL técnica de wp-content,text/html; charset=UTF-8,404,Not Found,,,,,,,
https://ete.es/wp-content/uploads/elementor/css/post-6441.css?ver=1786359507,,Sin equivalente,URL técnica de wp-content,text/html; charset=UTF-8,404,Not Found,,,,,,,
https://ete.es/wp-includes/js/comment-reply.min.js?ver=6.9.7,,Sin equivalente,"Recurso (CSS, JS o imagen), no es una página",text/javascript,200,OK,,,,,,,
https://ete.es/wp-content/uploads/7022073-panales-de-cera-de-abejas-con-dulce-de-miel-y-las-abejas.jpg,,Sin equivalente,"Recurso (CSS, JS o imagen), no es una página",image/jpeg,200,OK,,,,,,,
https://ete.es/costos-produccion-de-vapor/,,Sin equivalente,Entrada del blog (el sitio nuevo no tiene blog),text/html; charset=UTF-8,200,OK,Costos de producción de vapor con calderas eléctricas,"Ahorro en la producción de vapor con calderas eléctricas ETE de alta eficiencia, la tecnología Ete genera ahorros en compra de equipo, factura de energía y gestión.",CALDERAS ELÉCTRICAS INDUSTRIALES,HOT YOGA Y BIKRAM,Entradas recomendadas,,https://ete.es/costos-produccion-de-vapor/
https://ete.es/wp-content/uploads/elementor/css/post-8805.css?ver=1786525280,,Sin equivalente,URL técnica de wp-content,text/html; charset=UTF-8,404,Not Found,,,,,,,
https://www.ete.es/equipos-spa-balnearios,https://cliente.morganmedia.es/ete/divisiones/division-spa-balnearios/,Exacta,URL antigua con redirección 301,text/html; charset=UTF-8,301,Moved Permanently,,,,,,,
https://ete.es/wp-content/uploads/elementor/css/post-8825.css?ver=1786800663,,Sin equivalente,URL técnica de wp-content,text/html; charset=UTF-8,404,Not Found,,,,,,,
https://ete.es/tag/disenar-y-construir-un-centro-de-termalismo/,,Sin equivalente,Archivo de etiqueta del blog,text/html; charset=UTF-8,200,OK,diseñar y construir un centro de termalismo archivos - Thermic Electric Solutions,diseñar y construir un centro de termalismo archivos - Thermic Electric Solutions . Calderas industriales y equipos de balnearios. ¡Entra!,CALDERAS ELÉCTRICAS INDUSTRIALES,HOT YOGA Y BIKRAM,EL NEGOCIO DE LOS SPA BALNEARIO,,https://ete.es/tag/disenar-y-construir-un-centro-de-termalismo/
https://ete.es/tag/inversion-en-un-spa-balneario/,,Sin equivalente,Archivo de etiqueta del blog,text/html; charset=UTF-8,200,OK,inversión en un spa balneario archivos - Thermic Electric Solutions,inversión en un spa balneario archivos - Thermic Electric Solutions . Calderas industriales y equipos de balnearios. ¡Entra!,CALDERAS ELÉCTRICAS INDUSTRIALES,HOT YOGA Y BIKRAM,EL NEGOCIO DE LOS SPA BALNEARIO,,https://ete.es/tag/inversion-en-un-spa-balneario/
https://ete.es/asesoramiento-para-spa-balneario/,,Sin equivalente,Entrada del blog (el sitio nuevo no tiene blog),text/html; charset=UTF-8,200,OK,Equipos spa-balneario,"Nuestros valores: aportamos la experiencia de 35 años asesorando a más de 300 spa-balneario por todo el mundo, miles de equipos instalados.",CALDERAS ELÉCTRICAS INDUSTRIALES,HOT YOGA Y BIKRAM,Entradas recomendadas,,https://ete.es/asesoramiento-para-spa-balneario/
https://ete.es/tag/duchas-de-agua-caliente/,,Sin equivalente,Archivo de etiqueta del blog,text/html; charset=UTF-8,200,OK,duchas de agua caliente archivos - Thermic Electric Solutions,duchas de agua caliente archivos - Thermic Electric Solutions . Calderas industriales y equipos de balnearios. ¡Entra!,CALDERAS ELÉCTRICAS INDUSTRIALES,HOT YOGA Y BIKRAM,CENTROS YOGA CALIENTE,,https://ete.es/tag/duchas-de-agua-caliente/
https://ete.es/author/admin/page/2/,,Sin equivalente,Archivo de autor del blog,text/html; charset=UTF-8,200,OK,"admin, autor en Thermic Electric Solutions - Página 2 de 19","admin, autor en Thermic Electric Solutions - Página 2 de 19",CALDERAS ELÉCTRICAS INDUSTRIALES,HOT YOGA Y BIKRAM,Soluciones de calor en la industria farmacéutica,Soluciones de calor en la industria textil,https://ete.es/author/admin/page/2/
https://www.ete.es/equipos-spa-balnearios/,https://cliente.morganmedia.es/ete/divisiones/division-spa-balnearios/,Exacta,URL antigua con redirección 301,text/html; charset=UTF-8,301,Moved Permanently,,,,,,,
https://ete.es/tag/seca-banadores/,,Sin equivalente,Archivo de etiqueta del blog,text/html; charset=UTF-8,200,OK,seca bañadores archivos - Thermic Electric Solutions,seca bañadores archivos - Thermic Electric Solutions . Calderas industriales y equipos de balnearios. ¡Entra!,CALDERAS ELÉCTRICAS INDUSTRIALES,HOT YOGA Y BIKRAM,Donde se instala el secador de bañadores Etedryer,,https://ete.es/tag/seca-banadores/
https://ete.es/wp-content/uploads/elementor/css/post-5843.css?ver=1786355770,,Sin equivalente,URL técnica de wp-content,text/html; charset=UTF-8,404,Not Found,,,,,,,
https://ete.es/wp-content/uploads/elementor/css/post-11248.css?ver=1786357072,,Sin equivalente,URL técnica de wp-content,text/html; charset=UTF-8,404,Not Found,,,,,,,
https://ete.es/wp-content/uploads/elementor/css/post-11242.css?ver=1786589605,,Sin equivalente,URL técnica de wp-content,text/html; charset=UTF-8,404,Not Found,,,,,,,
https://ete.es/wp-content/uploads/elementor/css/post-8986.css?ver=1786800704,,Sin equivalente,URL técnica de wp-content,text/html; charset=UTF-8,404,Not Found,,,,,,,
https://ete.es/wp-content/uploads/c10-es1.jpg,,Sin equivalente,"Recurso (CSS, JS o imagen), no es una página",image/jpeg,200,OK,,,,,,,
https://ete.es/wp-content/uploads/elementor/css/post-8672.css?ver=1786702312,,Sin equivalente,URL técnica de wp-content,text/html; charset=UTF-8,404,Not Found,,,,,,,
https://ete.es/wp-content/uploads/elementor/css/post-6137.css?ver=1786358470,,Sin equivalente,URL técnica de wp-content,text/html; charset=UTF-8,404,Not Found,,,,,,,
https://ete.es/wp-content/uploads/elementor/css/post-8523.css?ver=1786446161,,Sin equivalente,URL técnica de wp-content,text/html; charset=UTF-8,404,Not Found,,,,,,,
https://ete.es/tag/caldera-electrica-de-vapor/,,Sin equivalente,Archivo de etiqueta del blog,text/html; charset=UTF-8,200,OK,caldera eléctrica de vapor archivos - Thermic Electric Solutions,caldera eléctrica de vapor archivos - Thermic Electric Solutions . Calderas industriales y equipos de balnearios. ¡Entra!,CALDERAS ELÉCTRICAS INDUSTRIALES,HOT YOGA Y BIKRAM,Soluciones de calor en la industria de la madera,Soluciones de calor en la industria química,https://ete.es/tag/caldera-electrica-de-vapor/
https://ete.es/wp-content/uploads/elementor/css/post-11105.css?ver=1786589669,,Sin equivalente,URL técnica de wp-content,text/html; charset=UTF-8,404,Not Found,,,,,,,
https://ete.es/wp-content/uploads/blog.png,,Sin equivalente,"Recurso (CSS, JS o imagen), no es una página",image/png,200,OK,,,,,,,
https://ete.es/wp-content/uploads/elementor/css/post-9470.css?ver=1786360521,,Sin equivalente,"Recurso (CSS, JS o imagen), no es una página",text/css,200,OK,,,,,,,
https://ete.es/category/ete-europea-termica-electrica/page/5/,,Sin equivalente,Archivo de categoría del blog,text/html; charset=UTF-8,200,OK,ete - Europea Térmica Eléctrica - Página 5 de 5 - Thermic Electric Solutions,"La instalación de los equipos eléctricos de producción de calor de alta tecnología ETE tienen grandes beneficios como el ahorro en las facturas, gastos y emisiones. Cuentan con tecnologías fáciles de usar- Página 5 de 5",CALDERAS ELÉCTRICAS INDUSTRIALES,HOT YOGA Y BIKRAM,CALEFACCIÓN EN NAVES INDUSTRIALES,AHORRAR CON DUCHAS TEMPORIZADAS,https://ete.es/category/ete-europea-termica-electrica/page/5/
https://ete.es/ventajas-de-las-calderas-electricas/,,Sin equivalente,Entrada del blog (el sitio nuevo no tiene blog),text/html; charset=UTF-8,200,OK,VENTAJAS DE LAS CALDERAS ELECTRICAS,"Ahorro de energía, mantenimiento, gestión, son algunas de las ventajas de las calderas electricas ete. Le invitamos a conocer la tecnología del siglo XXI.",CALDERAS ELÉCTRICAS INDUSTRIALES,HOT YOGA Y BIKRAM,Entradas recomendadas,,https://ete.es/ventajas-de-las-calderas-electricas/
https://ete.es/tag/acumulador-de-calor-en-masa-liquida/,,Sin equivalente,Archivo de etiqueta del blog,text/html; charset=UTF-8,200,OK,acumulador de calor en masa líquida - Thermic Electric Solutions,Las calderas eléctricas de vapor ETE hace que las industrias reduzcan costes de producción. El equipo de ETE te dará la información que necesitas. ¡Contacta con nosotros!,CALDERAS ELÉCTRICAS INDUSTRIALES,HOT YOGA Y BIKRAM,Caldera de Vapor Industrial,,https://ete.es/tag/acumulador-de-calor-en-masa-liquida/
https://ete.es/tag/hot-yoga/,,Sin equivalente,Archivo de etiqueta del blog,text/html; charset=UTF-8,200,OK,Hot yoga archivos - Thermic Electric Solutions,Hot yoga archivos - Thermic Electric Solutions . Calderas industriales y equipos de balnearios. ¡Entra!,CALDERAS ELÉCTRICAS INDUSTRIALES,HOT YOGA Y BIKRAM,Hot Yoga40 Sevilla,,https://ete.es/tag/hot-yoga/
https://ete.es/wp-content/uploads/elementor/css/post-11236.css?ver=1786357072,,Sin equivalente,"Recurso (CSS, JS o imagen), no es una página",text/css,200,OK,,,,,,,
https://ete.es/wp-content/uploads/elementor/css/post-5897.css?ver=1786353282,,Sin equivalente,"Recurso (CSS, JS o imagen), no es una página",text/css,200,OK,,,,,,,
https://ete.es/wp-content/uploads/elementor/css/post-6333.css?ver=1786355565,,Sin equivalente,URL técnica de wp-content,text/html; charset=UTF-8,404,Not Found,,,,,,,
https://ete.es/wp-content/uploads/elementor/css/post-8631.css?ver=1786551933,,Sin equivalente,URL técnica de wp-content,text/html; charset=UTF-8,404,Not Found,,,,,,,
https://ete.es/2017/12/,,Sin equivalente,Archivo por fecha del blog,text/html; charset=UTF-8,200,OK,diciembre 2017 - Thermic Electric Solutions,,CALDERAS ELÉCTRICAS INDUSTRIALES,HOT YOGA Y BIKRAM,Generadores de vapor para autoclaves,Vapor para autoclaves,
https://ete.es/vapor-hornos-industriales-panaderia/,,Sin equivalente,Entrada del blog (el sitio nuevo no tiene blog),text/html; charset=UTF-8,200,OK,Vapor para hornos de panadería,"El vapor para hornos de panadería debe producirse con calderas eléctricas Ete de alta eficiencia, el vapor de las calderas Ete es limpio.",CALDERAS ELÉCTRICAS INDUSTRIALES,HOT YOGA Y BIKRAM,Entradas recomendadas,,https://ete.es/vapor-hornos-industriales-panaderia/
https://ete.es/tag/procesos-de-calor/,,Sin equivalente,Archivo de etiqueta del blog,text/html; charset=UTF-8,200,OK,procesos de calor archivos - Thermic Electric Solutions,procesos de calor archivos - Thermic Electric Solutions . Calderas industriales y equipos de balnearios. ¡Entra!,CALDERAS ELÉCTRICAS INDUSTRIALES,HOT YOGA Y BIKRAM,Moldes plásticos: calentamiento y enfriamiento,Vida útil de una caldera industrial,https://ete.es/tag/procesos-de-calor/
https://ete.es/wp-content/uploads/elementor/css/post-7988.css?ver=1786492941,,Sin equivalente,URL técnica de wp-content,text/html; charset=UTF-8,404,Not Found,,,,,,,
https://www.ete.es/equipos-panaderias,https://cliente.morganmedia.es/ete/divisiones/division-panaderias/,Exacta,URL antigua con redirección 301,text/html; charset=UTF-8,301,Moved Permanently,,,,,,,
https://ete.es/equipos-para-centros-bikram/,,Sin equivalente,Entrada del blog (el sitio nuevo no tiene blog),text/html; charset=UTF-8,200,OK,Fabricar equipos para centros Bikram,"ETE fabrica equipos para centros Bikram, la tecnología que aplicamos garantiza calidad del ambiente y consumo de energía de menos de 1000€.",CALDERAS ELÉCTRICAS INDUSTRIALES,HOT YOGA Y BIKRAM,Entradas recomendadas,,https://ete.es/equipos-para-centros-bikram/
https://ete.es/wp-content/uploads/elementor/css/post-8944.css?ver=1786510534,,Sin equivalente,URL técnica de wp-content,text/html; charset=UTF-8,404,Not Found,,,,,,,
https://ete.es/wp-content/uploads/elementor/css/post-9481.css?ver=1786368755,,Sin equivalente,URL técnica de wp-content,text/html; charset=UTF-8,404,Not Found,,,,,,,
https://ete.es/wp-content/uploads/elementor/css/post-11075.css?ver=1786358441,,Sin equivalente,"Recurso (CSS, JS o imagen), no es una página",text/css,200,OK,,,,,,,
https://ete.es/tag/spa-balneario/,,Sin equivalente,Archivo de etiqueta del blog,text/html; charset=UTF-8,200,OK,spa-balneario archivos - Thermic Electric Solutions,spa-balneario archivos - Thermic Electric Solutions . Calderas industriales y equipos de balnearios. ¡Entra!,CALDERAS ELÉCTRICAS INDUSTRIALES,HOT YOGA Y BIKRAM,GESTION DE LOS SPA BALNEARIO EN HOTELES,EL SPA EN INSTALACIONES DEPORTIVAS Y GIMNASIOS DEL SIGLO XXI,https://ete.es/tag/spa-balneario/
https://ete.es/tag/vapor/,,Sin equivalente,Archivo de etiqueta del blog,text/html; charset=UTF-8,200,OK,vapor archivos - Thermic Electric Solutions,vapor archivos - Thermic Electric Solutions . Calderas industriales y equipos de balnearios. ¡Entra!,CALDERAS ELÉCTRICAS INDUSTRIALES,HOT YOGA Y BIKRAM,"CALOR, ELECTRICIDAD, INGENIERIAS",Caldera Vapor 100 bares,https://ete.es/tag/vapor/
https://ete.es/soluciones-de-calor-en-la-industria-del-calzado/,,Sin equivalente,Entrada del blog (el sitio nuevo no tiene blog),text/html; charset=UTF-8,200,OK,Soluciones en la industria del calzado,"Las calderas eléctricas de aceite térmico, calderas eléctricas de vapor, calderas eléctricas de agua y agua sobrecalentada que fabrica Europea Térmica Eléctrica desde 1977 tienen un bajo consumo al tener un rendimiento durante toda su vida del 100%.",CALDERAS ELÉCTRICAS INDUSTRIALES,HOT YOGA Y BIKRAM,Entradas recomendadas,,https://ete.es/soluciones-de-calor-en-la-industria-del-calzado/
https://ete.es/wp-content/uploads/elementor/css/post-8556.css?ver=1786800702,,Sin equivalente,URL técnica de wp-content,text/html; charset=UTF-8,404,Not Found,,,,,,,
https://ete.es/tag/calderas-de-agua-sobrecalentada/,,Sin equivalente,Archivo de etiqueta del blog,text/html; charset=UTF-8,200,OK,calderas de agua sobrecalentada archivos - Thermic Electric Solutions,calderas de agua sobrecalentada archivos - Thermic Electric Solutions . Calderas industriales y equipos de balnearios. ¡Entra!,CALDERAS ELÉCTRICAS INDUSTRIALES,HOT YOGA Y BIKRAM,Vapor para producción de mermeladas,Calderas Industriales Económicas,https://ete.es/tag/calderas-de-agua-sobrecalentada/
https://ete.es/calderas-industriales-ete-tecnologia-del-siglo-xxi/,,Sin equivalente,Entrada del blog (el sitio nuevo no tiene blog),text/html; charset=UTF-8,200,OK,"Calderas industriales Ete, tecnología del siglo XXI","Soluciones para la industria con calderas eléctricas de agua, calderas de vapor, aceite térmico. Calderas industriales Ete, tecnología del siglo XXI.",CALDERAS ELÉCTRICAS INDUSTRIALES,HOT YOGA Y BIKRAM,Entradas recomendadas,,https://ete.es/calderas-industriales-ete-tecnologia-del-siglo-xxi/
https://ete.es/wp-content/uploads/elementor/css/post-8885.css?ver=1786615606,,Sin equivalente,URL técnica de wp-content,text/html; charset=UTF-8,404,Not Found,,,,,,,
https://ete.es/wp-content/uploads/elementor/css/post-11182.css?ver=1786480959,,Sin equivalente,"Recurso (CSS, JS o imagen), no es una página",text/css,200,OK,,,,,,,
https://ete.es/donde-se-instala-el-secador-de-banadores-etedryer/,,Sin equivalente,Entrada del blog (el sitio nuevo no tiene blog),text/html; charset=UTF-8,200,OK,Donde se instalan los secadores de bañadores Etedryer,"La instalación de los secadores de bañadores Etedryer, es sencilla, se cuelga en la pared, se enchufa electricamente.",CALDERAS ELÉCTRICAS INDUSTRIALES,HOT YOGA Y BIKRAM,Entradas recomendadas,,https://ete.es/donde-se-instala-el-secador-de-banadores-etedryer/
https://ete.es/wp-content/uploads/elementor/css/post-8896.css?ver=1786800670,,Sin equivalente,URL técnica de wp-content,text/html; charset=UTF-8,404,Not Found,,,,,,,
https://ete.es/category/calderas-electricas/page/17/,,Sin equivalente,Archivo de categoría del blog,text/html; charset=UTF-8,200,OK,Calderas Eléctricas para producir calor - Página 17 de 17 - Thermic Electric Solutions,"En ETE te informamos y recomendamos como utilizar la electricidad para producir calor. Somos especialistas en el sector, con muchos años de experiencia. ¡Contáctanos ahora! - Página 17 de 17",CALDERAS ELÉCTRICAS INDUSTRIALES,HOT YOGA Y BIKRAM,COSTOS DE CALENTAR ACEITE TERMICO,ACUMULAR CALOR PARA AHORRAR,https://ete.es/category/calderas-electricas/page/17/
https://ete.es/calefaccion-eficiente-y-economica/,,Sin equivalente,Entrada del blog (el sitio nuevo no tiene blog),text/html; charset=UTF-8,200,OK,CALEFACCIÓN EFICIENTE Y ECONOMICA,"Calefacción eficiente y económica: La tecnología de las calderas eléctricas ETE permite ofrecer calderas de bajas potencias, con mínimo consumo y garantía de servicio.",CALDERAS ELÉCTRICAS INDUSTRIALES,HOT YOGA Y BIKRAM,Entradas recomendadas,,https://ete.es/calefaccion-eficiente-y-economica/
https://ete.es/wp-content/uploads/elementor/css/post-11163.css?ver=1786490880,,Sin equivalente,URL técnica de wp-content,text/html; charset=UTF-8,404,Not Found,,,,,,,
https://ete.es/wp-content/uploads/elementor/css/post-11189.css?ver=1786369863,,Sin equivalente,"Recurso (CSS, JS o imagen), no es una página",text/css,200,OK,,,,,,,
https://www.ete.es/equipos-panaderias/,https://cliente.morganmedia.es/ete/divisiones/division-panaderias/,Exacta,URL antigua con redirección 301,text/html; charset=UTF-8,301,Moved Permanently,,,,,,,
https://ete.es/tag/calderas-industriales/,,Sin equivalente,Archivo de etiqueta del blog,text/html; charset=UTF-8,200,OK,calderas industriales archivos - Thermic Electric Solutions,calderas industriales archivos - Thermic Electric Solutions . Calderas industriales y equipos de balnearios. ¡Entra!,CALDERAS ELÉCTRICAS INDUSTRIALES,HOT YOGA Y BIKRAM,Moldes plásticos: calentamiento y enfriamiento,Quién recomienda electricidad para producir calor,https://ete.es/tag/calderas-industriales/
https://ete.es/secado-de-papel/,,Sin equivalente,Entrada del blog (el sitio nuevo no tiene blog),text/html; charset=UTF-8,200,OK,"Secado de papel, calderas eléctricas","El proceso de secado de papel puede realizarse con calderas eléctricas Ete de alta eficiencia. Con el precio estimado de 0,05€kwh el costo de secar 10Tm de papel seria de 243,85€. 24,38€ la tonelada de papel secado.",CALDERAS ELÉCTRICAS INDUSTRIALES,HOT YOGA Y BIKRAM,Entradas recomendadas,,https://ete.es/secado-de-papel/
https://ete.es/duchas-de-agua-fria/,,Sin equivalente,Entrada del blog (el sitio nuevo no tiene blog),text/html; charset=UTF-8,200,OK,Duchas de agua fría,"Si quiere instalar un equipo para duchas de agua fría o piscina, diríjase a Europea Térmica Eléctrica, informaremos sobre la simplicidad de la instalación.",CALDERAS ELÉCTRICAS INDUSTRIALES,HOT YOGA Y BIKRAM,Entradas recomendadas,,https://ete.es/duchas-de-agua-fria/
https://ete.es/en/tag/cero-emisiones/,,Sin equivalente,Archivo de etiqueta del blog,text/html; charset=UTF-8,200,OK,cero emisiones archivos - Thermic Electric Solutions,cero emisiones archivos - Thermic Electric Solutions . Calderas industriales y equipos de balnearios. ¡Entra!,INDUSTRIAL ELECTRIC BOILERS,HOT YOGA Y BIKRAM,,,https://ete.es/en/tag/cero-emisiones/
https://ete.es/wp-content/uploads/elementor/css/post-5996.css?ver=1786332250,,Sin equivalente,"Recurso (CSS, JS o imagen), no es una página",text/css,200,OK,,,,,,,
https://ete.es/wp-content/uploads/elementor/css/post-8680.css?ver=1786428055,,Sin equivalente,URL técnica de wp-content,text/html; charset=UTF-8,404,Not Found,,,,,,,
https://ete.es/wp-content/uploads/elementor/css/post-11215.css?ver=1786349462,,Sin equivalente,URL técnica de wp-content,text/html; charset=UTF-8,404,Not Found,,,,,,,
https://ete.es/tag/calderas-electricas-2/page/5/,,Sin equivalente,Archivo de etiqueta del blog,text/html; charset=UTF-8,200,OK,Calderas eléctricas al mejor precio - Página 5 de 5 - Thermic Electric Solutions,Desde 1990 esta cambiando el paradigma del costo de las energías con la incorporación de las renovables para producir electricidad.,CALDERAS ELÉCTRICAS INDUSTRIALES,HOT YOGA Y BIKRAM,CONTADORES DE CONSUMO DE ENERGIA EN INSTALACIONES DE CALOR,CALCULO POTENCIA TERMICA EN INDUSTRIAS,https://ete.es/tag/calderas-electricas-2/page/5/
https://ete.es/wp-content/uploads/elementor/css/post-6532.css?ver=1786319511,,Sin equivalente,URL técnica de wp-content,text/html; charset=UTF-8,404,Not Found,,,,,,,
https://ete.es/tag/ventilacion-gimnasios-y-piscinas/,,Sin equivalente,Archivo de etiqueta del blog,text/html; charset=UTF-8,200,OK,ventilación gimnasios y piscinas archivos - Thermic Electric Solutions,ventilación gimnasios y piscinas archivos - Thermic Electric Solutions . Calderas industriales y equipos de balnearios. ¡Entra!,CALDERAS ELÉCTRICAS INDUSTRIALES,HOT YOGA Y BIKRAM,VENTILACIÓN GIMNASIOS Y PISCINAS,,https://ete.es/tag/ventilacion-gimnasios-y-piscinas/
https://ete.es/tag/piscinas-de-hidromasaje/,,Sin equivalente,Archivo de etiqueta del blog,text/html; charset=UTF-8,200,OK,piscinas de hidromasaje archivos - Thermic Electric Solutions,piscinas de hidromasaje archivos - Thermic Electric Solutions . Calderas industriales y equipos de balnearios. ¡Entra!,CALDERAS ELÉCTRICAS INDUSTRIALES,HOT YOGA Y BIKRAM,EL NEGOCIO DE LOS SPA BALNEARIO,SPA-BALNEARIO Y EL FUTBOL PROFESIONAL,https://ete.es/tag/piscinas-de-hidromasaje/
https://ete.es/industrial-zero-carbon-boilers/,https://cliente.morganmedia.es/ete/en/divisiones/custom-industrial-electric-boilers/,Aproximada,URL antigua con redirección 301,text/html; charset=UTF-8,301,Moved Permanently,,,,,,,
https://ete.es/wp-content/uploads/elementor/css/post-8851.css?ver=1786800682,,Sin equivalente,URL técnica de wp-content,text/html; charset=UTF-8,404,Not Found,,,,,,,
https://ete.es/tag/calentadores-agua-ducha/,,Sin equivalente,Archivo de etiqueta del blog,text/html; charset=UTF-8,200,OK,calentadores agua ducha archivos - Thermic Electric Solutions,calentadores agua ducha archivos - Thermic Electric Solutions . Calderas industriales y equipos de balnearios. ¡Entra!,CALDERAS ELÉCTRICAS INDUSTRIALES,HOT YOGA Y BIKRAM,Equipos para Piscinas,,https://ete.es/tag/calentadores-agua-ducha/
https://ete.es/tag/producir-vapor/,,Sin equivalente,Archivo de etiqueta del blog,text/html; charset=UTF-8,200,OK,producir vapor archivos - Thermic Electric Solutions,producir vapor archivos - Thermic Electric Solutions . Calderas industriales y equipos de balnearios. ¡Entra!,CALDERAS ELÉCTRICAS INDUSTRIALES,HOT YOGA Y BIKRAM,COSTOS PRODUCCIÓN DE VAPOR,,https://ete.es/tag/producir-vapor/
https://www.ete.es/ete-calderas/,https://cliente.morganmedia.es/ete/divisiones/division-calderas-industriales/,Exacta,URL antigua con redirección 301,text/html; charset=UTF-8,301,Moved Permanently,,,,,,,
https://ete.es/wp-content/uploads/elementor/css/post-6402.css?ver=1786357989,,Sin equivalente,URL técnica de wp-content,text/html; charset=UTF-8,404,Not Found,,,,,,,
https://ete.es/wp-content/uploads/2021/11/bombilla_ecologoca.jpg,,Sin equivalente,"Recurso (CSS, JS o imagen), no es una página",image/jpeg,200,OK,,,,,,,
https://ete.es/el-costo-de-las-energias-en-espana/,,Sin equivalente,Entrada del blog (el sitio nuevo no tiene blog),text/html; charset=UTF-8,200,OK,El costo de las energías en España,"El costo de las energías en España es un punto fundamental que debe estudiarse a fin de proponer instalaciones de bajo coste. Utilizando la tecnología adecuada, la electricidad es la energía más económica.",CALDERAS ELÉCTRICAS INDUSTRIALES,HOT YOGA Y BIKRAM,Entradas recomendadas,,https://ete.es/el-costo-de-las-energias-en-espana/
https://ete.es/en/2017/09/,,Sin equivalente,Archivo por fecha del blog,text/html; charset=UTF-8,200,OK,September 2017 - Thermic Electric Solutions,,INDUSTRIAL ELECTRIC BOILERS,HOT YOGA Y BIKRAM,HEAT FOR INDUSTRIAL AND COMMERCIAL PREMISES,HOT WATER IN HOTELS AND GYMS,
https://www.ete.es//calderas-electricas-2/,https://cliente.morganmedia.es/ete/divisiones/division-calderas-industriales/,Exacta,URL antigua con redirección 301,text/html; charset=UTF-8,301,Moved Permanently,,,,,,,
https://ete.es/wp-content/uploads/elementor/css/post-6367.css?ver=1786356539,,Sin equivalente,URL técnica de wp-content,text/html; charset=UTF-8,404,Not Found,,,,,,,
https://ete.es/producir-calor-en-la-industria-carbono-cero/,,Sin equivalente,Entrada del blog (el sitio nuevo no tiene blog),text/html; charset=UTF-8,200,OK,Producir calor en la industria carbono cero,"Producir calor en la industria carbono cero, desde 1977 hemos desarrollado tecnología exclusiva para producir calor con electricidad, bajo costo energético",CALDERAS ELÉCTRICAS INDUSTRIALES,HOT YOGA Y BIKRAM,Entradas recomendadas,,https://ete.es/producir-calor-en-la-industria-carbono-cero/
https://ete.es/tag/caldera-electrica-industrial/,,Sin equivalente,Archivo de etiqueta del blog,text/html; charset=UTF-8,200,OK,caldera eléctrica industrial archivos - Thermic Electric Solutions,caldera eléctrica industrial archivos - Thermic Electric Solutions . Calderas industriales y equipos de balnearios. ¡Entra!,CALDERAS ELÉCTRICAS INDUSTRIALES,HOT YOGA Y BIKRAM,Soluciones de calor en la industria química,,https://ete.es/tag/caldera-electrica-industrial/
https://ete.es/wp-content/uploads/elementor/css/post-9035.css?ver=1786800405,,Sin equivalente,URL técnica de wp-content,text/html; charset=UTF-8,404,Not Found,,,,,,,
https://ete.es/wp-content/uploads/elementor/css/post-7931.css?ver=1786702312,,Sin equivalente,URL técnica de wp-content,text/html; charset=UTF-8,404,Not Found,,,,,,,
https://ete.es/wp-content/uploads/elementor/css/post-7431.css?ver=1786367767,,Sin equivalente,URL técnica de wp-content,text/html; charset=UTF-8,404,Not Found,,,,,,,
https://www.ete.es/contacto/,,Sin equivalente,Página de contacto (no existe en el sitio nuevo),text/html; charset=UTF-8,301,Moved Permanently,,,,,,,
https://ete.es/tag/fundir-cera/,,Sin equivalente,Archivo de etiqueta del blog,text/html; charset=UTF-8,200,OK,fundir cera archivos - Thermic Electric Solutions,fundir cera archivos - Thermic Electric Solutions . Calderas industriales y equipos de balnearios. ¡Entra!,CALDERAS ELÉCTRICAS INDUSTRIALES,HOT YOGA Y BIKRAM,VAPOR PARA FUNDIR CERA,,https://ete.es/tag/fundir-cera/
https://ete.es/tag/procesos-industriales/,,Sin equivalente,Archivo de etiqueta del blog,text/html; charset=UTF-8,200,OK,procesos industriales archivos - Thermic Electric Solutions,procesos industriales archivos - Thermic Electric Solutions . Calderas industriales y equipos de balnearios. ¡Entra!,CALDERAS ELÉCTRICAS INDUSTRIALES,HOT YOGA Y BIKRAM,"CALOR, ELECTRICIDAD, INGENIERIAS",Cambiar calderas industriales de gas,https://ete.es/tag/procesos-industriales/
https://ete.es/tag/enfriadoras-de-agua/,,Sin equivalente,Archivo de etiqueta del blog,text/html; charset=UTF-8,200,OK,enfriadoras de agua archivos - Thermic Electric Solutions,enfriadoras de agua archivos - Thermic Electric Solutions . Calderas industriales y equipos de balnearios. ¡Entra!,CALDERAS ELÉCTRICAS INDUSTRIALES,HOT YOGA Y BIKRAM,EL NEGOCIO DE LOS SPA BALNEARIO,,https://ete.es/tag/enfriadoras-de-agua/
https://ete.es/wp-content/uploads/elementor/css/post-6397.css?ver=1786357989,,Sin equivalente,URL técnica de wp-content,text/html; charset=UTF-8,404,Not Found,,,,,,,
https://ete.es/wp-content/uploads/elementor/css/post-8417.css?ver=1786708565,,Sin equivalente,"Recurso (CSS, JS o imagen), no es una página",text/css,200,OK,,,,,,,
https://ete.es/category/balnearios/page/3/,,Sin equivalente,Archivo de categoría del blog,text/html; charset=UTF-8,200,OK,Balnearios - Página 3 de 11 - Thermic Electric Solutions,En ETE te proporcionamos toda la información necesaria sobre los valores en consumo y equipos. Las nuevas tecnologías bajan los consumos de las facturas de energía. ¡Contáctanos! - Página 3 de 11,CALDERAS ELÉCTRICAS INDUSTRIALES,HOT YOGA Y BIKRAM,COMO SE GESTIONA UN BALNEARIO SPA,COMO SE CONSTRUYE UN BALNEARIO SPA,https://ete.es/category/balnearios/page/3/
https://ete.es/tag/centro-de-termalismo/,,Sin equivalente,Archivo de etiqueta del blog,text/html; charset=UTF-8,200,OK,centro de termalismo archivos - Thermic Electric Solutions,centro de termalismo archivos - Thermic Electric Solutions . Calderas industriales y equipos de balnearios. ¡Entra!,CALDERAS ELÉCTRICAS INDUSTRIALES,HOT YOGA Y BIKRAM,GESTION DE LOS SPA BALNEARIO EN HOTELES,PROYECCIÓN DEL SPA-BALNEARIO EN EL MUNDO,https://ete.es/tag/centro-de-termalismo/
https://ete.es/tag/camara-de-fermentacion/,,Sin equivalente,Archivo de etiqueta del blog,text/html; charset=UTF-8,200,OK,cámara de fermentación archivos - Thermic Electric Solutions,cámara de fermentación archivos - Thermic Electric Solutions . Calderas industriales y equipos de balnearios. ¡Entra!,CALDERAS ELÉCTRICAS INDUSTRIALES,HOT YOGA Y BIKRAM,FERMENTACIÓN DEL PAN,,https://ete.es/tag/camara-de-fermentacion/
https://ete.es/tag/bikram-hot-yoga/,,Sin equivalente,Archivo de etiqueta del blog,text/html; charset=UTF-8,200,OK,bikram hot yoga archivos - Thermic Electric Solutions,bikram hot yoga archivos - Thermic Electric Solutions . Calderas industriales y equipos de balnearios. ¡Entra!,CALDERAS ELÉCTRICAS INDUSTRIALES,HOT YOGA Y BIKRAM,Bikram Hot Yoga Rosales,,https://ete.es/tag/bikram-hot-yoga/
https://ete.es/calderas-industriales-servicio-post-venta/,,Sin equivalente,Entrada del blog (el sitio nuevo no tiene blog),text/html; charset=UTF-8,200,OK,CALDERAS INDUSTRIALES SERVICIO POST-VENTA - Thermic Electric Solutions,Diseñamos las calderas industriales para que tu electricista y fontanero de confianza pueda hacer la instalación. Cuenta con nuestro asesoramiento.,CALDERAS ELÉCTRICAS INDUSTRIALES,HOT YOGA Y BIKRAM,Entradas recomendadas,,https://ete.es/calderas-industriales-servicio-post-venta/
https://ete.es/wp-content/uploads/elementor/css/post-11202.css?ver=1786466525,,Sin equivalente,URL técnica de wp-content,text/html; charset=UTF-8,404,Not Found,,,,,,,
https://ete.es/wp-content/uploads/elementor/css/post-11222.css?ver=1786510503,,Sin equivalente,URL técnica de wp-content,text/html; charset=UTF-8,404,Not Found,,,,,,,
https://ete.es/tag/construir-centro-yoga/,,Sin equivalente,Archivo de etiqueta del blog,text/html; charset=UTF-8,200,OK,construir centro yoga archivos - Thermic Electric Solutions,construir centro yoga archivos - Thermic Electric Solutions . Calderas industriales y equipos de balnearios. ¡Entra!,CALDERAS ELÉCTRICAS INDUSTRIALES,HOT YOGA Y BIKRAM,Hot Yoga40 Sevilla,,https://ete.es/tag/construir-centro-yoga/
https://ete.es/en/electric-boilers/hot-water-hotels-gyms-residential-buildings/,https://cliente.morganmedia.es/ete/en/divisiones/industrial-hot-water-and-dhw/,Aproximada,,text/html; charset=UTF-8,200,OK,"Electric boilers in Hotels, Gyms and Neighborhood Communities - ETE","We carry out the installation of electric boilers in hotels, gyms and neighboring communities with all the guarantees. Simple installation, minimal maintenance and savings when heating water.",INDUSTRIAL ELECTRIC BOILERS,HOT YOGA Y BIKRAM,HOW MUCH ENERGY DO YOU SPEND HEATING THE WATER IN YOUR HOTEL?,2 year warranty - easy installation - low cost maintenance,https://ete.es/en/electric-boilers/hot-water-hotels-gyms-residential-buildings/
https://ete.es/wp-content/uploads/2021/11/alargascencia-1024x576.jpg,,Sin equivalente,"Recurso (CSS, JS o imagen), no es una página",image/jpeg,200,OK,,,,,,,
https://ete.es/tag/calderas-industriales-economicas/,,Sin equivalente,Archivo de etiqueta del blog,text/html; charset=UTF-8,200,OK,calderas industriales economicas archivos - Thermic Electric Solutions,calderas industriales economicas archivos - Thermic Electric Solutions . Calderas industriales y equipos de balnearios. ¡Entra!,CALDERAS ELÉCTRICAS INDUSTRIALES,HOT YOGA Y BIKRAM,Calderas Industriales Económicas,,https://ete.es/tag/calderas-industriales-economicas/
https://ete.es/2020/01/,,Sin equivalente,Archivo por fecha del blog,text/html; charset=UTF-8,200,OK,enero 2020 - Thermic Electric Solutions,,CALDERAS ELÉCTRICAS INDUSTRIALES,HOT YOGA Y BIKRAM,BIKRAM YOGA vs YOGA,,
https://ete.es/wp-content/uploads/elementor/css/post-6372.css?ver=1786356539,,Sin equivalente,URL técnica de wp-content,text/html; charset=UTF-8,404,Not Found,,,,,,,
https://ete.es/tag/calderas-vapor-pan/,,Sin equivalente,Archivo de etiqueta del blog,text/html; charset=UTF-8,200,OK,calderas vapor pan archivos - Thermic Electric Solutions,calderas vapor pan archivos - Thermic Electric Solutions . Calderas industriales y equipos de balnearios. ¡Entra!,CALDERAS ELÉCTRICAS INDUSTRIALES,HOT YOGA Y BIKRAM,REPARAR HORNOS DE PANADERIA,,https://ete.es/tag/calderas-vapor-pan/
https://ete.es/decalogo-de-razones-para-confiar-en-europea-termica-electrica/,,Sin equivalente,Entrada del blog (el sitio nuevo no tiene blog),text/html; charset=UTF-8,200,OK,10 razones para confiar en Europea Térmica Eléctrica,10 razones para confiar en Europea Térmica Eléctrica: nuestro valor fundamental es la tecnología que nos permite garantizar el servicio y reducir en un 80% los costos de mantenimiento.,CALDERAS ELÉCTRICAS INDUSTRIALES,HOT YOGA Y BIKRAM,Entradas recomendadas,,https://ete.es/decalogo-de-razones-para-confiar-en-europea-termica-electrica/
https://ete.es/category/balnearios/page/2/,,Sin equivalente,Archivo de categoría del blog,text/html; charset=UTF-8,200,OK,Balnearios - Página 2 de 11 - Thermic Electric Solutions,En ETE te proporcionamos toda la información necesaria sobre los valores en consumo y equipos. Las nuevas tecnologías bajan los consumos de las facturas de energía. ¡Contáctanos! - Página 2 de 11,CALDERAS ELÉCTRICAS INDUSTRIALES,HOT YOGA Y BIKRAM,Asesoramiento para Spa-Balneario,¿Qué es un circuito termal?,https://ete.es/category/balnearios/page/2/
https://ete.es/category/centros-bikram-2/,,Sin equivalente,Archivo de categoría del blog,text/html; charset=UTF-8,301,Moved Permanently,,,,,,,
https://ete.es/mantenimiento-calderas-industriales/,,Sin equivalente,Entrada del blog (el sitio nuevo no tiene blog),text/html; charset=UTF-8,200,OK,Mantenimiento calderas industriales,Este comentario es aplicable al mantenimiento de las calderas industriales fabricadas por Europea Térmica Eléctrica.,CALDERAS ELÉCTRICAS INDUSTRIALES,HOT YOGA Y BIKRAM,Entradas recomendadas,,https://ete.es/mantenimiento-calderas-industriales/
https://www.ete.es/ete-calderas/es/calderas-para-la-industria/caldera-de-agua-sobrecalentada-gps-hasta-200,https://cliente.morganmedia.es/ete/productos/producto-caldera-agua-210/,Exacta,URL antigua con redirección 301,text/html; charset=UTF-8,301,Moved Permanently,,,,,,,
https://ete.es/wp-content/uploads/elementor/css/post-6104.css?ver=1786349621,,Sin equivalente,"Recurso (CSS, JS o imagen), no es una página",text/css,200,OK,,,,,,,
https://ete.es/equipos-para-enfriar-agua/,,Sin equivalente,Entrada del blog (el sitio nuevo no tiene blog),text/html; charset=UTF-8,200,OK,Equipos para enfriar agua,"Los equipos para enfriar agua requieren de una tecnología específica para cada proceso. Si tiene un proceso de enfriar agua, desea mejorarlo, llámenos.",CALDERAS ELÉCTRICAS INDUSTRIALES,HOT YOGA Y BIKRAM,Entradas recomendadas,,https://ete.es/equipos-para-enfriar-agua/
https://www.ete.es/ete-calderas/es/calderas-para-la-industria/caldera-agua-caliente-hasta-100,https://cliente.morganmedia.es/ete/productos/producto-caldera-agua-110/,Exacta,URL antigua con redirección 301,text/html; charset=UTF-8,301,Moved Permanently,,,,,,,
https://ete.es/wp-content/uploads/elementor/css/post-11157.css?ver=1786589616,,Sin equivalente,"Recurso (CSS, JS o imagen), no es una página",text/css,200,OK,,,,,,,
https://ete.es/tag/agua-caliente/,,Sin equivalente,Archivo de etiqueta del blog,text/html; charset=UTF-8,200,OK,agua caliente archivos - Thermic Electric Solutions,agua caliente archivos - Thermic Electric Solutions . Calderas industriales y equipos de balnearios. ¡Entra!,CALDERAS ELÉCTRICAS INDUSTRIALES,HOT YOGA Y BIKRAM,Ahorrar agua en duchas,Calefacción: reducir consumo y mejorar la seguridad,https://ete.es/tag/agua-caliente/
https://ete.es/tag/calentador-agua/,,Sin equivalente,Archivo de etiqueta del blog,text/html; charset=UTF-8,200,OK,calentador agua archivos - Thermic Electric Solutions,calentador agua archivos - Thermic Electric Solutions . Calderas industriales y equipos de balnearios. ¡Entra!,CALDERAS ELÉCTRICAS INDUSTRIALES,HOT YOGA Y BIKRAM,COSTOS DE PRODUCCIÓN DE AGUA CALIENTE,,https://ete.es/tag/calentador-agua/
https://ete.es/tag/caldera-de-aceite-termico/,,Sin equivalente,Archivo de etiqueta del blog,text/html; charset=UTF-8,200,OK,caldera de aceite térmico archivos - Thermic Electric Solutions,caldera de aceite térmico archivos - Thermic Electric Solutions . Calderas industriales y equipos de balnearios. ¡Entra!,CALDERAS ELÉCTRICAS INDUSTRIALES,HOT YOGA Y BIKRAM,"GARANTIA, INGENIERIA AL SERVICIO DEL CLIENTE by Ete",,https://ete.es/tag/caldera-de-aceite-termico/
https://ete.es/author/ete/page/2/,,Sin equivalente,Archivo de autor del blog,text/html; charset=UTF-8,200,OK,"Fernando Sanz Pérez, autor en Thermic Electric Solutions - Página 2 de 8","Fernando Sanz Pérez, autor en Thermic Electric Solutions - Página 2 de 8",CALDERAS ELÉCTRICAS INDUSTRIALES,HOT YOGA Y BIKRAM,BIKRAM YOGA vs YOGA,CALOR ELÉCTRICO PARA LA INDUSTRIA Y CALEFACCIÓN.,https://ete.es/author/ete/page/2/
https://ete.es/wp-includes/css/dist/block-library/style.min.css?ver=6.9.7,,Sin equivalente,"Recurso (CSS, JS o imagen), no es una página",text/css,200,OK,,,,,,,
https://ete.es/en/thermal-oil-boilers-2/,https://cliente.morganmedia.es/ete/en/thermal-oil-boilers/,Exacta,URL antigua con redirección 301,text/html; charset=UTF-8,301,Moved Permanently,,,,,,,
https://ete.es/wp-content/uploads/elementor/css/post-8482.css?ver=1786354594,,Sin equivalente,URL técnica de wp-content,text/html; charset=UTF-8,404,Not Found,,,,,,,
https://ete.es/wp-content/uploads/elementor/css/post-8193.css?ver=1786800634,,Sin equivalente,URL técnica de wp-content,text/html; charset=UTF-8,404,Not Found,,,,,,,
https://www.ete.es/centrosbikram/,https://cliente.morganmedia.es/ete/divisiones/division-hot-yoga-bikram/,Aproximada,URL antigua con redirección 301,text/html; charset=UTF-8,301,Moved Permanently,,,,,,,
https://ete.es/tag/calderas-para-calefaccion/,,Sin equivalente,Archivo de etiqueta del blog,text/html; charset=UTF-8,200,OK,calderas para calefaccion archivos - Thermic Electric Solutions,calderas para calefaccion archivos - Thermic Electric Solutions . Calderas industriales y equipos de balnearios. ¡Entra!,CALDERAS ELÉCTRICAS INDUSTRIALES,HOT YOGA Y BIKRAM,Quién recomienda electricidad para producir calor,CAMBIAR VIEJAS CALDERAS PARA CALEFACCIÓN,https://ete.es/tag/calderas-para-calefaccion/
https://ete.es/agua-caliente-duchas/,,Sin equivalente,Entrada del blog (el sitio nuevo no tiene blog),text/html; charset=UTF-8,200,OK,Agua caliente para duchas,"Si quieres un servicio óptimo de agua caliente para duchas, instala los equipos eléctricos ETE que se fabrican desde 1977, alto rendimiento, bajo consumo.",CALDERAS ELÉCTRICAS INDUSTRIALES,HOT YOGA Y BIKRAM,Entradas recomendadas,,https://ete.es/agua-caliente-duchas/
https://ete.es/wp-content/uploads/elementor/css/post-6471.css?ver=1786546570,,Sin equivalente,URL técnica de wp-content,text/html; charset=UTF-8,404,Not Found,,,,,,,
https://ete.es/vapor-en-la-industria-plastica/,,Sin equivalente,Entrada del blog (el sitio nuevo no tiene blog),text/html; charset=UTF-8,200,OK,Soluciones de calor en la industria plástica,"Las calderas eléctricas de vapor, calderas eléctricas de agua 100ºC y agua 210ºC que fabrica Europea Térmica Eléctrica desde 1977 tienen un bajo consumo.",CALDERAS ELÉCTRICAS INDUSTRIALES,HOT YOGA Y BIKRAM,Entradas recomendadas,,https://ete.es/vapor-en-la-industria-plastica/
https://ete.es/calor-naves-y-locales/,,Sin equivalente,Entrada del blog (el sitio nuevo no tiene blog),text/html; charset=UTF-8,200,OK,Costo de calefacción,"En un local de 500m2, techos de 4m tienen un costo de calefacción que no pasa de 30€ en los meses fríos por 24 horas de calefacción.",CALDERAS ELÉCTRICAS INDUSTRIALES,HOT YOGA Y BIKRAM,Entradas recomendadas,,https://ete.es/calor-naves-y-locales/
https://ete.es/tag/calderas-electricas-de-agua/,,Sin equivalente,Archivo de etiqueta del blog,text/html; charset=UTF-8,200,OK,calderas eléctricas de agua archivos - Thermic Electric Solutions,calderas eléctricas de agua archivos - Thermic Electric Solutions . Calderas industriales y equipos de balnearios. ¡Entra!,CALDERAS ELÉCTRICAS INDUSTRIALES,HOT YOGA Y BIKRAM,CALDERAS INDUSTRIALES SERVICIO POST-VENTA,Soluciones de calor en la industria plástica,https://ete.es/tag/calderas-electricas-de-agua/
https://ete.es/wp-content/uploads/elementor/css/post-9003.css?ver=1786489457,,Sin equivalente,URL técnica de wp-content,text/html; charset=UTF-8,404,Not Found,,,,,,,
https://ete.es/tag/disenar-balneario/,,Sin equivalente,Archivo de etiqueta del blog,text/html; charset=UTF-8,200,OK,diseñar balneario archivos - Thermic Electric Solutions,diseñar balneario archivos - Thermic Electric Solutions . Calderas industriales y equipos de balnearios. ¡Entra!,CALDERAS ELÉCTRICAS INDUSTRIALES,HOT YOGA Y BIKRAM,Asesoramiento para Spa-Balneario,,https://ete.es/tag/disenar-balneario/
https://ete.es/wp-content/uploads/elementor/css/post-6225.css?ver=1786356694,,Sin equivalente,"Recurso (CSS, JS o imagen), no es una página",text/css,200,OK,,,,,,,
https://ete.es/equipos-para-balneario-spa/,,Sin equivalente,Entrada del blog (el sitio nuevo no tiene blog),text/html; charset=UTF-8,200,OK,Equipos para Balneario-Spa,"Equipos para Balneario-Spa by Ete (www.ete.es): deben ser energéticamente eficicientes, fáciles de instalar, con una vida útil de más de 15 años.",CALDERAS ELÉCTRICAS INDUSTRIALES,HOT YOGA Y BIKRAM,Entradas recomendadas,,https://ete.es/equipos-para-balneario-spa/
https://www.ete.es/ete-calderas/es/calderas-para-la-industria/caldera-de-aceite-termico-hasta-300,https://cliente.morganmedia.es/ete/productos/producto-caldera-aceite-termico-350/,Exacta,URL antigua con redirección 301,text/html; charset=UTF-8,301,Moved Permanently,,,,,,,
https://ete.es/costos-de-produccion-de-calor/,,Sin equivalente,Entrada del blog (el sitio nuevo no tiene blog),text/html; charset=UTF-8,200,OK,Costos de producción de calor,Costos de producción de calor.- La electricidad es la energía más barata para la producción de calor en la industria siempre que se instalen calderas con la tecnología adecuada.,CALDERAS ELÉCTRICAS INDUSTRIALES,HOT YOGA Y BIKRAM,Entradas recomendadas,,https://ete.es/costos-de-produccion-de-calor/
https://ete.es/wp-content/uploads/elementor/css/post-6711.css?ver=1786366205,,Sin equivalente,"Recurso (CSS, JS o imagen), no es una página",text/css,200,OK,,,,,,,
https://ete.es/wp-content/uploads/elementor/css/post-6243.css?ver=1786353285,,Sin equivalente,URL técnica de wp-content,text/html; charset=UTF-8,404,Not Found,,,,,,,
https://ete.es/tag/climatizadores/,,Sin equivalente,Archivo de etiqueta del blog,text/html; charset=UTF-8,200,OK,climatizadores archivos - Thermic Electric Solutions,climatizadores archivos - Thermic Electric Solutions . Calderas industriales y equipos de balnearios. ¡Entra!,CALDERAS ELÉCTRICAS INDUSTRIALES,HOT YOGA Y BIKRAM,REPARAR HORNOS DE PANADERIA,,https://ete.es/tag/climatizadores/
https://ete.es/calor-electrico-para-la-industria-y-calefaccion/,,Sin equivalente,Entrada del blog (el sitio nuevo no tiene blog),text/html; charset=UTF-8,200,OK,Calor Eléctrico para Industria y Calefacción,"La industria que tenga calderas de combustión tendrá que cambiarlas. Desde 1977 proponemos Equipos Eléctricos Ete sin gastos de mantenimiento, cero emisiones",CALDERAS ELÉCTRICAS INDUSTRIALES,HOT YOGA Y BIKRAM,Entradas recomendadas,,https://ete.es/calor-electrico-para-la-industria-y-calefaccion/
https://ete.es/produccion-de-calor-en-mataderos/,,Sin equivalente,Entrada del blog (el sitio nuevo no tiene blog),text/html; charset=UTF-8,200,OK,"Calderas Industriales, producción de calor en mataderos - Thermic Electric Solutions","Calderas industriales Ete de alta tecnología para mataderos, generan ahorros de hasta un 50% con respecto a sistemas de combustión.",CALDERAS ELÉCTRICAS INDUSTRIALES,HOT YOGA Y BIKRAM,Entradas recomendadas,,https://ete.es/produccion-de-calor-en-mataderos/
http://www.ete.es/,https://cliente.morganmedia.es/ete/,Exacta,URL antigua con redirección 301,text/html; charset=UTF-8,301,Moved Permanently,,,,,,,
https://www.ete.es/ete-balnearios,https://cliente.morganmedia.es/ete/divisiones/division-spa-balnearios/,Exacta,URL antigua con redirección 301,text/html; charset=UTF-8,301,Moved Permanently,,,,,,,
https://ete.es/tag/vapor-en-la-industria-quimica/,,Sin equivalente,Archivo de etiqueta del blog,text/html; charset=UTF-8,200,OK,vapor en la industria química archivos - Thermic Electric Solutions,vapor en la industria química archivos - Thermic Electric Solutions . Calderas industriales y equipos de balnearios. ¡Entra!,CALDERAS ELÉCTRICAS INDUSTRIALES,HOT YOGA Y BIKRAM,Soluciones de calor en la industria química,,https://ete.es/tag/vapor-en-la-industria-quimica/
https://ete.es/tag/piscina-tonificacion/,,Sin equivalente,Archivo de etiqueta del blog,text/html; charset=UTF-8,200,OK,piscina tonificación archivos - Thermic Electric Solutions,piscina tonificación archivos - Thermic Electric Solutions . Calderas industriales y equipos de balnearios. ¡Entra!,CALDERAS ELÉCTRICAS INDUSTRIALES,HOT YOGA Y BIKRAM,GESTION DE LOS SPA BALNEARIO EN HOTELES,"El agua, el milagro de la naturaleza que debemos cuidar",https://ete.es/tag/piscina-tonificacion/
https://ete.es/wp-content/uploads/elementor/css/post-6731.css?ver=1786367227,,Sin equivalente,"Recurso (CSS, JS o imagen), no es una página",text/css,200,OK,,,,,,,
https://ete.es/wp-content/uploads/elementor/css/post-6722.css?ver=1786323972,,Sin equivalente,"Recurso (CSS, JS o imagen), no es una página",text/css,200,OK,,,,,,,
https://ete.es/tag/calderas-electricas-2/page/2/,,Sin equivalente,Archivo de etiqueta del blog,text/html; charset=UTF-8,200,OK,Calderas eléctricas al mejor precio - Página 2 de 5 - Thermic Electric Solutions,Desde 1990 esta cambiando el paradigma del costo de las energías con la incorporación de las renovables para producir electricidad.,CALDERAS ELÉCTRICAS INDUSTRIALES,HOT YOGA Y BIKRAM,RITE calefacción eléctrica en edificios,CALEFACCIÓN EN NAVES INDUSTRIALES,https://ete.es/tag/calderas-electricas-2/page/2/
https://ete.es/tag/equipos-de-produccion-de-vapo/,,Sin equivalente,Archivo de etiqueta del blog,text/html; charset=UTF-8,200,OK,equipos de producción de vapo archivos - Thermic Electric Solutions,equipos de producción de vapo archivos - Thermic Electric Solutions . Calderas industriales y equipos de balnearios. ¡Entra!,CALDERAS ELÉCTRICAS INDUSTRIALES,HOT YOGA Y BIKRAM,Vapor para hornos de panadería,,https://ete.es/tag/equipos-de-produccion-de-vapo/
https://ete.es/en/hot-waters-generators/,https://cliente.morganmedia.es/ete/en/hot-water-generators/,Exacta,URL antigua con redirección 301,text/html; charset=UTF-8,301,Moved Permanently,,,,,,,
https://ete.es/en/author/ete/,,Sin equivalente,Archivo de autor del blog,text/html; charset=UTF-8,200,OK,"Fernando Sanz Pérez, autor en Thermic Electric Solutions","Fernando Sanz Pérez, autor en Thermic Electric Solutions",INDUSTRIAL ELECTRIC BOILERS,HOT YOGA Y BIKRAM,Bikram Yoga Vs. Yoga,Bikram Yoga,https://ete.es/en/author/ete/
https://ete.es/wp-content/uploads/elementor/css/post-9486.css?ver=1786361030,,Sin equivalente,URL técnica de wp-content,text/html; charset=UTF-8,404,Not Found,,,,,,,
https://ete.es/tag/balneario/,,Sin equivalente,Archivo de etiqueta del blog,text/html; charset=UTF-8,200,OK,balneario archivos - Thermic Electric Solutions,balneario archivos - Thermic Electric Solutions . Calderas industriales y equipos de balnearios. ¡Entra!,CALDERAS ELÉCTRICAS INDUSTRIALES,HOT YOGA Y BIKRAM,Asesoramiento para Spa-Balneario,PORQUE INVERTIR EN BALNEARIOS-SPA,https://ete.es/tag/balneario/
https://ete.es/wp-content/uploads/elementor/css/post-6387.css?ver=1786357497,,Sin equivalente,URL técnica de wp-content,text/html; charset=UTF-8,404,Not Found,,,,,,,
https://ete.es/tag/acumulacion-de-calor/,,Sin equivalente,Archivo de etiqueta del blog,text/html; charset=UTF-8,200,OK,acumulación de calor - Thermic Electric Solutions,"Si quieres añadir calefacción en una nave, en ETE te informamos de todo. El equipo ETE te dará la información que necesitas. ¡Consúltanos!",CALDERAS ELÉCTRICAS INDUSTRIALES,HOT YOGA Y BIKRAM,CALEFACCIÓN EN NAVES INDUSTRIALES,EFICIENCIA ENERGETICA EN EDIFICIOS,https://ete.es/tag/acumulacion-de-calor/
https://ete.es/tag/caldera-de-vapor/www.ete.es/contacto,,Sin equivalente,Archivo de etiqueta del blog,text/html; charset=UTF-8,301,Moved Permanently,,,,,,,
https://ete.es/wp-content/uploads/elementor/css/post-7421.css?ver=1786367227,,Sin equivalente,"Recurso (CSS, JS o imagen), no es una página",text/css,200,OK,,,,,,,
https://ete.es/wp-content/uploads/elementor/css/post-6005.css?ver=1786353885,,Sin equivalente,"Recurso (CSS, JS o imagen), no es una página",text/css,200,OK,,,,,,,
https://ete.es/wp-content/uploads/elementor/css/post-6210.css?ver=1786357014,,Sin equivalente,"Recurso (CSS, JS o imagen), no es una página",text/css,200,OK,,,,,,,
https://ete.es/wp-content/uploads/elementor/css/post-6257.css?ver=1786352857,,Sin equivalente,"Recurso (CSS, JS o imagen), no es una página",text/css,200,OK,,,,,,,
https://ete.es/tag/duchas-bitermicas/,,Sin equivalente,Archivo de etiqueta del blog,text/html; charset=UTF-8,200,OK,duchas bitérmicas archivos - Thermic Electric Solutions,duchas bitérmicas archivos - Thermic Electric Solutions . Calderas industriales y equipos de balnearios. ¡Entra!,CALDERAS ELÉCTRICAS INDUSTRIALES,HOT YOGA Y BIKRAM,EL NEGOCIO DE LOS SPA BALNEARIO,GESTION DE LOS SPA BALNEARIO EN HOTELES,https://ete.es/tag/duchas-bitermicas/
https://ete.es/wp-content/uploads/2020/04/ind.-alimentaria.jpg,,Sin equivalente,"Recurso (CSS, JS o imagen), no es una página",image/jpeg,200,OK,,,,,,,
https://www.ete.es/newete/,https://cliente.morganmedia.es/ete/,Aproximada,URL antigua con redirección 301,text/html; charset=UTF-8,301,Moved Permanently,,,,,,,
https://ete.es/tag/asesoramiento-centro-bikram/,,Sin equivalente,Archivo de etiqueta del blog,text/html; charset=UTF-8,200,OK,asesoramiento centro bikram archivos - Thermic Electric Solutions,asesoramiento centro bikram archivos - Thermic Electric Solutions . Calderas industriales y equipos de balnearios. ¡Entra!,CALDERAS ELÉCTRICAS INDUSTRIALES,HOT YOGA Y BIKRAM,Asesoramiento para Centros y Salas Bikram,,https://ete.es/tag/asesoramiento-centro-bikram/
https://ete.es/wp-content/uploads/elementor/css/post-6382.css?ver=1786357028,,Sin equivalente,URL técnica de wp-content,text/html; charset=UTF-8,404,Not Found,,,,,,,
https://ete.es/wp-content/uploads/elementor/css/post-6700.css?ver=1786332202,,Sin equivalente,"Recurso (CSS, JS o imagen), no es una página",text/css,200,OK,,,,,,,
https://ete.es/wp-content/uploads/elementor/css/post-8048.css?ver=1786800631,,Sin equivalente,URL técnica de wp-content,text/html; charset=UTF-8,404,Not Found,,,,,,,
https://ete.es/wp-content/uploads/2020/07/Calentamiento-global.png,,Sin equivalente,"Recurso (CSS, JS o imagen), no es una página",image/png,200,OK,,,,,,,
https://ete.es/wp-content/uploads/elementor/css/post-6313.css?ver=1786355074,,Sin equivalente,"Recurso (CSS, JS o imagen), no es una página",text/css,200,OK,,,,,,,
https://ete.es/calcule-consumo-agua-instalacion-deportiva/,,Sin equivalente,Entrada del blog (el sitio nuevo no tiene blog),text/html; charset=UTF-8,200,OK,Equipo agua caliente para instalaciones deportivas,"Los equipos de agua caliente para instalaciones deportivas by Ete, son eléctricos, de bajo consumo energético y una vida útil superior a 25 años",CALDERAS ELÉCTRICAS INDUSTRIALES,HOT YOGA Y BIKRAM,Entradas recomendadas,,https://ete.es/calcule-consumo-agua-instalacion-deportiva/
https://ete.es/ete-una-historia-de-trabajo-investigacion-y-exito/,,Sin equivalente,Entrada del blog (el sitio nuevo no tiene blog),text/html; charset=UTF-8,200,OK,calderas eléctricas,Fabricamos desde 1977 calderas eléctricas que definimos de alta tecnología por comparación con la tecnología que existe en el mercado.,CALDERAS ELÉCTRICAS INDUSTRIALES,HOT YOGA Y BIKRAM,Entradas recomendadas,,https://ete.es/ete-una-historia-de-trabajo-investigacion-y-exito/
https://ete.es/tag/caldera-industrial/,,Sin equivalente,Archivo de etiqueta del blog,text/html; charset=UTF-8,200,OK,caldera industrial archivos - Thermic Electric Solutions,caldera industrial archivos - Thermic Electric Solutions . Calderas industriales y equipos de balnearios. ¡Entra!,CALDERAS ELÉCTRICAS INDUSTRIALES,HOT YOGA Y BIKRAM,Calderas Industriales Económicas,AHORRAR CALEFACCIÓN EN NAVES Y OFICINAS,https://ete.es/tag/caldera-industrial/
https://ete.es/category/balnearios/www.ete.es/contacto,,Sin equivalente,Archivo de categoría del blog,text/html; charset=UTF-8,301,Moved Permanently,,,,,,,
https://ete.es/tag/calderas-electricas-2/page/3/,,Sin equivalente,Archivo de etiqueta del blog,text/html; charset=UTF-8,200,OK,Calderas eléctricas al mejor precio - Página 3 de 5 - Thermic Electric Solutions,Desde 1990 esta cambiando el paradigma del costo de las energías con la incorporación de las renovables para producir electricidad.,CALDERAS ELÉCTRICAS INDUSTRIALES,HOT YOGA Y BIKRAM,CALEFACCIÓN FACTORES DE CONFORT,EFICIENCIA DE LAS CALDERAS ELECTRICAS,https://ete.es/tag/calderas-electricas-2/page/3/
https://ete.es/tag/sala-bikram/,,Sin equivalente,Archivo de etiqueta del blog,text/html; charset=UTF-8,200,OK,sala bikram archivos - Thermic Electric Solutions,sala bikram archivos - Thermic Electric Solutions . Calderas industriales y equipos de balnearios. ¡Entra!,CALDERAS ELÉCTRICAS INDUSTRIALES,HOT YOGA Y BIKRAM,Asesoramiento para Centros y Salas Bikram,,https://ete.es/tag/sala-bikram/
https://ete.es/calderas-electricas/acs-hoteles-gimnasios-y-comunidades-de-vecinos/,https://cliente.morganmedia.es/ete/divisiones/division-agua-caliente-acs/,Aproximada,,text/html; charset=UTF-8,200,OK,"Calderas eléctricas en Hoteles, Gimnasios y Comunidades de vecinos - ETE","Realizamos la instalación de Calderas eléctricas en Hoteles, Gimnasios y Comunidades de vecinos con todas las garantías. Instalación sencilla, mínimo mantenimiento y ahorro al calentar agua. ¡Entra!",CALDERAS ELÉCTRICAS INDUSTRIALES,HOT YOGA Y BIKRAM,¿CUÁNTA ENERGÍA GASTA EN CALENTAR EL AGUA DE SU HOTEL?,2 años de garantía - instalación sencilla - mínimo mantenimiento,https://ete.es/calderas-electricas/acs-hoteles-gimnasios-y-comunidades-de-vecinos/
https://ete.es/wp-content/uploads/elementor/css/post-6692.css?ver=1786368756,,Sin equivalente,"Recurso (CSS, JS o imagen), no es una página",text/css,200,OK,,,,,,,
https://ete.es/wp-content/uploads/elementor/css/post-5749.css?ver=1786359989,,Sin equivalente,URL técnica de wp-content,text/html; charset=UTF-8,404,Not Found,,,,,,,
https://ete.es/wp-content/uploads/elementor/css/post-8277.css?ver=1786341722,,Sin equivalente,URL técnica de wp-content,text/html; charset=UTF-8,404,Not Found,,,,,,,
https://www.ete.es/en/contacto/,,Sin equivalente,Página de contacto (no existe en el sitio nuevo),text/html; charset=UTF-8,301,Moved Permanently,,,,,,,
https://ete.es/wp-content/uploads/elementor/css/post-11172.css?ver=1786334231,,Sin equivalente,URL técnica de wp-content,text/html; charset=UTF-8,404,Not Found,,,,,,,
https://ete.es/wp-content/uploads/elementor/css/post-6230.css?ver=1786357249,,Sin equivalente,"Recurso (CSS, JS o imagen), no es una página",text/css,200,OK,,,,,,,
https://ete.es/tag/calentar-el-agua-de-una-piscina/,,Sin equivalente,Archivo de etiqueta del blog,text/html; charset=UTF-8,200,OK,calentar el agua de una piscina archivos - Thermic Electric Solutions,calentar el agua de una piscina archivos - Thermic Electric Solutions . Calderas industriales y equipos de balnearios. ¡Entra!,CALDERAS ELÉCTRICAS INDUSTRIALES,HOT YOGA Y BIKRAM,COSTO DE CALENTAR AGUA DE PISCINA,CALENTADOR ELÉCTRICO PARA PISCINA,https://ete.es/tag/calentar-el-agua-de-una-piscina/
https://ete.es/wp-content/uploads/2021/06/Equipo-Electrico-ete-1.2.jpg,,Sin equivalente,"Recurso (CSS, JS o imagen), no es una página",image/jpeg,200,OK,,,,,,,
https://ete.es/en/steam-for-autoclaves/,,Sin equivalente,Entrada del blog (el sitio nuevo no tiene blog),text/html; charset=UTF-8,200,OK,Steam for autoclaves,ETE manufacture steam for autoclaves since 1977 applying new technology. We have boilers from 2kw up to 5000kw.,INDUSTRIAL ELECTRIC BOILERS,HOT YOGA Y BIKRAM,Recommended Posts,,https://ete.es/en/steam-for-autoclaves/
https://ete.es/tag/hornos-de-panaderias/,,Sin equivalente,Archivo de etiqueta del blog,text/html; charset=UTF-8,200,OK,hornos de panaderias archivos - Thermic Electric Solutions,hornos de panaderias archivos - Thermic Electric Solutions . Calderas industriales y equipos de balnearios. ¡Entra!,CALDERAS ELÉCTRICAS INDUSTRIALES,HOT YOGA Y BIKRAM,REPARAR HORNOS DE PANADERIA,,https://ete.es/tag/hornos-de-panaderias/
https://ete.es/vapor-en-la-industria-quimica/,,Sin equivalente,Entrada del blog (el sitio nuevo no tiene blog),text/html; charset=UTF-8,200,OK,Vapor en la industria química,"Las calderas eléctricas de vapor, calderas eléctricas de agua y agua sobrecalentada que fabrica Europea Térmica Eléctrica desde 1977 tienen un bajo consumo al tener un rendimiento durante toda su vida del 100%.",CALDERAS ELÉCTRICAS INDUSTRIALES,HOT YOGA Y BIKRAM,Entradas recomendadas,,https://ete.es/vapor-en-la-industria-quimica/
https://ete.es/wp-content/uploads/elementor/css/post-8664.css?ver=1786550538,,Sin equivalente,URL técnica de wp-content,text/html; charset=UTF-8,404,Not Found,,,,,,,
https://ete.es/wp-content/uploads/elementor/css/post-6341.css?ver=1786355565,,Sin equivalente,URL técnica de wp-content,text/html; charset=UTF-8,404,Not Found,,,,,,,
https://ete.es/wp-content/uploads/elementor/css/post-8142.css?ver=1786800631,,Sin equivalente,URL técnica de wp-content,text/html; charset=UTF-8,404,Not Found,,,,,,,
https://ete.es/vapor-en-la-industria-de-la-madera/,,Sin equivalente,Entrada del blog (el sitio nuevo no tiene blog),text/html; charset=UTF-8,200,OK,Soluciones de calor en la industria de la madera,"Las calderas de agua sobrecalentada ETE, reducen prácticamente a cero los gastos de mantenimiento que requieren las calderas de vapor y la instalación se simplifica de forma notable.",CALDERAS ELÉCTRICAS INDUSTRIALES,HOT YOGA Y BIKRAM,Entradas recomendadas,,https://ete.es/vapor-en-la-industria-de-la-madera/
https://ete.es/wp-content/uploads/elementor/css/post-6148.css?ver=1786359029,,Sin equivalente,URL técnica de wp-content,text/html; charset=UTF-8,404,Not Found,,,,,,,
https://ete.es/tag/caldera-electricaeficiencia-energeticamejorar-eficiencia-energeticareduccion-emisiones-de-co2/,,Sin equivalente,Archivo de etiqueta del blog,text/html; charset=UTF-8,200,OK,caldera eléctrica|eficiencia energética|mejorar eficiencia energética|reducción emisiones de CO2 archivos - Thermic Electric Solutions,caldera eléctrica|eficiencia energética|mejorar eficiencia energética|reducción emisiones de CO2 archivos - Thermic Electric Solutions . Calderas industriales y equipos de balnearios. ¡Entra!,CALDERAS ELÉCTRICAS INDUSTRIALES,HOT YOGA Y BIKRAM,Moldes plásticos: calentamiento y enfriamiento,,https://ete.es/tag/caldera-electricaeficiencia-energeticamejorar-eficiencia-energeticareduccion-emisiones-de-co2/
https://ete.es/tag/centros-bikram/,,Sin equivalente,Archivo de etiqueta del blog,text/html; charset=UTF-8,200,OK,centros bikram archivos - Thermic Electric Solutions,centros bikram archivos - Thermic Electric Solutions . Calderas industriales y equipos de balnearios. ¡Entra!,CALDERAS ELÉCTRICAS INDUSTRIALES,HOT YOGA Y BIKRAM,CENTROS YOGA CALIENTE,,https://ete.es/tag/centros-bikram/
https://ete.es/wp-content/uploads/elementor/css/post-6362.css?ver=1786356066,,Sin equivalente,"Recurso (CSS, JS o imagen), no es una página",text/css,200,OK,,,,,,,
https://ete.es/tag/generador-de-vapor-industrial/,,Sin equivalente,Archivo de etiqueta del blog,text/html; charset=UTF-8,200,OK,generador de vapor industrial archivos - Thermic Electric Solutions,generador de vapor industrial archivos - Thermic Electric Solutions . Calderas industriales y equipos de balnearios. ¡Entra!,CALDERAS ELÉCTRICAS INDUSTRIALES,HOT YOGA Y BIKRAM,"GARANTIA, INGENIERIA AL SERVICIO DEL CLIENTE by Ete",,https://ete.es/tag/generador-de-vapor-industrial/
https://ete.es/author/admin/page/19/,,Sin equivalente,Archivo de autor del blog,text/html; charset=UTF-8,200,OK,"admin, autor en Thermic Electric Solutions - Página 19 de 19","admin, autor en Thermic Electric Solutions - Página 19 de 19",CALDERAS ELÉCTRICAS INDUSTRIALES,HOT YOGA Y BIKRAM,CALENTAR AGUA DE PISCINA,GASTOS GESTIÓN DE CALEFACCIÓN,https://ete.es/author/admin/page/19/
https://ete.es/wp-content/uploads/elementor/css/post-8642.css?ver=1786800646,,Sin equivalente,URL técnica de wp-content,text/html; charset=UTF-8,404,Not Found,,,,,,,
https://ete.es/garantia-ingenieria-al-servicio-del-cliente-by-ete/,,Sin equivalente,Entrada del blog (el sitio nuevo no tiene blog),text/html; charset=UTF-8,200,OK,"Garantía, Ingeniería al servicio del cliente by Ete","Ete tiene un solo fin: estar al servicio del cliente, aportando información precisa sobre la solución que necesita, con mínimo costo de compra, sin gastos de mantenimiento, sin averías durante muchos años y con un gasto energético inferior al tendría con energías combustibles.",CALDERAS ELÉCTRICAS INDUSTRIALES,HOT YOGA Y BIKRAM,Entradas recomendadas,,https://ete.es/garantia-ingenieria-al-servicio-del-cliente-by-ete/
https://ete.es/tag/instalacion-de-calderas-electricas/,,Sin equivalente,Archivo de etiqueta del blog,text/html; charset=UTF-8,200,OK,instalación de calderas eléctricas archivos - Thermic Electric Solutions,instalación de calderas eléctricas archivos - Thermic Electric Solutions . Calderas industriales y equipos de balnearios. ¡Entra!,CALDERAS ELÉCTRICAS INDUSTRIALES,HOT YOGA Y BIKRAM,Caldera de Vapor Industrial,,https://ete.es/tag/instalacion-de-calderas-electricas/
https://ete.es/tag/procesos-termicos/,,Sin equivalente,Archivo de etiqueta del blog,text/html; charset=UTF-8,200,OK,procesos térmicos archivos - Thermic Electric Solutions,procesos térmicos archivos - Thermic Electric Solutions . Calderas industriales y equipos de balnearios. ¡Entra!,CALDERAS ELÉCTRICAS INDUSTRIALES,HOT YOGA Y BIKRAM,Caldera de Vapor Industrial,,https://ete.es/tag/procesos-termicos/
https://www.ete.es/equipos-spa-balnearios/consejos-de-diseno-modo-ete/,https://cliente.morganmedia.es/ete/divisiones/division-spa-balnearios/,Aproximada,URL antigua con redirección 301,text/html; charset=UTF-8,301,Moved Permanently,,,,,,,
https://ete.es/tag/costos-energeticos/,,Sin equivalente,Archivo de etiqueta del blog,text/html; charset=UTF-8,200,OK,costos energéticos archivos - Thermic Electric Solutions,costos energéticos archivos - Thermic Electric Solutions . Calderas industriales y equipos de balnearios. ¡Entra!,CALDERAS ELÉCTRICAS INDUSTRIALES,HOT YOGA Y BIKRAM,CALDERA GAS VS CALDERA ELECTRICA,VAPOR PARA FUNDIR CERA,https://ete.es/tag/costos-energeticos/
https://ete.es/wp-content/uploads/elementor/css/post-11127.css?ver=1786437463,,Sin equivalente,"Recurso (CSS, JS o imagen), no es una página",text/css,200,OK,,,,,,,
https://ete.es/la-transicion-energetica-en-la-industria/,,Sin equivalente,Entrada del blog (el sitio nuevo no tiene blog),text/html; charset=UTF-8,200,OK,La transición energética en la industria,La contaminación tiene fácil solución: quitar los millones de calderas de combustión en industrias y viviendas e instalar equipos eléctricos eficientes,CALDERAS ELÉCTRICAS INDUSTRIALES,HOT YOGA Y BIKRAM,Entradas recomendadas,,https://ete.es/la-transicion-energetica-en-la-industria/
https://ete.es/wp-content/uploads/2020/04/Industria-textil.jpg,,Sin equivalente,"Recurso (CSS, JS o imagen), no es una página",image/jpeg,200,OK,,,,,,,
https://ete.es/tag/secador-de-banadores/,,Sin equivalente,Archivo de etiqueta del blog,text/html; charset=UTF-8,200,OK,secador de bañadores archivos - Thermic Electric Solutions,secador de bañadores archivos - Thermic Electric Solutions . Calderas industriales y equipos de balnearios. ¡Entra!,CALDERAS ELÉCTRICAS INDUSTRIALES,HOT YOGA Y BIKRAM,Donde se instala el secador de bañadores Etedryer,Equipos para Piscinas,https://ete.es/tag/secador-de-banadores/
https://ete.es/centros-bikram-hot-yoga/,,Sin equivalente,Entrada del blog (el sitio nuevo no tiene blog),text/html; charset=UTF-8,200,OK,CENTROS YOGA CALIENTE,Centros yoga caliente: Para que el centro de Yoga caliente tenga éxito son necesarios tres elementos que deben cuidarse para que tenga futuro y genere negocio.,CALDERAS ELÉCTRICAS INDUSTRIALES,HOT YOGA Y BIKRAM,Entradas recomendadas,,https://ete.es/centros-bikram-hot-yoga/
https://ete.es/tag/caldera-de-vapor/www.ete./contacto,,Sin equivalente,Archivo de etiqueta del blog,text/html; charset=UTF-8,301,Moved Permanently,,,,,,,
https://ete.es/tag/piscina-hidromasaje/,,Sin equivalente,Archivo de etiqueta del blog,text/html; charset=UTF-8,200,OK,piscina hidromasaje archivos - Thermic Electric Solutions,piscina hidromasaje archivos - Thermic Electric Solutions . Calderas industriales y equipos de balnearios. ¡Entra!,CALDERAS ELÉCTRICAS INDUSTRIALES,HOT YOGA Y BIKRAM,GESTION DE LOS SPA BALNEARIO EN HOTELES,"El agua, el milagro de la naturaleza que debemos cuidar",https://ete.es/tag/piscina-hidromasaje/
https://ete.es/wp-content/uploads/elementor/css/post-6125.css?ver=1786359030,,Sin equivalente,"Recurso (CSS, JS o imagen), no es una página",text/css,200,OK,,,,,,,
https://ete.es/wp-content/uploads/elementor/css/post-6202.css?ver=1786353795,,Sin equivalente,URL técnica de wp-content,text/html; charset=UTF-8,404,Not Found,,,,,,,
https://ete.es/wp-content/uploads/elementor/css/post-6286.css?ver=1786319614,,Sin equivalente,"Recurso (CSS, JS o imagen), no es una página",text/css,200,OK,,,,,,,
https://ete.es/tag/calderas-electricas-fluido-termico/,,Sin equivalente,Archivo de etiqueta del blog,text/html; charset=UTF-8,200,OK,calderas eléctricas fluido térmico archivos - Thermic Electric Solutions,calderas eléctricas fluido térmico archivos - Thermic Electric Solutions . Calderas industriales y equipos de balnearios. ¡Entra!,CALDERAS ELÉCTRICAS INDUSTRIALES,HOT YOGA Y BIKRAM,CALDERAS INDUSTRIALES SERVICIO POST-VENTA,Soluciones de calor en la industria química,https://ete.es/tag/calderas-electricas-fluido-termico/
https://ete.es/tag/calderas-electricas-de-vapor/,,Sin equivalente,Archivo de etiqueta del blog,text/html; charset=UTF-8,200,OK,calderas eléctricas de vapor archivos - Thermic Electric Solutions,calderas eléctricas de vapor archivos - Thermic Electric Solutions . Calderas industriales y equipos de balnearios. ¡Entra!,CALDERAS ELÉCTRICAS INDUSTRIALES,HOT YOGA Y BIKRAM,CALDERAS INDUSTRIALES SERVICIO POST-VENTA,Soluciones de calor en la industria plástica,https://ete.es/tag/calderas-electricas-de-vapor/
https://ete.es/asesoramiento-para-centros-y-salas-bikram-2/,,Sin equivalente,Entrada del blog (el sitio nuevo no tiene blog),text/html; charset=UTF-8,200,OK,Equipos y tecnología para el éxito de tus centros Bikram,"Podemos ofertar los equipos para centros bikram. Podemos diseñar el centro Bikram, asesorar durante la obra, soluciones constructivas y materiales.",CALDERAS ELÉCTRICAS INDUSTRIALES,HOT YOGA Y BIKRAM,,"Equipos de calor para el éxito de tu centro Bikram, innovación y experiencia ETE",https://ete.es/asesoramiento-para-centros-y-salas-bikram-2/
https://ete.es/tag/calderas-de-agua/,,Sin equivalente,Archivo de etiqueta del blog,text/html; charset=UTF-8,200,OK,calderas de agua archivos - Thermic Electric Solutions,calderas de agua archivos - Thermic Electric Solutions . Calderas industriales y equipos de balnearios. ¡Entra!,CALDERAS ELÉCTRICAS INDUSTRIALES,HOT YOGA Y BIKRAM,Vapor para producción de mermeladas,Calderas Industriales Económicas,https://ete.es/tag/calderas-de-agua/
https://ete.es/generadores-de-vapor-para-autoclaves/,,Sin equivalente,Entrada del blog (el sitio nuevo no tiene blog),text/html; charset=UTF-8,200,OK,Generadores de vapor para autoclaves,Los generadores de vapor para autoclaves fabricados por Europea Térmica Eléctrica producen ahorros de más de un 40% frente a cualquier otra solución.,CALDERAS ELÉCTRICAS INDUSTRIALES,HOT YOGA Y BIKRAM,Entradas recomendadas,,https://ete.es/generadores-de-vapor-para-autoclaves/
https://ete.es/tag/gestion-spa-balneario/,,Sin equivalente,Archivo de etiqueta del blog,text/html; charset=UTF-8,200,OK,gestion spa-balneario archivos - Thermic Electric Solutions,gestion spa-balneario archivos - Thermic Electric Solutions . Calderas industriales y equipos de balnearios. ¡Entra!,CALDERAS ELÉCTRICAS INDUSTRIALES,HOT YOGA Y BIKRAM,GESTION DE LOS SPA BALNEARIO EN HOTELES,,https://ete.es/tag/gestion-spa-balneario/
https://ete.es/wp-content/uploads/elementor/css/post-5718.css?ver=1786546525,,Sin equivalente,"Recurso (CSS, JS o imagen), no es una página",text/css,200,OK,,,,,,,
https://ete.es/tag/calderas-electricas-2/www.ete./contacto,,Sin equivalente,Archivo de etiqueta del blog,text/html; charset=UTF-8,301,Moved Permanently,,,,,,,
https://ete.es/__trashed-2/,,Sin equivalente,Entrada del blog (el sitio nuevo no tiene blog),text/html; charset=UTF-8,200,OK,"Calderas eléctricas: calor, electricidad, ingenierias",Con las calderas eléctricas ete  las instalaciones se simplifican y abaratan. hemos conseguido que todos nuestros equipos tengan un rendimiento del 100%.,CALDERAS ELÉCTRICAS INDUSTRIALES,HOT YOGA Y BIKRAM,Entradas recomendadas,,https://ete.es/__trashed-2/
https://ete.es/tag/caldera-electrica-vapor/,,Sin equivalente,Archivo de etiqueta del blog,text/html; charset=UTF-8,200,OK,caldera electrica vapor archivos - Thermic Electric Solutions,caldera electrica vapor archivos - Thermic Electric Solutions . Calderas industriales y equipos de balnearios. ¡Entra!,CALDERAS ELÉCTRICAS INDUSTRIALES,HOT YOGA Y BIKRAM,CALDERAS VAPOR INDUSTRIA ALIMENTARIA,VAPOR PARA PROCESAR ALOE,https://ete.es/tag/caldera-electrica-vapor/
https://ete.es/wp-content/uploads/elementor/css/post-8763.css?ver=1786719177,,Sin equivalente,URL técnica de wp-content,text/html; charset=UTF-8,404,Not Found,,,,,,,
https://ete.es/wp-content/uploads/elementor/css/post-7911.css?ver=1786712754,,Sin equivalente,URL técnica de wp-content,text/html; charset=UTF-8,404,Not Found,,,,,,,
https://ete.es/author/admin/www.ete./contacto,,Sin equivalente,Archivo de autor del blog,text/html; charset=UTF-8,301,Moved Permanently,,,,,,,
https://ete.es/tag/rendimiento-calderas/,,Sin equivalente,Archivo de etiqueta del blog,text/html; charset=UTF-8,200,OK,rendimiento calderas archivos - Thermic Electric Solutions,rendimiento calderas archivos - Thermic Electric Solutions . Calderas industriales y equipos de balnearios. ¡Entra!,CALDERAS ELÉCTRICAS INDUSTRIALES,HOT YOGA Y BIKRAM,Calderas Industriales Económicas,,https://ete.es/tag/rendimiento-calderas/
https://www.ete.es/pressroom/archives/disenamos-y-fabricamos-una-caldera-de-aceite-termico-para-una-empresa-maderera-en-chile/,,Sin equivalente,URL antigua con redirección 301,text/html; charset=UTF-8,301,Moved Permanently,,,,,,,
https://ete.es/tag/caldera-de-agua-sobrecalentada/,,Sin equivalente,Archivo de etiqueta del blog,text/html; charset=UTF-8,200,OK,caldera de agua sobrecalentada archivos - Thermic Electric Solutions,caldera de agua sobrecalentada archivos - Thermic Electric Solutions . Calderas industriales y equipos de balnearios. ¡Entra!,CALDERAS ELÉCTRICAS INDUSTRIALES,HOT YOGA Y BIKRAM,Caldera de Vapor Industrial,,https://ete.es/tag/caldera-de-agua-sobrecalentada/
https://ete.es/tag/secado-de-papel/,,Sin equivalente,Archivo de etiqueta del blog,text/html; charset=UTF-8,200,OK,Secado de papel archivos - Thermic Electric Solutions,Secado de papel archivos - Thermic Electric Solutions . Calderas industriales y equipos de balnearios. ¡Entra!,CALDERAS ELÉCTRICAS INDUSTRIALES,HOT YOGA Y BIKRAM,Secado de papel,,https://ete.es/tag/secado-de-papel/
https://ete.es/tag/vapor-hornos-industriales/,,Sin equivalente,Archivo de etiqueta del blog,text/html; charset=UTF-8,200,OK,vapor hornos industriales archivos - Thermic Electric Solutions,vapor hornos industriales archivos - Thermic Electric Solutions . Calderas industriales y equipos de balnearios. ¡Entra!,CALDERAS ELÉCTRICAS INDUSTRIALES,HOT YOGA Y BIKRAM,Vapor para hornos de panadería,,https://ete.es/tag/vapor-hornos-industriales/
https://ete.es/tag/calderas-electricas-industriales/,,Sin equivalente,Archivo de etiqueta del blog,text/html; charset=UTF-8,200,OK,calderas eléctricas industriales archivos - Thermic Electric Solutions,calderas eléctricas industriales archivos - Thermic Electric Solutions . Calderas industriales y equipos de balnearios. ¡Entra!,CALDERAS ELÉCTRICAS INDUSTRIALES,HOT YOGA Y BIKRAM,Contaminación en las instalaciones de calor,CALDERAS INDUSTRIALES SERVICIO POST-VENTA,https://ete.es/tag/calderas-electricas-industriales/
https://ete.es/tag/calderas-de-vapor/,,Sin equivalente,Archivo de etiqueta del blog,text/html; charset=UTF-8,200,OK,calderas de vapor archivos - Thermic Electric Solutions,calderas de vapor archivos - Thermic Electric Solutions . Calderas industriales y equipos de balnearios. ¡Entra!,CALDERAS ELÉCTRICAS INDUSTRIALES,HOT YOGA Y BIKRAM,Producir calor con tecnología 10,"Calderas industriales Ete, tecnología del siglo XXI",https://ete.es/tag/calderas-de-vapor/
https://ete.es/vapor-para-fundir-cera/,,Sin equivalente,Entrada del blog (el sitio nuevo no tiene blog),text/html; charset=UTF-8,200,OK,Vapor para fundir cera,Los apicultores y la industria de la miel utilizan el calor para los procesos industriales de las colmenas.Los técnicos de Europea Térmica Eléctrica han calculado y diseñado la caldera de vapor para la extracción de cera.,CALDERAS ELÉCTRICAS INDUSTRIALES,HOT YOGA Y BIKRAM,Entradas recomendadas,,https://ete.es/vapor-para-fundir-cera/
https://ete.es/tag/caldera-de-fluido-termico/,,Sin equivalente,Archivo de etiqueta del blog,text/html; charset=UTF-8,200,OK,caldera de fluido térmico archivos - Thermic Electric Solutions,caldera de fluido térmico archivos - Thermic Electric Solutions . Calderas industriales y equipos de balnearios. ¡Entra!,CALDERAS ELÉCTRICAS INDUSTRIALES,HOT YOGA Y BIKRAM,Vapor en la industria alimentaria,Caldera de Vapor Industrial,https://ete.es/tag/caldera-de-fluido-termico/
https://ete.es/generador-de-vapor-de-alta-tecnologia/,,Sin equivalente,Entrada del blog (el sitio nuevo no tiene blog),text/html; charset=UTF-8,200,OK,Generador de Vapor de Alta Tecnología - Thermic Electric Solutions,"Generador de vapor de alta tecnología. Los generadores de vapor Ete no utilizan combustibles contaminantes, cero emisiones. ¡Entra!",CALDERAS ELÉCTRICAS INDUSTRIALES,HOT YOGA Y BIKRAM,Entradas recomendadas,,https://ete.es/generador-de-vapor-de-alta-tecnologia/
https://ete.es/wp-content/uploads/elementor/css/post-11255.css?ver=1786589669,,Sin equivalente,"Recurso (CSS, JS o imagen), no es una página",text/css,200,OK,,,,,,,
https://ete.es/wp-content/uploads/elementor/css/post-8910.css?ver=1786360216,,Sin equivalente,URL técnica de wp-content,text/html; charset=UTF-8,404,Not Found,,,,,,,
https://ete.es/wp-content/uploads/elementor/css/post-6161.css?ver=1786358469,,Sin equivalente,URL técnica de wp-content,text/html; charset=UTF-8,404,Not Found,,,,,,,
https://ete.es/wp-content/uploads/elementor/css/post-6057.css?ver=1786353415,,Sin equivalente,"Recurso (CSS, JS o imagen), no es una página",text/css,200,OK,,,,,,,
https://ete.es/tag/centro-bikram/,,Sin equivalente,Archivo de etiqueta del blog,text/html; charset=UTF-8,200,OK,centro bikram archivos - Thermic Electric Solutions,centro bikram archivos - Thermic Electric Solutions . Calderas industriales y equipos de balnearios. ¡Entra!,CALDERAS ELÉCTRICAS INDUSTRIALES,HOT YOGA Y BIKRAM,Asesoramiento para Centros y Salas Bikram,,https://ete.es/tag/centro-bikram/
https://ete.es/tag/aporte-vapor-al-pan/,,Sin equivalente,Archivo de etiqueta del blog,text/html; charset=UTF-8,200,OK,aporte vapor al pan archivos - Thermic Electric Solutions,aporte vapor al pan archivos - Thermic Electric Solutions . Calderas industriales y equipos de balnearios. ¡Entra!,CALDERAS ELÉCTRICAS INDUSTRIALES,HOT YOGA Y BIKRAM,REPARAR HORNOS DE PANADERIA,,https://ete.es/tag/aporte-vapor-al-pan/
https://ete.es/produccion-de-vapor-con-calderas-electricas/,,Sin equivalente,Entrada del blog (el sitio nuevo no tiene blog),text/html; charset=UTF-8,200,OK,PRODUCCIÓN DE VAPOR CON CALDERAS ELECTRICAS,"La producción de vapor con calderas eléctricas ETE pueden trabajar desde presión atmosférica hasta 100 bares, instalación sencilla, económica, eficiente.",CALDERAS ELÉCTRICAS INDUSTRIALES,HOT YOGA Y BIKRAM,Entradas recomendadas,,https://ete.es/produccion-de-vapor-con-calderas-electricas/
https://ete.es/tag/calentar-agua/,,Sin equivalente,Archivo de etiqueta del blog,text/html; charset=UTF-8,200,OK,calentar agua archivos - Thermic Electric Solutions,calentar agua archivos - Thermic Electric Solutions . Calderas industriales y equipos de balnearios. ¡Entra!,CALDERAS ELÉCTRICAS INDUSTRIALES,HOT YOGA Y BIKRAM,"CALOR, ELECTRICIDAD, INGENIERIAS",Costos de producción de calor,https://ete.es/tag/calentar-agua/
https://ete.es/wp-content/uploads/elementor/css/post-8620.css?ver=1786800645,,Sin equivalente,"Recurso (CSS, JS o imagen), no es una página",text/css,200,OK,,,,,,,
https://ete.es/tag/climatizador-camara-fermentacion/,,Sin equivalente,Archivo de etiqueta del blog,text/html; charset=UTF-8,200,OK,climatizador cámara fermentación archivos - Thermic Electric Solutions,climatizador cámara fermentación archivos - Thermic Electric Solutions . Calderas industriales y equipos de balnearios. ¡Entra!,CALDERAS ELÉCTRICAS INDUSTRIALES,HOT YOGA Y BIKRAM,FERMENTACIÓN DEL PAN,,https://ete.es/tag/climatizador-camara-fermentacion/
https://ete.es/wp-content/uploads/elementor/css/post-6215.css?ver=1786355394,,Sin equivalente,"Recurso (CSS, JS o imagen), no es una página",text/css,200,OK,,,,,,,
https://ete.es/tag/vapor-en-la-industria/,,Sin equivalente,Archivo de etiqueta del blog,text/html; charset=UTF-8,200,OK,vapor en la industria archivos - Thermic Electric Solutions,vapor en la industria archivos - Thermic Electric Solutions . Calderas industriales y equipos de balnearios. ¡Entra!,CALDERAS ELÉCTRICAS INDUSTRIALES,HOT YOGA Y BIKRAM,Soluciones de calor en la industria farmacéutica,CALDERAS VAPOR INDUSTRIA ALIMENTARIA,https://ete.es/tag/vapor-en-la-industria/
https://ete.es/wp-content/uploads/elementor/css/post-8795.css?ver=1786800668,,Sin equivalente,URL técnica de wp-content,text/html; charset=UTF-8,404,Not Found,,,,,,,
https://ete.es/wp-content/uploads/elementor/css/post-5923.css?ver=1786353282,,Sin equivalente,URL técnica de wp-content,text/html; charset=UTF-8,404,Not Found,,,,,,,
https://ete.es/tag/produccion-de-agua-caliente/,,Sin equivalente,Archivo de etiqueta del blog,text/html; charset=UTF-8,200,OK,producción de agua caliente archivos - Thermic Electric Solutions,producción de agua caliente archivos - Thermic Electric Solutions . Calderas industriales y equipos de balnearios. ¡Entra!,CALDERAS ELÉCTRICAS INDUSTRIALES,HOT YOGA Y BIKRAM,COSTOS DE PRODUCCIÓN DE AGUA CALIENTE,,https://ete.es/tag/produccion-de-agua-caliente/
https://ete.es/wp-content/uploads/elementor/css/post-8706.css?ver=1786362442,,Sin equivalente,URL técnica de wp-content,text/html; charset=UTF-8,404,Not Found,,,,,,,
https://ete.es/wp-content/uploads/elementor/css/post-6174.css?ver=1786357037,,Sin equivalente,"Recurso (CSS, JS o imagen), no es una página",text/css,200,OK,,,,,,,
https://ete.es/2018/07/,,Sin equivalente,Archivo por fecha del blog,text/html; charset=UTF-8,200,OK,julio 2018 - Thermic Electric Solutions,,CALDERAS ELÉCTRICAS INDUSTRIALES,HOT YOGA Y BIKRAM,Bikram Yoga,,
https://ete.es/tag/agua-caliente-hoteles/,,Sin equivalente,Archivo de etiqueta del blog,text/html; charset=UTF-8,200,OK,agua caliente hoteles - Thermic Electric Solutions,La instalación de equipos eléctricos de producción de calor de alta tecnología ETE mejora la higiene y la limpieza además ahorra en energía y en contaminación. La tecnología ETE es fácil de manejar y automatizar.,CALDERAS ELÉCTRICAS INDUSTRIALES,HOT YOGA Y BIKRAM,REDUCIR LA CONTAMINACIÓN EN ESTABLECIMIENTOS HOTELEROS,"Todos los hoteles e industrias deberían plantearse un cambio de mentalidad y evaluar la eficiencia de sus equipos, sistemas y protocolos.",https://ete.es/tag/agua-caliente-hoteles/
https://ete.es/tag/calentador-industrial-agua-caliente-sanitaria/,,Sin equivalente,Archivo de etiqueta del blog,text/html; charset=UTF-8,200,OK,calentador industrial agua caliente sanitaria archivos - Thermic Electric Solutions,calentador industrial agua caliente sanitaria archivos - Thermic Electric Solutions . Calderas industriales y equipos de balnearios. ¡Entra!,CALDERAS ELÉCTRICAS INDUSTRIALES,HOT YOGA Y BIKRAM,"GARANTIA, INGENIERIA AL SERVICIO DEL CLIENTE by Ete",,https://ete.es/tag/calentador-industrial-agua-caliente-sanitaria/
https://ete.es/reparar-hornos-de-panaderia/,,Sin equivalente,Entrada del blog (el sitio nuevo no tiene blog),text/html; charset=UTF-8,200,OK,Reparar Hornos de Panadería,"El costo de reparar hornos de panadería puede evitarse instalando calderas de vapor Ete, las calderas de vapor Ete generan vapor limpio, mejorando la calidad del pan.",CALDERAS ELÉCTRICAS INDUSTRIALES,HOT YOGA Y BIKRAM,Entradas recomendadas,,https://ete.es/reparar-hornos-de-panaderia/
https://ete.es/tag/fermentacion-del-pan/,,Sin equivalente,Archivo de etiqueta del blog,text/html; charset=UTF-8,200,OK,fermentación del pan archivos - Thermic Electric Solutions,fermentación del pan archivos - Thermic Electric Solutions . Calderas industriales y equipos de balnearios. ¡Entra!,CALDERAS ELÉCTRICAS INDUSTRIALES,HOT YOGA Y BIKRAM,FERMENTACIÓN DEL PAN,,https://ete.es/tag/fermentacion-del-pan/
https://ete.es/tag/caldera-electrica/,,Sin equivalente,Archivo de etiqueta del blog,text/html; charset=UTF-8,200,OK,caldera eléctrica archivos - Thermic Electric Solutions,caldera eléctrica archivos - Thermic Electric Solutions . Calderas industriales y equipos de balnearios. ¡Entra!,CALDERAS ELÉCTRICAS INDUSTRIALES,HOT YOGA Y BIKRAM,FOTOVOLTAICO ALMACENAR CALOR,Soluciones de calor en la industria del calzado,https://ete.es/tag/caldera-electrica/
https://ete.es/wp-content/uploads/elementor/css/post-8738.css?ver=1786702314,,Sin equivalente,URL técnica de wp-content,text/html; charset=UTF-8,404,Not Found,,,,,,,
https://ete.es/wp-content/uploads/elementor/css/post-6347.css?ver=1786356065,,Sin equivalente,"Recurso (CSS, JS o imagen), no es una página",text/css,200,OK,,,,,,,
https://ete.es/wp-content/uploads/elementor/css/post-5746.css?ver=1786341741,,Sin equivalente,URL técnica de wp-content,text/html; charset=UTF-8,404,Not Found,,,,,,,
https://ete.es/la-calefaccion-segura/,,Sin equivalente,Entrada del blog (el sitio nuevo no tiene blog),text/html; charset=UTF-8,200,OK,La Calefacción Segura by Ete,"Calefacción Segura: con equipos eléctricos, eficientes, de alta tecnología, no contaminantes, fabricados para tener una vida útil de más de 30 años sin averías",CALDERAS ELÉCTRICAS INDUSTRIALES,HOT YOGA Y BIKRAM,Entradas recomendadas,,https://ete.es/la-calefaccion-segura/
https://ete.es/wp-content/uploads/elementor/css/post-8921.css?ver=1786615602,,Sin equivalente,URL técnica de wp-content,text/html; charset=UTF-8,404,Not Found,,,,,,,
https://www.ete.es/ete-calderas/es/calderas-para-la-industria/acumulacion-de-calor-en-masa-liquida,https://cliente.morganmedia.es/ete/productos/producto-acumulacion-calor/,Exacta,URL antigua con redirección 301,text/html; charset=UTF-8,301,Moved Permanently,,,,,,,
https://ete.es/tag/mantenimiento-calderas-industriales/,,Sin equivalente,Archivo de etiqueta del blog,text/html; charset=UTF-8,200,OK,mantenimiento calderas industriales archivos - Thermic Electric Solutions,mantenimiento calderas industriales archivos - Thermic Electric Solutions . Calderas industriales y equipos de balnearios. ¡Entra!,CALDERAS ELÉCTRICAS INDUSTRIALES,HOT YOGA Y BIKRAM,Mantenimiento calderas industriales,,https://ete.es/tag/mantenimiento-calderas-industriales/
https://ete.es/author/admin/www.ete.es/contacto,,Sin equivalente,Archivo de autor del blog,text/html; charset=UTF-8,301,Moved Permanently,,,,,,,
https://ete.es/wp-content/uploads/elementor/css/post-8755.css?ver=1786615603,,Sin equivalente,URL técnica de wp-content,text/html; charset=UTF-8,404,Not Found,,,,,,,
https://ete.es/wp-content/uploads/elementor/css/post-9496.css?ver=1786368263,,Sin equivalente,URL técnica de wp-content,text/html; charset=UTF-8,404,Not Found,,,,,,,
https://www.ete.es/equipos-spa-balnearios/plano-balneario/,https://cliente.morganmedia.es/ete/divisiones/division-spa-balnearios/,Aproximada,URL antigua con redirección 301,text/html; charset=UTF-8,301,Moved Permanently,,,,,,,
https://ete.es/tag/calderas-electricas-aceite-termico/,,Sin equivalente,Archivo de etiqueta del blog,text/html; charset=UTF-8,200,OK,calderas eléctricas aceite térmico archivos - Thermic Electric Solutions,calderas eléctricas aceite térmico archivos - Thermic Electric Solutions . Calderas industriales y equipos de balnearios. ¡Entra!,CALDERAS ELÉCTRICAS INDUSTRIALES,HOT YOGA Y BIKRAM,Soluciones de calor en la industria del calzado,Soluciones de calor en la industria plástica,https://ete.es/tag/calderas-electricas-aceite-termico/
https://ete.es/wp-content/uploads/elementor/css/post-8976.css?ver=1786668553,,Sin equivalente,URL técnica de wp-content,text/html; charset=UTF-8,404,Not Found,,,,,,,
https://ete.es/wp-content/uploads/elementor/css/post-8650.css?ver=1786359520,,Sin equivalente,URL técnica de wp-content,text/html; charset=UTF-8,404,Not Found,,,,,,,
https://ete.es/calderas-vapor-industria-alimentaria/,,Sin equivalente,Entrada del blog (el sitio nuevo no tiene blog),text/html; charset=UTF-8,200,OK,Calderas Vapor Industria Alimentaria,"Tendrás ahorros por encima del 50% con la instalación de calderas eléctricas Ete, llámanos sin compromiso. Calderas vapor industria alimentaria con mínimos gastos de mantenimiento.",CALDERAS ELÉCTRICAS INDUSTRIALES,HOT YOGA Y BIKRAM,Entradas recomendadas,,https://ete.es/calderas-vapor-industria-alimentaria/
https://ete.es/tag/calderas-electricas-2/www.ete.es/contacto,,Sin equivalente,Archivo de etiqueta del blog,text/html; charset=UTF-8,301,Moved Permanently,,,,,,,
https://ete.es/wp-content/uploads/elementor/css/post-8217.css?ver=1786481923,,Sin equivalente,URL técnica de wp-content,text/html; charset=UTF-8,404,Not Found,,,,,,,
https://ete.es/como-hacer-rentable-una-instalacion-deportiva/,,Sin equivalente,Entrada del blog (el sitio nuevo no tiene blog),text/html; charset=UTF-8,200,OK,Cómo hacer rentable una instalación deportiva,"Sabemos como hacer rentable una instalación deportiva, proponiendo soluciones económicas, con garantía de servicio y bajo costo energético.",CALDERAS ELÉCTRICAS INDUSTRIALES,HOT YOGA Y BIKRAM,Entradas recomendadas,,https://ete.es/como-hacer-rentable-una-instalacion-deportiva/
https://ete.es/category/balnearios/page/11/,,Sin equivalente,Archivo de categoría del blog,text/html; charset=UTF-8,200,OK,Balnearios - Página 11 de 11 - Thermic Electric Solutions,En ETE te proporcionamos toda la información necesaria sobre los valores en consumo y equipos. Las nuevas tecnologías bajan los consumos de las facturas de energía. ¡Contáctanos! - Página 11 de 11,CALDERAS ELÉCTRICAS INDUSTRIALES,HOT YOGA Y BIKRAM,CALENTAR AGUA DE PISCINA,10 razones para confiar en ete,https://ete.es/category/balnearios/page/11/
https://ete.es/ventilacion-gimnasios-y-piscinas/,,Sin equivalente,Entrada del blog (el sitio nuevo no tiene blog),text/html; charset=UTF-8,200,OK,Ventilación gimnasios y piscinas,"La instalación de ventilación gimnasios y piscinas, puede costar 150.000€ con un gasto mensual de energía de 5000€ o puede hacerse por 30.000€ con gasto mensual de 5€.",CALDERAS ELÉCTRICAS INDUSTRIALES,HOT YOGA Y BIKRAM,Entradas recomendadas,,https://ete.es/ventilacion-gimnasios-y-piscinas/
https://ete.es/author/ete/page/3/,,Sin equivalente,Archivo de autor del blog,text/html; charset=UTF-8,200,OK,"Fernando Sanz Pérez, autor en Thermic Electric Solutions - Página 3 de 8","Fernando Sanz Pérez, autor en Thermic Electric Solutions - Página 3 de 8",CALDERAS ELÉCTRICAS INDUSTRIALES,HOT YOGA Y BIKRAM,COMO HACER RENTABLE UNA INSTALACIÓN DEPORTIVA,"ETE una historia de trabajo, investigación y éxito",https://ete.es/author/ete/page/3/
https://ete.es/wp-content/uploads/elementor/css/post-8600.css?ver=1786800641,,Sin equivalente,URL técnica de wp-content,text/html; charset=UTF-8,404,Not Found,,,,,,,
https://ete.es/calcule-consumo-agua-caliente-en-su-hotel/,,Sin equivalente,Entrada del blog (el sitio nuevo no tiene blog),text/html; charset=UTF-8,200,OK,Equipo Agua Caliente para Hotel,"Equipo Agua Caliente para hotel: Los equipos de agua caliente diseñados y fabricados por ete, son eléctricos, de bajo consumo energético, 5 años de garantía",CALDERAS ELÉCTRICAS INDUSTRIALES,HOT YOGA Y BIKRAM,Entradas recomendadas,,https://ete.es/calcule-consumo-agua-caliente-en-su-hotel/
https://ete.es/wp-content/uploads/elementor/css/post-11209.css?ver=1786589683,,Sin equivalente,URL técnica de wp-content,text/html; charset=UTF-8,404,Not Found,,,,,,,
https://ete.es/tag/ahorro-de-energiacalderas-electricasproduccion-de-calor-en-procesos-industriales/,,Sin equivalente,Archivo de etiqueta del blog,text/html; charset=UTF-8,200,OK,ahorro de energía|calderas eléctricas|producción de calor en procesos industriales archivos - Thermic Electric Solutions,ahorro de energía|calderas eléctricas|producción de calor en procesos industriales archivos - Thermic Electric Solutions . Calderas industriales y equipos de balnearios. ¡Entra!,CALDERAS ELÉCTRICAS INDUSTRIALES,HOT YOGA Y BIKRAM,Moldes plásticos: calentamiento y enfriamiento,,https://ete.es/tag/ahorro-de-energiacalderas-electricasproduccion-de-calor-en-procesos-industriales/
https://ete.es/wp-content/uploads/elementor/css/post-8512.css?ver=1786385678,,Sin equivalente,URL técnica de wp-content,text/html; charset=UTF-8,404,Not Found,,,,,,,
https://ete.es/wp-content/uploads/elementor/css/post-6278.css?ver=1786353285,,Sin equivalente,URL técnica de wp-content,text/html; charset=UTF-8,404,Not Found,,,,,,,
https://ete.es/tag/equipo-electrico-produccion-agua-caliente/,,Sin equivalente,Archivo de etiqueta del blog,text/html; charset=UTF-8,200,OK,equipo eléctrico producción agua caliente archivos - Thermic Electric Solutions,equipo eléctrico producción agua caliente archivos - Thermic Electric Solutions . Calderas industriales y equipos de balnearios. ¡Entra!,CALDERAS ELÉCTRICAS INDUSTRIALES,HOT YOGA Y BIKRAM,CENTROS YOGA CALIENTE,,https://ete.es/tag/equipo-electrico-produccion-agua-caliente/
https://ete.es/wp-content/uploads/elementor/css/post-8580.css?ver=1786800673,,Sin equivalente,URL técnica de wp-content,text/html; charset=UTF-8,404,Not Found,,,,,,,
https://www.ete.es/ete-calderas/es/calderas-para-la-industria,https://cliente.morganmedia.es/ete/divisiones/division-calderas-industriales/,Exacta,URL antigua con redirección 301,text/html; charset=UTF-8,301,Moved Permanently,,,,,,,
https://ete.es/vapor-en-la-industria-alimentaria/,,Sin equivalente,Entrada del blog (el sitio nuevo no tiene blog),text/html; charset=UTF-8,200,OK,Vapor en la industria alimentaria,El vapor en la industria alimentaria puede generarse instalando calderas eléctricas Ete de alta eficiencia. La tecnología Ete permite instalar calderas de bajas potencias con garantía de servicio.,CALDERAS ELÉCTRICAS INDUSTRIALES,HOT YOGA Y BIKRAM,Entradas recomendadas,,https://ete.es/vapor-en-la-industria-alimentaria/
https://ete.es/wp-content/uploads/elementor/css/post-5934.css?ver=1786353712,,Sin equivalente,URL técnica de wp-content,text/html; charset=UTF-8,404,Not Found,,,,,,,
https://ete.es/tag/caldera-aceite-termico/,,Sin equivalente,Archivo de etiqueta del blog,text/html; charset=UTF-8,200,OK,caldera aceite térmico archivos - Thermic Electric Solutions,caldera aceite térmico archivos - Thermic Electric Solutions . Calderas industriales y equipos de balnearios. ¡Entra!,CALDERAS ELÉCTRICAS INDUSTRIALES,HOT YOGA Y BIKRAM,Mantenimiento calderas industriales,CALENTAR PRENSAS DE PLASTICOS,https://ete.es/tag/caldera-aceite-termico/
https://ete.es/wp-content/uploads/elementor/css/post-11229.css?ver=1786356586,,Sin equivalente,URL técnica de wp-content,text/html; charset=UTF-8,404,Not Found,,,,,,,
https://ete.es/tag/construccion-centro-bikram/,,Sin equivalente,Archivo de etiqueta del blog,text/html; charset=UTF-8,200,OK,construcción centro bikram archivos - Thermic Electric Solutions,construcción centro bikram archivos - Thermic Electric Solutions . Calderas industriales y equipos de balnearios. ¡Entra!,CALDERAS ELÉCTRICAS INDUSTRIALES,HOT YOGA Y BIKRAM,Asesoramiento para Centros y Salas Bikram,,https://ete.es/tag/construccion-centro-bikram/
https://ete.es/wp-content/uploads/elementor/css/post-6718.css?ver=1786360521,,Sin equivalente,"Recurso (CSS, JS o imagen), no es una página",text/css,200,OK,,,,,,,
https://ete.es/tag/hacer-un-centro-de-bikram-hot-yoga/,,Sin equivalente,Archivo de etiqueta del blog,text/html; charset=UTF-8,200,OK,hacer un centro de bikram hot yoga archivos - Thermic Electric Solutions,hacer un centro de bikram hot yoga archivos - Thermic Electric Solutions . Calderas industriales y equipos de balnearios. ¡Entra!,CALDERAS ELÉCTRICAS INDUSTRIALES,HOT YOGA Y BIKRAM,Bikram Hot Yoga Rosales,,https://ete.es/tag/hacer-un-centro-de-bikram-hot-yoga/
https://ete.es/ayuntamientos-contaminacionchimeneas/,,Sin equivalente,Entrada del blog (el sitio nuevo no tiene blog),text/html; charset=UTF-8,200,OK,Contaminación calderas,"Contaminación calderas: existe una alternativa eficiente, de bajo coste y con cero emisiones, instalar equipos eléctricos de alta eficiencia ete, con ahorros de más de un 50% respecto a la combustión.",CALDERAS ELÉCTRICAS INDUSTRIALES,HOT YOGA Y BIKRAM,Entradas recomendadas,,https://ete.es/ayuntamientos-contaminacionchimeneas/
https://ete.es/calefaccion-en-naves-industriales/,,Sin equivalente,Entrada del blog (el sitio nuevo no tiene blog),text/html; charset=UTF-8,200,OK,Calefacción para naves industriales al mejor precio,Para la calefacción en naves industriales recomendamos instalar calderas eléctricas Ete consumiendo kilovatios nocturnos que son los más baratos.,CALDERAS ELÉCTRICAS INDUSTRIALES,HOT YOGA Y BIKRAM,Entradas recomendadas,,https://ete.es/calefaccion-en-naves-industriales/
https://ete.es/tag/productor-de-vapor-para-bano-turco/,,Sin equivalente,Archivo de etiqueta del blog,text/html; charset=UTF-8,200,OK,productor de vapor para baño turco archivos - Thermic Electric Solutions,productor de vapor para baño turco archivos - Thermic Electric Solutions . Calderas industriales y equipos de balnearios. ¡Entra!,CALDERAS ELÉCTRICAS INDUSTRIALES,HOT YOGA Y BIKRAM,HAMMAM CLASICO EN MADRID,,https://ete.es/tag/productor-de-vapor-para-bano-turco/
https://ete.es/tag/termohidroterapia/,,Sin equivalente,Archivo de etiqueta del blog,text/html; charset=UTF-8,200,OK,termohidroterapia archivos - Thermic Electric Solutions,termohidroterapia archivos - Thermic Electric Solutions . Calderas industriales y equipos de balnearios. ¡Entra!,CALDERAS ELÉCTRICAS INDUSTRIALES,HOT YOGA Y BIKRAM,TERAPIAS HIDRO-TERMALES,,https://ete.es/tag/termohidroterapia/
https://ete.es/category/calderas-electricas/page/4/,,Sin equivalente,Archivo de categoría del blog,text/html; charset=UTF-8,200,OK,Calderas Eléctricas para producir calor - Página 4 de 17 - Thermic Electric Solutions,"En ETE te informamos y recomendamos como utilizar la electricidad para producir calor. Somos especialistas en el sector, con muchos años de experiencia. ¡Contáctanos ahora! - Página 4 de 17",CALDERAS ELÉCTRICAS INDUSTRIALES,HOT YOGA Y BIKRAM,ELECTRICIDAD PARA PRODUCIR CALOR,IDAE-RITE-CALEFACCIÓN,https://ete.es/category/calderas-electricas/page/4/
https://ete.es/tag/instalaciones-de-calefaccion/,,Sin equivalente,Archivo de etiqueta del blog,text/html; charset=UTF-8,200,OK,instalaciones de calefacción archivos - Thermic Electric Solutions,instalaciones de calefacción archivos - Thermic Electric Solutions . Calderas industriales y equipos de balnearios. ¡Entra!,CALDERAS ELÉCTRICAS INDUSTRIALES,HOT YOGA Y BIKRAM,Caldera Gasoil vs Electrica,CALCULO DE POTENCIA TERMICA EN CALEFACCIÓN,https://ete.es/tag/instalaciones-de-calefaccion/
https://ete.es/tag/calefaccion-oficinas/,,Sin equivalente,Archivo de etiqueta del blog,text/html; charset=UTF-8,200,OK,calefaccion oficinas archivos - Thermic Electric Solutions,calefaccion oficinas archivos - Thermic Electric Solutions . Calderas industriales y equipos de balnearios. ¡Entra!,CALDERAS ELÉCTRICAS INDUSTRIALES,HOT YOGA Y BIKRAM,AHORRAR CALEFACCIÓN EN NAVES Y OFICINAS,,https://ete.es/tag/calefaccion-oficinas/
https://ete.es/tag/calefaccion-en-naves-industriales/,,Sin equivalente,Archivo de etiqueta del blog,text/html; charset=UTF-8,200,OK,calefacción en naves industriales archivos - Thermic Electric Solutions,calefacción en naves industriales archivos - Thermic Electric Solutions . Calderas industriales y equipos de balnearios. ¡Entra!,CALDERAS ELÉCTRICAS INDUSTRIALES,HOT YOGA Y BIKRAM,CALEFACCIÓN EN NAVES INDUSTRIALES,,https://ete.es/tag/calefaccion-en-naves-industriales/
https://ete.es/comprar-bano-turco/,,Sin equivalente,Entrada del blog (el sitio nuevo no tiene blog),text/html; charset=UTF-8,200,OK,COMPRAR BAÑO TURCO,"Comprar baño turco.- Si se ha planteado comprar un Baño Turco para su spa, gimnasio, centro deportivo, opte por el baño turco industrial by Ete, diseñado para trabajar 16 horas al día los 365 días del año.",CALDERAS ELÉCTRICAS INDUSTRIALES,HOT YOGA Y BIKRAM,Entradas recomendadas,,https://ete.es/comprar-bano-turco/
https://ete.es/proyeccion-del-spa-balneario-en-el-mundo/,,Sin equivalente,Entrada del blog (el sitio nuevo no tiene blog),text/html; charset=UTF-8,200,OK,PROYECCIÓN DEL SPA-BALNEARIO EN EL MUNDO,"Quiero comenzar por aclarar que me es indiferente si decimos Spa, Balneario, Balneario Urbano, City Spa, Centro de Termalismo, Thalasso, Wellness, yo utilizo los vocablos Spa-Balneario o Centro de Termalismo. Lo importante es definir cuál es el fin que se pretende cuando se diseña o construye una instalación de agua con piscinas, duchas, zonas de sudoración, zonas de relajación, cabinas de tratamientos, etc. El primer elemento que se debe de considerar es que el centro sea rentable, que genere beneficios económicos para cubrir los gastos de gestión, amortizar la inversión y generar beneficios.",CALDERAS ELÉCTRICAS INDUSTRIALES,HOT YOGA Y BIKRAM,Entradas recomendadas,,https://ete.es/proyeccion-del-spa-balneario-en-el-mundo/
https://ete.es/author/admin/page/4/,,Sin equivalente,Archivo de autor del blog,text/html; charset=UTF-8,200,OK,"admin, autor en Thermic Electric Solutions - Página 4 de 19","admin, autor en Thermic Electric Solutions - Página 4 de 19",CALDERAS ELÉCTRICAS INDUSTRIALES,HOT YOGA Y BIKRAM,RITE calefacción eléctrica en edificios,CALEFACCIÓN EN NAVES INDUSTRIALES,https://ete.es/author/admin/page/4/
https://ete.es/tag/almacenar-calor/,,Sin equivalente,Archivo de etiqueta del blog,text/html; charset=UTF-8,200,OK,almacenar calor archivos - Thermic Electric Solutions,almacenar calor archivos - Thermic Electric Solutions . Calderas industriales y equipos de balnearios. ¡Entra!,CALDERAS ELÉCTRICAS INDUSTRIALES,HOT YOGA Y BIKRAM,RENOVABLES ALMACENAR CALOR,,https://ete.es/tag/almacenar-calor/
https://ete.es/eficiencia-energetica-en-edificios/,,Sin equivalente,Entrada del blog (el sitio nuevo no tiene blog),text/html; charset=UTF-8,200,OK,EFICIENCIA ENERGETICA EN EDIFICIOS,"La eficiencia energética es una suma de actuaciones para conseguir un fin: ahorrar energía y mejorar el confort. Si cumpliésemos las normas RITE, seguro que pagaríamos 4 veces más. Las empresas y personas que compran una instalación de calefacción deben exigir a los técnicos compromiso de consumo estacional desde 0ctubre a abril y colocar contadores de consumo para que se pueda comprobar que se cumple el compromiso de los técnicos.",CALDERAS ELÉCTRICAS INDUSTRIALES,HOT YOGA Y BIKRAM,Entradas recomendadas,,https://ete.es/eficiencia-energetica-en-edificios/
https://ete.es/renovables-almacenar-calor-para-calefaccion/,,Sin equivalente,Entrada del blog (el sitio nuevo no tiene blog),text/html; charset=UTF-8,200,OK,FOTOVOLTAICO ALMACENAR CALOR - Thermic Electric Solutions,Fabricamos equipos acumuladores de calor para calefacción y agua caliente sanitaria utilizando la tarifa eléctrica valle.,CALDERAS ELÉCTRICAS INDUSTRIALES,HOT YOGA Y BIKRAM,Entradas recomendadas,,https://ete.es/renovables-almacenar-calor-para-calefaccion/
https://ete.es/tag/biomasa/,,Sin equivalente,Archivo de etiqueta del blog,text/html; charset=UTF-8,200,OK,biomasa archivos - Thermic Electric Solutions,biomasa archivos - Thermic Electric Solutions . Calderas industriales y equipos de balnearios. ¡Entra!,CALDERAS ELÉCTRICAS INDUSTRIALES,HOT YOGA Y BIKRAM,CALDERAS ELÉCTRICAS EMISIONES CERO,BIOMASA VERSUS ELECTRICIDAD,https://ete.es/tag/biomasa/
https://ete.es/wp-content/uploads/elementor/css/post-6305.css?ver=1786354585,,Sin equivalente,URL técnica de wp-content,text/html; charset=UTF-8,404,Not Found,,,,,,,
https://ete.es/tag/spa-balneario-urbano/,,Sin equivalente,Archivo de etiqueta del blog,text/html; charset=UTF-8,200,OK,spa-balneario urbano archivos - Thermic Electric Solutions,spa-balneario urbano archivos - Thermic Electric Solutions . Calderas industriales y equipos de balnearios. ¡Entra!,CALDERAS ELÉCTRICAS INDUSTRIALES,HOT YOGA Y BIKRAM,PISCINAS CON SPA-BALNEARIO,,https://ete.es/tag/spa-balneario-urbano/
https://ete.es/tag/equipos-acumulacion-de-calor/,,Sin equivalente,Archivo de etiqueta del blog,text/html; charset=UTF-8,200,OK,equipos acumulación de calor archivos - Thermic Electric Solutions,equipos acumulación de calor archivos - Thermic Electric Solutions . Calderas industriales y equipos de balnearios. ¡Entra!,CALDERAS ELÉCTRICAS INDUSTRIALES,HOT YOGA Y BIKRAM,CALEFACCIÓN EN NAVES INDUSTRIALES,,https://ete.es/tag/equipos-acumulacion-de-calor/
https://ete.es/tag/piscinas-publicas/,,Sin equivalente,Archivo de etiqueta del blog,text/html; charset=UTF-8,200,OK,piscinas públicas archivos - Thermic Electric Solutions,piscinas públicas archivos - Thermic Electric Solutions . Calderas industriales y equipos de balnearios. ¡Entra!,CALDERAS ELÉCTRICAS INDUSTRIALES,HOT YOGA Y BIKRAM,PISCINAS CON SPA-BALNEARIO,,https://ete.es/tag/piscinas-publicas/
https://ete.es/wp-content/uploads/foto_industria_papel.jpg,,Sin equivalente,"Recurso (CSS, JS o imagen), no es una página",image/jpeg,200,OK,,,,,,,
https://ete.es/tag/radiadores/,,Sin equivalente,Archivo de etiqueta del blog,text/html; charset=UTF-8,200,OK,radiadores archivos - Thermic Electric Solutions,radiadores archivos - Thermic Electric Solutions . Calderas industriales y equipos de balnearios. ¡Entra!,CALDERAS ELÉCTRICAS INDUSTRIALES,HOT YOGA Y BIKRAM,AHORRAR CALEFACCIÓN EN NAVES Y OFICINAS,,https://ete.es/tag/radiadores/
https://ete.es/tag/diseno-spa/,,Sin equivalente,Archivo de etiqueta del blog,text/html; charset=UTF-8,200,OK,DISEÑO SPA archivos - Thermic Electric Solutions,DISEÑO SPA archivos - Thermic Electric Solutions . Calderas industriales y equipos de balnearios. ¡Entra!,CALDERAS ELÉCTRICAS INDUSTRIALES,HOT YOGA Y BIKRAM,SPA TERAPEUTICO,GESTIÓN DE UN SPA,https://ete.es/tag/diseno-spa/
https://ete.es/wp-content/uploads/enfriar.jpg,,Sin equivalente,"Recurso (CSS, JS o imagen), no es una página",image/jpeg,200,OK,,,,,,,
https://www.ete.es/ete-balnearios/es/equipos-piscinas/piscina-relajacion,https://cliente.morganmedia.es/ete/productos/producto-piscina-relajacion-38/,Exacta,URL antigua con redirección 301,text/html; charset=UTF-8,301,Moved Permanently,,,,,,,
https://www.ete.es/ete-%20balnearios,https://cliente.morganmedia.es/ete/divisiones/division-spa-balnearios/,Exacta,URL antigua con redirección 301,text/html; charset=UTF-8,301,Moved Permanently,,,,,,,
https://ete.es/tag/eficiencia-caldera/,,Sin equivalente,Archivo de etiqueta del blog,text/html; charset=UTF-8,200,OK,eficiencia caldera archivos - Thermic Electric Solutions,eficiencia caldera archivos - Thermic Electric Solutions . Calderas industriales y equipos de balnearios. ¡Entra!,CALDERAS ELÉCTRICAS INDUSTRIALES,HOT YOGA Y BIKRAM,CONTADORES DE CONSUMO DE ENERGIA EN INSTALACIONES DE CALOR,,https://ete.es/tag/eficiencia-caldera/
https://ete.es/tag/generadores-de-vapor-industriales/,,Sin equivalente,Archivo de etiqueta del blog,text/html; charset=UTF-8,200,OK,generadores de vapor industriales archivos - Thermic Electric Solutions,generadores de vapor industriales archivos - Thermic Electric Solutions . Calderas industriales y equipos de balnearios. ¡Entra!,CALDERAS ELÉCTRICAS INDUSTRIALES,HOT YOGA Y BIKRAM,Contaminación en las instalaciones de calor,,https://ete.es/tag/generadores-de-vapor-industriales/
https://ete.es/calculo-potencia-termica-en-industrias/,,Sin equivalente,Entrada del blog (el sitio nuevo no tiene blog),text/html; charset=UTF-8,200,OK,CALCULO POTENCIA TERMICA EN INDUSTRIAS,"Europea Térmica Eléctrica analiza constantemente la evolución de la tecnológica y de los costos energéticos, fundamentalmente haciendo seguimiento de instalaciones que eran de energías combustibles y que han pasado a instalar las calderas eléctricas ete para producir agua caliente, vapor, agua sobrecalentada, fluido térmico y acumulación de calor en masa liquida",CALDERAS ELÉCTRICAS INDUSTRIALES,HOT YOGA Y BIKRAM,Entradas recomendadas,,https://ete.es/calculo-potencia-termica-en-industrias/
https://ete.es/caldera-gasoil-vs-electrica/,,Sin equivalente,Entrada del blog (el sitio nuevo no tiene blog),text/html; charset=UTF-8,200,OK,Caldera Gasoil vs Caldera Electrica,"Supongamos que tu vivienda es de 90m2, techos 2,5m ambiente exterior -3ºC, ambiente interior 22ºC, deberás instalar una caldera eléctrica ETE de 4,5kw.",CALDERAS ELÉCTRICAS INDUSTRIALES,HOT YOGA Y BIKRAM,Entradas recomendadas,,https://ete.es/caldera-gasoil-vs-electrica/
https://ete.es/agua-caliente-en-plataforma-petrolifera/,,Sin equivalente,Entrada del blog (el sitio nuevo no tiene blog),text/html; charset=UTF-8,200,OK,AGUA CALIENTE EN PLATAFORMA PETROLIFERA,"Agua caliente en plataforma petrolífera: la tecnología Ete ha permitido diseñar, fabricar y asesorar en la instalación de un equipo para producir agua caliente.",CALDERAS ELÉCTRICAS INDUSTRIALES,HOT YOGA Y BIKRAM,Entradas recomendadas,,https://ete.es/agua-caliente-en-plataforma-petrolifera/
https://ete.es/tag/instalacion-de-un-spa/,,Sin equivalente,Archivo de etiqueta del blog,text/html; charset=UTF-8,200,OK,instalación de un spa archivos - Thermic Electric Solutions,instalación de un spa archivos - Thermic Electric Solutions . Calderas industriales y equipos de balnearios. ¡Entra!,CALDERAS ELÉCTRICAS INDUSTRIALES,HOT YOGA Y BIKRAM,LOS BENEFICIOS DEL SPA EN LAS CASAS RURALES,,https://ete.es/tag/instalacion-de-un-spa/
https://ete.es/tag/centros-wellness/,,Sin equivalente,Archivo de etiqueta del blog,text/html; charset=UTF-8,200,OK,centros wellness archivos - Thermic Electric Solutions,centros wellness archivos - Thermic Electric Solutions . Calderas industriales y equipos de balnearios. ¡Entra!,CALDERAS ELÉCTRICAS INDUSTRIALES,HOT YOGA Y BIKRAM,LOS BENEFICIOS DEL SPA MODO ETE,,https://ete.es/tag/centros-wellness/
https://ete.es/tag/energia-mas-economica/,,Sin equivalente,Archivo de etiqueta del blog,text/html; charset=UTF-8,200,OK,energía mas económica archivos - Thermic Electric Solutions,energía mas económica archivos - Thermic Electric Solutions . Calderas industriales y equipos de balnearios. ¡Entra!,CALDERAS ELÉCTRICAS INDUSTRIALES,HOT YOGA Y BIKRAM,CALEFACCIÓN GRANJA PORCINO,,https://ete.es/tag/energia-mas-economica/
https://ete.es/equipos-produccion-de-calor-high-tech/,,Sin equivalente,Entrada del blog (el sitio nuevo no tiene blog),text/html; charset=UTF-8,200,OK,Instalaciones de producción de calor,Los equipos de alta tecnología ETE para las instalaciones de producción de calor son la respuesta a los cambios que necesita la industria.,CALDERAS ELÉCTRICAS INDUSTRIALES,HOT YOGA Y BIKRAM,Entradas recomendadas,,https://ete.es/equipos-produccion-de-calor-high-tech/
https://ete.es/generadores-de-vapor-industriales-para-autoclaves/,,Sin equivalente,Entrada del blog (el sitio nuevo no tiene blog),text/html; charset=UTF-8,200,OK,Generadores de vapor para autoclaves - Thermic Electric Solutions,"Los generadores de vapor para autoclaves con tecnología ete genera ahorro en compra de equipo, consumo de energía, gastos de gestión. ¡Entra!",CALDERAS ELÉCTRICAS INDUSTRIALES,HOT YOGA Y BIKRAM,Entradas recomendadas,,https://ete.es/generadores-de-vapor-industriales-para-autoclaves/
https://ete.es/petroleo-y-los-huracanes-2/,,Sin equivalente,Entrada del blog (el sitio nuevo no tiene blog),text/html; charset=UTF-8,200,OK,Petróleo y los Huracanes - Thermic Electric Solutions,"En ETE te informamos sobre el gran impacto medioambiental que tiene la combustión del petróleo. La energía nuclear es la menos contaminante, mas eficiente y segura y la mas económica. ¡Te informamos!",CALDERAS ELÉCTRICAS INDUSTRIALES,HOT YOGA Y BIKRAM,Entradas recomendadas,,https://ete.es/petroleo-y-los-huracanes-2/
https://ete.es/tag/calderas-electricas-para-aceite/,,Sin equivalente,Archivo de etiqueta del blog,text/html; charset=UTF-8,200,OK,calderas eléctricas para aceite archivos - Thermic Electric Solutions,calderas eléctricas para aceite archivos - Thermic Electric Solutions . Calderas industriales y equipos de balnearios. ¡Entra!,CALDERAS ELÉCTRICAS INDUSTRIALES,HOT YOGA Y BIKRAM,RENDIMIENTO CALDERAS ELECTRICAS ACEITE,,https://ete.es/tag/calderas-electricas-para-aceite/
https://ete.es/tag/instalar-calderas-electricas/,,Sin equivalente,Archivo de etiqueta del blog,text/html; charset=UTF-8,200,OK,instalar calderas eléctricas archivos - Thermic Electric Solutions,instalar calderas eléctricas archivos - Thermic Electric Solutions . Calderas industriales y equipos de balnearios. ¡Entra!,CALDERAS ELÉCTRICAS INDUSTRIALES,HOT YOGA Y BIKRAM,CAMBIAR VIEJAS CALDERAS PARA CALEFACCIÓN,,https://ete.es/tag/instalar-calderas-electricas/
https://ete.es/comprar-equipo-terma-romana/,,Sin equivalente,Entrada del blog (el sitio nuevo no tiene blog),text/html; charset=UTF-8,200,OK,COMPRAR EQUIPO TERMA ROMANA,"Comprar equipo terma romana.- Si necesita un equipo de terma romana para su centro, le ofrecemos la terma romana by Ete, con alta tecnología y garantía de servicio.",CALDERAS ELÉCTRICAS INDUSTRIALES,HOT YOGA Y BIKRAM,Entradas recomendadas,,https://ete.es/comprar-equipo-terma-romana/
https://ete.es/wp-content/uploads/vernevar.jpg,,Sin equivalente,"Recurso (CSS, JS o imagen), no es una página",image/jpeg,200,OK,,,,,,,
https://ete.es/tag/sudoracion/,,Sin equivalente,Archivo de etiqueta del blog,text/html; charset=UTF-8,200,OK,sudoración archivos - Thermic Electric Solutions,sudoración archivos - Thermic Electric Solutions . Calderas industriales y equipos de balnearios. ¡Entra!,CALDERAS ELÉCTRICAS INDUSTRIALES,HOT YOGA Y BIKRAM,EL SPA EN INSTALACIONES DEPORTIVAS Y GIMNASIOS DEL SIGLO XXI,BENEFICIOS DE LA SUDORACION,https://ete.es/tag/sudoracion/
https://ete.es/tag/consumo-caldera/,,Sin equivalente,Archivo de etiqueta del blog,text/html; charset=UTF-8,200,OK,consumo caldera archivos - Thermic Electric Solutions,consumo caldera archivos - Thermic Electric Solutions . Calderas industriales y equipos de balnearios. ¡Entra!,CALDERAS ELÉCTRICAS INDUSTRIALES,HOT YOGA Y BIKRAM,CALEFACCIÓN GRANJA PORCINO,,https://ete.es/tag/consumo-caldera/
https://ete.es/vida-util-de-una-caldera-industrial/,,Sin equivalente,Entrada del blog (el sitio nuevo no tiene blog),text/html; charset=UTF-8,200,OK,Vida útil de una caldera industrial,La vida útil de una caldera industrial será de una década si es de combustión y si es una caldera eléctrica con tecnología Ete será de más de 30 años.,CALDERAS ELÉCTRICAS INDUSTRIALES,HOT YOGA Y BIKRAM,Entradas recomendadas,,https://ete.es/vida-util-de-una-caldera-industrial/
https://www.ete.es/calderas-industriales/es/sectores-de-actividad/,https://cliente.morganmedia.es/ete/divisiones/division-calderas-industriales/,Aproximada,URL antigua con redirección 301,text/html; charset=UTF-8,301,Moved Permanently,,,,,,,
https://ete.es/tag/instalaciones-de-termalismo/,,Sin equivalente,Archivo de etiqueta del blog,text/html; charset=UTF-8,200,OK,instalaciones de termalismo archivos - Thermic Electric Solutions,instalaciones de termalismo archivos - Thermic Electric Solutions . Calderas industriales y equipos de balnearios. ¡Entra!,CALDERAS ELÉCTRICAS INDUSTRIALES,HOT YOGA Y BIKRAM,¿Qué es un circuito termal?,SPA-BALNEARIO EN EL DEPORTE DE ELITE,https://ete.es/tag/instalaciones-de-termalismo/
https://ete.es/tag/calentamiento-agua-piscina/,,Sin equivalente,Archivo de etiqueta del blog,text/html; charset=UTF-8,200,OK,calentamiento agua piscina archivos - Thermic Electric Solutions,calentamiento agua piscina archivos - Thermic Electric Solutions . Calderas industriales y equipos de balnearios. ¡Entra!,CALDERAS ELÉCTRICAS INDUSTRIALES,HOT YOGA Y BIKRAM,EFICIENCIA DE LAS CALDERAS ELECTRICAS,,https://ete.es/tag/calentamiento-agua-piscina/
https://ete.es/reducir-gastos-produccion-de-calor/,,Sin equivalente,Entrada del blog (el sitio nuevo no tiene blog),text/html; charset=UTF-8,200,OK,"Calderas industriales eficientes, reducir gastos producción",Instalando calderas industriales eficientes by Ete podemos reducir los costos de producción entre un 50% y 70%. La tecnología Ete es sinónimo de garantía.,CALDERAS ELÉCTRICAS INDUSTRIALES,HOT YOGA Y BIKRAM,Entradas recomendadas,,https://ete.es/reducir-gastos-produccion-de-calor/
https://ete.es/tag/caldera/,,Sin equivalente,Archivo de etiqueta del blog,text/html; charset=UTF-8,200,OK,caldera archivos - Thermic Electric Solutions,caldera archivos - Thermic Electric Solutions . Calderas industriales y equipos de balnearios. ¡Entra!,CALDERAS ELÉCTRICAS INDUSTRIALES,HOT YOGA Y BIKRAM,"CALDERAS INDUSTRIALES, EL CALOR EN LA INDUSTRIA TEXTIL",,https://ete.es/tag/caldera/
https://ete.es/tag/mantenimiento-calderas-electricas/,,Sin equivalente,Archivo de etiqueta del blog,text/html; charset=UTF-8,200,OK,mantenimiento calderas electricas archivos - Thermic Electric Solutions,mantenimiento calderas electricas archivos - Thermic Electric Solutions . Calderas industriales y equipos de balnearios. ¡Entra!,CALDERAS ELÉCTRICAS INDUSTRIALES,HOT YOGA Y BIKRAM,MANTENIMIENTO CALDERAS ELECTRICAS,,https://ete.es/tag/mantenimiento-calderas-electricas/
https://ete.es/tag/granjas-de-porcino/,,Sin equivalente,Archivo de etiqueta del blog,text/html; charset=UTF-8,200,OK,granjas de porcino archivos - Thermic Electric Solutions,granjas de porcino archivos - Thermic Electric Solutions . Calderas industriales y equipos de balnearios. ¡Entra!,CALDERAS ELÉCTRICAS INDUSTRIALES,HOT YOGA Y BIKRAM,CALEFACCIÓN GRANJA PORCINO,,https://ete.es/tag/granjas-de-porcino/
https://ete.es/seguridad-en-calderas-industriales/,,Sin equivalente,Entrada del blog (el sitio nuevo no tiene blog),text/html; charset=UTF-8,200,OK,SEGURIDAD EN LAS CALDERAS INDUSTRIALES,"La seguridad en las calderas industriales es un elemento fundamental, no es lo mismo trabajar con calderas de combustión que con calderas eléctricas sin riesgo de incendio o explosión",CALDERAS ELÉCTRICAS INDUSTRIALES,HOT YOGA Y BIKRAM,Entradas recomendadas,,https://ete.es/seguridad-en-calderas-industriales/
https://ete.es/piscinas-con-spa-balneario/,,Sin equivalente,Entrada del blog (el sitio nuevo no tiene blog),text/html; charset=UTF-8,200,OK,PISCINAS CON SPA-BALNEARIO,Se trata de un gran complejo con instalaciones para practicar deporte y que incluye una piscina de 50x25 m. para escuela de natación y practica con fines deportivos para todas las edades,CALDERAS ELÉCTRICAS INDUSTRIALES,HOT YOGA Y BIKRAM,Entradas recomendadas,,https://ete.es/piscinas-con-spa-balneario/
https://ete.es/pellets-o-electricidad-para-calefaccion/,,Sin equivalente,Entrada del blog (el sitio nuevo no tiene blog),text/html; charset=UTF-8,200,OK,CALDERA PARA CALEFACCIÓN,"Recomendamos instalar una caldera para calefacción ETE de 4,5kw, nos da un consumo del día mas frío de 4,32€ para tener una temperatura de 22ºC en la casa.",CALDERAS ELÉCTRICAS INDUSTRIALES,HOT YOGA Y BIKRAM,Entradas recomendadas,,https://ete.es/pellets-o-electricidad-para-calefaccion/
https://www.ete.es/calderas-industriales-2/,https://cliente.morganmedia.es/ete/divisiones/division-calderas-industriales/,Exacta,URL antigua con redirección 301,text/html; charset=UTF-8,301,Moved Permanently,,,,,,,
https://ete.es/tag/modo-ete/,,Sin equivalente,Archivo de etiqueta del blog,text/html; charset=UTF-8,200,OK,modo ete archivos - Thermic Electric Solutions,modo ete archivos - Thermic Electric Solutions . Calderas industriales y equipos de balnearios. ¡Entra!,CALDERAS ELÉCTRICAS INDUSTRIALES,HOT YOGA Y BIKRAM,COMO SE CONSTRUYE UN BALNEARIO SPA,SOCIALIZAR LOS SPA-BALNEARIO,https://ete.es/tag/modo-ete/
https://ete.es/hammam-clasico-en-madrid/,,Sin equivalente,Entrada del blog (el sitio nuevo no tiene blog),text/html; charset=UTF-8,200,OK,HAMMAM CLASICO EN MADRID,Hace unos días utilice los servicios del Hamma﻿m Oasis que hay en la zona de la calle de Alcalá pasado Ventas.,CALDERAS ELÉCTRICAS INDUSTRIALES,HOT YOGA Y BIKRAM,Entradas recomendadas,,https://ete.es/hammam-clasico-en-madrid/
https://ete.es/wp-content/uploads/2020/02/Calderas-Industriales-Carbono-Cero.jpg,,Sin equivalente,"Recurso (CSS, JS o imagen), no es una página",image/jpeg,200,OK,,,,,,,
https://ete.es/tag/calderas-alto-rendimiento/,,Sin equivalente,Archivo de etiqueta del blog,text/html; charset=UTF-8,200,OK,calderas alto rendimiento archivos - Thermic Electric Solutions,calderas alto rendimiento archivos - Thermic Electric Solutions . Calderas industriales y equipos de balnearios. ¡Entra!,CALDERAS ELÉCTRICAS INDUSTRIALES,HOT YOGA Y BIKRAM,COSTOS DE CALENTAR ACEITE TERMICO,,https://ete.es/tag/calderas-alto-rendimiento/
https://ete.es/costos-de-calentar-aceite-termico/,,Sin equivalente,Entrada del blog (el sitio nuevo no tiene blog),text/html; charset=UTF-8,200,OK,Costos de calentar aceite térmico,"Calentar aceite térmico.- Ahorro en el proceso de calentamiento de aceite térmico utilizando calderas eléctricas ETE, rendimiento 100% - garantía 10 años",CALDERAS ELÉCTRICAS INDUSTRIALES,HOT YOGA Y BIKRAM,Entradas recomendadas,,https://ete.es/costos-de-calentar-aceite-termico/
https://ete.es/tag/duchas/,,Sin equivalente,Archivo de etiqueta del blog,text/html; charset=UTF-8,200,OK,duchas archivos - Thermic Electric Solutions,duchas archivos - Thermic Electric Solutions . Calderas industriales y equipos de balnearios. ¡Entra!,CALDERAS ELÉCTRICAS INDUSTRIALES,HOT YOGA Y BIKRAM,PROYECCIÓN DEL SPA-BALNEARIO EN EL MUNDO,MARKETING EN LOS SPA-BALNEARIOS,https://ete.es/tag/duchas/
https://ete.es/terma-turco-sauna-hammam/,,Sin equivalente,Entrada del blog (el sitio nuevo no tiene blog),text/html; charset=UTF-8,200,OK,TERMA -TURCO- SAUNA- HAMMAM,"Terma es un climatizador diseñado en 1980 por Europea Térmica Eléctrica, que crea una temperatura de 50ºC, una humedad de 70% y equilibra el aire eliminando la estratificación, la fortaleza fundamental de este climatizador es que no quema el polvo de aire y no produce radiaciones electromagnéticas que perjudiquen al usuario. Se recomienda utilizarla 1 día a la semana y permanecer en el local 30 minutos cada sesión con salidas a pileta de agua a 8ºC o ducha de agua pulverizada a 4ºC. En los últimos años algunas firmas ha copiado el sistema con poca fortuna pues el clima que crean está muy alterado y no es agradable además tienen graves problemas de funcionamiento.",CALDERAS ELÉCTRICAS INDUSTRIALES,HOT YOGA Y BIKRAM,Entradas recomendadas,,https://ete.es/terma-turco-sauna-hammam/
https://ete.es/tag/duchas-agua-pulverizada/,,Sin equivalente,Archivo de etiqueta del blog,text/html; charset=UTF-8,200,OK,duchas agua pulverizada archivos - Thermic Electric Solutions,duchas agua pulverizada archivos - Thermic Electric Solutions . Calderas industriales y equipos de balnearios. ¡Entra!,CALDERAS ELÉCTRICAS INDUSTRIALES,HOT YOGA Y BIKRAM,ENFRIAR AGUA EN EL SPA-BALNEARIO,,https://ete.es/tag/duchas-agua-pulverizada/
https://ete.es/tag/equipo-de-vapor/,,Sin equivalente,Archivo de etiqueta del blog,text/html; charset=UTF-8,200,OK,equipo de vapor archivos - Thermic Electric Solutions,equipo de vapor archivos - Thermic Electric Solutions . Calderas industriales y equipos de balnearios. ¡Entra!,CALDERAS ELÉCTRICAS INDUSTRIALES,HOT YOGA Y BIKRAM,COMPRAR BAÑO TURCO,,https://ete.es/tag/equipo-de-vapor/
https://ete.es/bomba-de-calor-vs-caldera-electrica/,,Sin equivalente,Entrada del blog (el sitio nuevo no tiene blog),text/html; charset=UTF-8,200,OK,Bomba de calor vs caldera eléctrica,Bomba de calor vs caldera eléctrica: La bomba de calor debe apoyarse en una caldera eléctrica Ete de alta tecnología para que la instalación funcione.,CALDERAS ELÉCTRICAS INDUSTRIALES,HOT YOGA Y BIKRAM,Entradas recomendadas,,https://ete.es/bomba-de-calor-vs-caldera-electrica/
https://ete.es/tag/sistema-de-calefaccion/,,Sin equivalente,Archivo de etiqueta del blog,text/html; charset=UTF-8,200,OK,sistema de calefacción archivos - Thermic Electric Solutions,sistema de calefacción archivos - Thermic Electric Solutions . Calderas industriales y equipos de balnearios. ¡Entra!,CALDERAS ELÉCTRICAS INDUSTRIALES,HOT YOGA Y BIKRAM,CALEFACCIÓN FACTORES DE CONFORT,,https://ete.es/tag/sistema-de-calefaccion/
https://www.ete.es/balnearios,https://cliente.morganmedia.es/ete/divisiones/division-spa-balnearios/,Exacta,URL antigua con redirección 301,text/html; charset=UTF-8,301,Moved Permanently,,,,,,,
https://ete.es/wp-content/uploads/elementor/css/post-1658.css?ver=1786351876,,Sin equivalente,"Recurso (CSS, JS o imagen), no es una página",text/css,200,OK,,,,,,,
https://ete.es/tag/climatizar-local-terma/,,Sin equivalente,Archivo de etiqueta del blog,text/html; charset=UTF-8,200,OK,climatizar local terma archivos - Thermic Electric Solutions,climatizar local terma archivos - Thermic Electric Solutions . Calderas industriales y equipos de balnearios. ¡Entra!,CALDERAS ELÉCTRICAS INDUSTRIALES,HOT YOGA Y BIKRAM,COMPRAR EQUIPO TERMA ROMANA,,https://ete.es/tag/climatizar-local-terma/
https://ete.es/tag/piscina-de-flotacion/,,Sin equivalente,Archivo de etiqueta del blog,text/html; charset=UTF-8,200,OK,piscina de flotación archivos - Thermic Electric Solutions,piscina de flotación archivos - Thermic Electric Solutions . Calderas industriales y equipos de balnearios. ¡Entra!,CALDERAS ELÉCTRICAS INDUSTRIALES,HOT YOGA Y BIKRAM,MARKETING EN LOS SPA-BALNEARIOS,LOS BENEFICIOS DEL SPA EN LAS CASAS RURALES,https://ete.es/tag/piscina-de-flotacion/
https://ete.es/wp-content/uploads/Blog.jpg,,Sin equivalente,"Recurso (CSS, JS o imagen), no es una página",image/jpeg,200,OK,,,,,,,
https://ete.es/como-se-construye-un-balneario-spa/,,Sin equivalente,Entrada del blog (el sitio nuevo no tiene blog),text/html; charset=UTF-8,200,OK,COMO SE CONSTRUYE UN BALNEARIO SPA,Como se construye un balneario spa: El primer paso es tener la idea de hacer un centro de termalismo para dar un servicio para mejorar la vida de las personas.,CALDERAS ELÉCTRICAS INDUSTRIALES,HOT YOGA Y BIKRAM,Entradas recomendadas,,https://ete.es/como-se-construye-un-balneario-spa/
https://ete.es/tag/produccion-calor/,,Sin equivalente,Archivo de etiqueta del blog,text/html; charset=UTF-8,200,OK,produccion calor archivos - Thermic Electric Solutions,produccion calor archivos - Thermic Electric Solutions . Calderas industriales y equipos de balnearios. ¡Entra!,CALDERAS ELÉCTRICAS INDUSTRIALES,HOT YOGA Y BIKRAM,"CALDERAS INDUSTRIALES, EL CALOR EN LA INDUSTRIA TEXTIL",,https://ete.es/tag/produccion-calor/
https://www.ete.es/contactoi,,Sin equivalente,Página de contacto (no existe en el sitio nuevo),text/html; charset=UTF-8,301,Moved Permanently,,,,,,,
https://ete.es/wp-content/uploads/bath.jpg,,Sin equivalente,"Recurso (CSS, JS o imagen), no es una página",image/jpeg,200,OK,,,,,,,
https://ete.es/vapor-en-la-industria-farmaceutica/,,Sin equivalente,Entrada del blog (el sitio nuevo no tiene blog),text/html; charset=UTF-8,200,OK,Vapor en la industria farmacéutica,El vapor en la industria farmacéutica se puede generar utilizando calderas eléctricas Ete. La tecnología Ete permite hacer instalaciones sencillas y eficientes,CALDERAS ELÉCTRICAS INDUSTRIALES,HOT YOGA Y BIKRAM,Entradas recomendadas,,https://ete.es/vapor-en-la-industria-farmaceutica/
https://ete.es/contadores-de-consumo-de-energia-en-instalaciones-de-calor/,,Sin equivalente,Entrada del blog (el sitio nuevo no tiene blog),text/html; charset=UTF-8,200,OK,CONTADORES DE CONSUMO DE ENERGIA EN INSTALACIONES DE CALOR,"Los costos energéticos tienen que reducirse un 20% antes del 2020 según el Parlamento Europeo, Directiva de Eficiencia Energética 2012/27/EU. Hasta el día de la fecha los técnicos hacen cálculos teóricos y calculan equipos para producir calor con, gas, gasóleo, biocombustibles, bombas de calor y calderas eléctricas efecto Joule.",CALDERAS ELÉCTRICAS INDUSTRIALES,HOT YOGA Y BIKRAM,Entradas recomendadas,,https://ete.es/contadores-de-consumo-de-energia-en-instalaciones-de-calor/
https://ete.es/tag/caldera-de-agua/www.ete./contacto,,Sin equivalente,Archivo de etiqueta del blog,text/html; charset=UTF-8,301,Moved Permanently,,,,,,,
https://ete.es/tag/termal/,,Sin equivalente,Archivo de etiqueta del blog,text/html; charset=UTF-8,200,OK,termal archivos - Thermic Electric Solutions,termal archivos - Thermic Electric Solutions . Calderas industriales y equipos de balnearios. ¡Entra!,CALDERAS ELÉCTRICAS INDUSTRIALES,HOT YOGA Y BIKRAM,CALOR Y FRIO EN EL SPA-BALNEARIO,,https://ete.es/tag/termal/
https://ete.es/tag/produccion-de-calor-con-electricidad/,,Sin equivalente,Archivo de etiqueta del blog,text/html; charset=UTF-8,200,OK,producción de calor con electricidad archivos - Thermic Electric Solutions,producción de calor con electricidad archivos - Thermic Electric Solutions . Calderas industriales y equipos de balnearios. ¡Entra!,CALDERAS ELÉCTRICAS INDUSTRIALES,HOT YOGA Y BIKRAM,Caldera Vapor 100 bares,,https://ete.es/tag/produccion-de-calor-con-electricidad/
https://ete.es/tag/calderas-de-gas/,,Sin equivalente,Archivo de etiqueta del blog,text/html; charset=UTF-8,200,OK,calderas de gas archivos - Thermic Electric Solutions,calderas de gas archivos - Thermic Electric Solutions . Calderas industriales y equipos de balnearios. ¡Entra!,CALDERAS ELÉCTRICAS INDUSTRIALES,HOT YOGA Y BIKRAM,CALDERA GAS VS CALDERA ELECTRICA,,https://ete.es/tag/calderas-de-gas/
https://www.ete.es/ete-balnearios/es/equipos-piscinas/piscina-chorros-hidromasaje,https://cliente.morganmedia.es/ete/productos/producto-piscina-hidromasaje-34/,Exacta,URL antigua con redirección 301,text/html; charset=UTF-8,301,Moved Permanently,,,,,,,
https://ete.es/produccion-agua-sobrecalenta-calderas-electricas/,,Sin equivalente,Entrada del blog (el sitio nuevo no tiene blog),text/html; charset=UTF-8,200,OK,Agua sobrecalentada calderas eléctricas,"Producir agua sobrecalentada con calderas eléctricas ETE, facilita la instalación, ahorra en costos. Las calderas ETE de agua sobrecalentada tienen 10 años de garantía.",CALDERAS ELÉCTRICAS INDUSTRIALES,HOT YOGA Y BIKRAM,Entradas recomendadas,,https://ete.es/produccion-agua-sobrecalenta-calderas-electricas/
https://ete.es/tag/caldera-de-calefaccion/,,Sin equivalente,Archivo de etiqueta del blog,text/html; charset=UTF-8,200,OK,caldera de calefacción archivos - Thermic Electric Solutions,caldera de calefacción archivos - Thermic Electric Solutions . Calderas industriales y equipos de balnearios. ¡Entra!,CALDERAS ELÉCTRICAS INDUSTRIALES,HOT YOGA Y BIKRAM,COMO COMPRAR UNA CALDERA ELECTRICA,,https://ete.es/tag/caldera-de-calefaccion/
https://ete.es/mantenimiento-calderas-industriales/www.ete.es/contacto,,Sin equivalente,URL mal formada (enlace interno roto),text/html; charset=UTF-8,301,Moved Permanently,,,,,,,
https://ete.es/vapor-en-la-industria-carnica/,,Sin equivalente,Entrada del blog (el sitio nuevo no tiene blog),text/html; charset=UTF-8,200,OK,Vapor en la industria cárnica,El uso del vapor en la industria cárnica puede producirse utilizando calderas eléctricas Ete de alta tecnología. Simplificando la instalación y minimizando los gastos de gestión.,CALDERAS ELÉCTRICAS INDUSTRIALES,HOT YOGA Y BIKRAM,Entradas recomendadas,,https://ete.es/vapor-en-la-industria-carnica/
https://ete.es/hola-mundo/,,Sin equivalente,Entrada del blog (el sitio nuevo no tiene blog),text/html; charset=UTF-8,200,OK,¡Bienvenid@s a nuestro blog! - Thermic Electric Solutions,En ETE somos especialistas en la fabricación de equipos eléctricos de producción de calor en tres líneas de producto. ¡Entérate de las últimas noticias en nuestro blog!,CALDERAS ELÉCTRICAS INDUSTRIALES,HOT YOGA Y BIKRAM,Entradas recomendadas,,https://ete.es/hola-mundo/
https://ete.es/fuente-de-hielo-para-spa-balneario/,,Sin equivalente,Entrada del blog (el sitio nuevo no tiene blog),text/html; charset=UTF-8,200,OK,Fuente de Hielo para Spa-Balneario,"Fuente de hielo.- si queremos prestar un servicio óptimo debemos contar con una ducha fría o pileta de agua enfriada a 10ºC, es el único sistema eficaz.",CALDERAS ELÉCTRICAS INDUSTRIALES,HOT YOGA Y BIKRAM,Entradas recomendadas,,https://ete.es/fuente-de-hielo-para-spa-balneario/
https://www.ete.es/ete-balnearios/es/duchas-bitermicas/ducha-temporizada,https://cliente.morganmedia.es/ete/productos/producto-ducha-temporizada/,Exacta,URL antigua con redirección 301,text/html; charset=UTF-8,301,Moved Permanently,,,,,,,
https://ete.es/spa-terapeutico/,,Sin equivalente,Entrada del blog (el sitio nuevo no tiene blog),text/html; charset=UTF-8,200,OK,Spa terapéutico - Thermical Electric Solutions,La construcción de un centro Spa puede diseñarse con criterios terapéuticos o criterios lúdicos. El modo ETE cumple rigurosamente los criterios y los clientes siempre repiten la experiencia en los Spa ETE.,CALDERAS ELÉCTRICAS INDUSTRIALES,HOT YOGA Y BIKRAM,Entradas recomendadas,,https://ete.es/spa-terapeutico/
https://www.ete.es/ete-balnearios/es/duchas-bitermicas/ducha-Circular-inox-metacrilato,https://cliente.morganmedia.es/ete/productos/producto-duchas-circuitos-contraste/,Aproximada,URL antigua con redirección 301,text/html; charset=UTF-8,301,Moved Permanently,,,,,,,
https://ete.es/tag/piscinas-de-hidrdomasaje/,,Sin equivalente,Archivo de etiqueta del blog,text/html; charset=UTF-8,200,OK,piscinas de hidrdomasaje archivos - Thermic Electric Solutions,piscinas de hidrdomasaje archivos - Thermic Electric Solutions . Calderas industriales y equipos de balnearios. ¡Entra!,CALDERAS ELÉCTRICAS INDUSTRIALES,HOT YOGA Y BIKRAM,ERRORES MAS COMUNES DE UN BALNEARIO,,https://ete.es/tag/piscinas-de-hidrdomasaje/
https://ete.es/wp-content/uploads/caldcalef1.jpg,,Sin equivalente,"Recurso (CSS, JS o imagen), no es una página",image/jpeg,200,OK,,,,,,,
https://ete.es/tag/caldera-aceite-termico/www.ete./contacto,,Sin equivalente,Archivo de etiqueta del blog,text/html; charset=UTF-8,301,Moved Permanently,,,,,,,
https://ete.es/rendimiento-calderas-electricas/,,Sin equivalente,Entrada del blog (el sitio nuevo no tiene blog),text/html; charset=UTF-8,200,OK,RENDIMIENTO CALDERAS ELECTRICAS,Rendimiento calderas eléctricas.- El rendimiento de las calderas eléctricas dependerá de la tecnología y diseño que se aplique. En calderas eléctricas Ete es el 100%.,CALDERAS ELÉCTRICAS INDUSTRIALES,HOT YOGA Y BIKRAM,Entradas recomendadas,,https://ete.es/rendimiento-calderas-electricas/
https://ete.es/contaminacion-y-la-salud/,,Sin equivalente,Entrada del blog (el sitio nuevo no tiene blog),text/html; charset=UTF-8,200,OK,Contaminación y la salud,La contaminación genera un alto costo emocional y económico ¿Cuánta gente muere diariamente en todo el mundo por la falta de oxígeno en el aire que respira?,CALDERAS ELÉCTRICAS INDUSTRIALES,HOT YOGA Y BIKRAM,Entradas recomendadas,,https://ete.es/contaminacion-y-la-salud/
https://ete.es/category/balnearios/page/4/?utm_source=chatgpt.com,,Sin equivalente,Archivo de categoría del blog,text/html; charset=UTF-8,200,OK,Balnearios - Página 4 de 11 - Thermic Electric Solutions,En ETE te proporcionamos toda la información necesaria sobre los valores en consumo y equipos. Las nuevas tecnologías bajan los consumos de las facturas de energía. ¡Contáctanos! - Página 4 de 11,CALDERAS ELÉCTRICAS INDUSTRIALES,HOT YOGA Y BIKRAM,ENFRIAR AGUA EN EL SPA-BALNEARIO,EFECTOS DEL FRIO EN LOS DEPORTISTAS,https://ete.es/category/balnearios/page/4/
https://ete.es/wp-content/uploads/equipos.jpg,,Sin equivalente,"Recurso (CSS, JS o imagen), no es una página",image/jpeg,200,OK,,,,,,,
https://ete.es/tumbonas-termicas-en-los-spa/,,Sin equivalente,Entrada del blog (el sitio nuevo no tiene blog),text/html; charset=UTF-8,200,OK,TUMBONAS TERMICAS SPA y JARDIN - Thermic Electric Solutions,"Las tumbonas térmicas calentadas por agua a 36ºC ete, solo consumen 500w por tumbona",CALDERAS ELÉCTRICAS INDUSTRIALES,HOT YOGA Y BIKRAM,Entradas recomendadas,,https://ete.es/tumbonas-termicas-en-los-spa/
https://ete.es/tag/agua-caliente-sanitaria-para-ducharse/,,Sin equivalente,Archivo de etiqueta del blog,text/html; charset=UTF-8,200,OK,agua caliente sanitaria para ducharse archivos - Thermic Electric Solutions,agua caliente sanitaria para ducharse archivos - Thermic Electric Solutions . Calderas industriales y equipos de balnearios. ¡Entra!,CALDERAS ELÉCTRICAS INDUSTRIALES,HOT YOGA Y BIKRAM,AGUA CALIENTE PARA DUCHAS,,https://ete.es/tag/agua-caliente-sanitaria-para-ducharse/
https://ete.es/calculo-potencia-termica-proceso-de-calor/,,Sin equivalente,Entrada del blog (el sitio nuevo no tiene blog),text/html; charset=UTF-8,200,OK,CALCULO POTENCIA TERMICA PROCESO DE CALOR,"Cálculo Potencia: instalando calderas eléctricas industriales de Alta Eficiencia Ete, ahorrará en consumo energético, costos de gestión y producción.",CALDERAS ELÉCTRICAS INDUSTRIALES,HOT YOGA Y BIKRAM,Entradas recomendadas,,https://ete.es/calculo-potencia-termica-proceso-de-calor/
https://ete.es/abaratar-costos-energia-en-la-industria-2/,,Sin equivalente,Entrada del blog (el sitio nuevo no tiene blog),text/html; charset=UTF-8,200,OK,ABARATAR COSTOS DE ENERGÍA EN LA INDUSTRIA-2,Para abaratar costos de energía en la industria instala calderas eléctricas Ete. La electricidad es la energía más económica haciendo cálculos correctos y usando tecnología adecuada.,CALDERAS ELÉCTRICAS INDUSTRIALES,HOT YOGA Y BIKRAM,Entradas recomendadas,,https://ete.es/abaratar-costos-energia-en-la-industria-2/
https://ete.es/tag/lodarium/,,Sin equivalente,Archivo de etiqueta del blog,text/html; charset=UTF-8,200,OK,lodarium archivos - Thermic Electric Solutions,lodarium archivos - Thermic Electric Solutions . Calderas industriales y equipos de balnearios. ¡Entra!,CALDERAS ELÉCTRICAS INDUSTRIALES,HOT YOGA Y BIKRAM,EL SPA EN INSTALACIONES DEPORTIVAS Y GIMNASIOS DEL SIGLO XXI,HISTORIA DE LOS SPA-BALNEARIO,https://ete.es/tag/lodarium/
https://ete.es/wp-content/uploads/Agua-caliente.jpg,,Sin equivalente,"Recurso (CSS, JS o imagen), no es una página",image/jpeg,200,OK,,,,,,,
https://ete.es/tag/calderas-fluido-termico/,,Sin equivalente,Archivo de etiqueta del blog,text/html; charset=UTF-8,200,OK,calderas fluido térmico archivos - Thermic Electric Solutions,calderas fluido térmico archivos - Thermic Electric Solutions . Calderas industriales y equipos de balnearios. ¡Entra!,CALDERAS ELÉCTRICAS INDUSTRIALES,HOT YOGA Y BIKRAM,"Calderas industriales, el calor en la industria plástica",,https://ete.es/tag/calderas-fluido-termico/
https://ete.es/tag/diseno-centros-de-termalismo/,,Sin equivalente,Archivo de etiqueta del blog,text/html; charset=UTF-8,200,OK,diseño centros de termalismo archivos - Thermic Electric Solutions,diseño centros de termalismo archivos - Thermic Electric Solutions . Calderas industriales y equipos de balnearios. ¡Entra!,CALDERAS ELÉCTRICAS INDUSTRIALES,HOT YOGA Y BIKRAM,COMO SE DISEÑA EL BALNEARIO SPA,,https://ete.es/tag/diseno-centros-de-termalismo/
https://ete.es/tag/reducir-costos-energeticos/,,Sin equivalente,Archivo de etiqueta del blog,text/html; charset=UTF-8,200,OK,reducir costos energéticos archivos - Thermic Electric Solutions,reducir costos energéticos archivos - Thermic Electric Solutions . Calderas industriales y equipos de balnearios. ¡Entra!,CALDERAS ELÉCTRICAS INDUSTRIALES,HOT YOGA Y BIKRAM,VAPOR PARA PROCESAR ALOE,,https://ete.es/tag/reducir-costos-energeticos/
https://ete.es/rendimiento-de-la-caldera-de-vapor/,,Sin equivalente,Entrada del blog (el sitio nuevo no tiene blog),text/html; charset=UTF-8,200,OK,RENDIMIENTO DE UNA CALDERA DE VAPOR,Rendimiento de una caldera de vapor.- Las calderas de vapor fabricadas con tecnología Ete ofrecen un rendimiento del 100% con garantía de servicio y bajo consumo.,CALDERAS ELÉCTRICAS INDUSTRIALES,HOT YOGA Y BIKRAM,Entradas recomendadas,,https://ete.es/rendimiento-de-la-caldera-de-vapor/
https://ete.es/tag/ducha-pulverizada/,,Sin equivalente,Archivo de etiqueta del blog,text/html; charset=UTF-8,200,OK,ducha pulverizada archivos - Thermic Electric Solutions,ducha pulverizada archivos - Thermic Electric Solutions . Calderas industriales y equipos de balnearios. ¡Entra!,CALDERAS ELÉCTRICAS INDUSTRIALES,HOT YOGA Y BIKRAM,TERMA -TURCO- SAUNA- HAMMAM,,https://ete.es/tag/ducha-pulverizada/
https://ete.es/tag/caldera-aceite-termico/www.ete.es/contacto,,Sin equivalente,Archivo de etiqueta del blog,text/html; charset=UTF-8,301,Moved Permanently,,,,,,,
https://ete.es/tag/pediluvio/,,Sin equivalente,Archivo de etiqueta del blog,text/html; charset=UTF-8,200,OK,pediluvio archivos - Thermic Electric Solutions,pediluvio archivos - Thermic Electric Solutions . Calderas industriales y equipos de balnearios. ¡Entra!,CALDERAS ELÉCTRICAS INDUSTRIALES,HOT YOGA Y BIKRAM,"El agua, el milagro de la naturaleza que debemos cuidar",EL SPA EN INSTALACIONES DEPORTIVAS Y GIMNASIOS DEL SIGLO XXI,https://ete.es/tag/pediluvio/
https://www.ete.es/ete-balnearios/es/equipos-complementarios,https://cliente.morganmedia.es/ete/productos/producto-hidroterapia-relax-wellness/,Aproximada,URL antigua con redirección 301,text/html; charset=UTF-8,301,Moved Permanently,,,,,,,
https://ete.es/los-errores-mas-comunes-en-un-spa/,,Sin equivalente,Entrada del blog (el sitio nuevo no tiene blog),text/html; charset=UTF-8,200,OK,LOS ERRORES MAS COMUNES EN UN SPA,Un cliente de Spa espera encontrar en un centro de termalismo la armonía en su entorno para conseguir la armonía en su interior.,CALDERAS ELÉCTRICAS INDUSTRIALES,HOT YOGA Y BIKRAM,Entradas recomendadas,,https://ete.es/los-errores-mas-comunes-en-un-spa/
https://ete.es/2017/09/,,Sin equivalente,Archivo por fecha del blog,text/html; charset=UTF-8,200,OK,septiembre 2017 - Thermic Electric Solutions,,CALDERAS ELÉCTRICAS INDUSTRIALES,HOT YOGA Y BIKRAM,EQUIPOS PARA ENFRIAR AGUA,PRODUCCIÓN AGUA SOBRECALENTA CALDERAS ELECTRICAS,
https://ete.es/tag/agua-caliente-para-duchas/,,Sin equivalente,Archivo de etiqueta del blog,text/html; charset=UTF-8,200,OK,agua caliente para duchas - Thermic Electric Solutions,"Las calderas eléctricas ETE tienen cero averías, facilidad de mantenimiento, rentabilidad y muchos más beneficios. ¡Contacta con el equipo ETE y solicita más información!",CALDERAS ELÉCTRICAS INDUSTRIALES,HOT YOGA Y BIKRAM,EFICIENCIA DE LAS CALDERAS ELECTRICAS,,https://ete.es/tag/agua-caliente-para-duchas/
https://www.ete.es/ete-calderas/es/calderas-para-calefaccion-y-acs,https://cliente.morganmedia.es/ete/productos/producto-calefaccion-acs-viviendas/,Aproximada,URL antigua con redirección 301,text/html; charset=UTF-8,301,Moved Permanently,,,,,,,
https://ete.es/producir-calor-con-tecnologia-10/,,Sin equivalente,Entrada del blog (el sitio nuevo no tiene blog),text/html; charset=UTF-8,200,OK,Calderas industriales: Producir calor con tecnología 10,"las instalaciones se tienen que reconvertir sustituyendo viejas calderas industriales por calderas eléctricas, con eficiencia energética del 100%.",CALDERAS ELÉCTRICAS INDUSTRIALES,HOT YOGA Y BIKRAM,Entradas recomendadas,,https://ete.es/producir-calor-con-tecnologia-10/
https://ete.es/tag/ahorro-calefaccion-industrial/,,Sin equivalente,Archivo de etiqueta del blog,text/html; charset=UTF-8,200,OK,ahorro calefaccion industrial archivos - Thermic Electric Solutions,ahorro calefaccion industrial archivos - Thermic Electric Solutions . Calderas industriales y equipos de balnearios. ¡Entra!,CALDERAS ELÉCTRICAS INDUSTRIALES,HOT YOGA Y BIKRAM,ACUMULAR CALOR PARA AHORRAR,,https://ete.es/tag/ahorro-calefaccion-industrial/
https://ete.es/tag/agua-caliente-sanitaria/,,Sin equivalente,Archivo de etiqueta del blog,text/html; charset=UTF-8,200,OK,agua caliente sanitaria archivos - Thermic Electric Solutions,agua caliente sanitaria archivos - Thermic Electric Solutions . Calderas industriales y equipos de balnearios. ¡Entra!,CALDERAS ELÉCTRICAS INDUSTRIALES,HOT YOGA Y BIKRAM,AGUA CALIENTE PARA DUCHAS,,https://ete.es/tag/agua-caliente-sanitaria/
https://ete.es/enfriar-el-agua-en-el-spa-balneario/,,Sin equivalente,Entrada del blog (el sitio nuevo no tiene blog),text/html; charset=UTF-8,200,OK,ENFRIAR AGUA EN EL SPA-BALNEARIO,"La importancia de enfriar agua en el spa-balneario radica en su eficacia terapéutica, siempre que el agua en duchas o piscina no supere los 10ºC",CALDERAS ELÉCTRICAS INDUSTRIALES,HOT YOGA Y BIKRAM,Entradas recomendadas,,https://ete.es/enfriar-el-agua-en-el-spa-balneario/
https://ete.es/tag/construir-un-centro-de-termalismo/,,Sin equivalente,Archivo de etiqueta del blog,text/html; charset=UTF-8,200,OK,construir un centro de termalismo archivos - Thermic Electric Solutions,construir un centro de termalismo archivos - Thermic Electric Solutions . Calderas industriales y equipos de balnearios. ¡Entra!,CALDERAS ELÉCTRICAS INDUSTRIALES,HOT YOGA Y BIKRAM,COMO SE GESTIONA UN BALNEARIO SPA,COMO SE DISEÑA EL BALNEARIO SPA,https://ete.es/tag/construir-un-centro-de-termalismo/
https://ete.es/wp-content/uploads/PAISAJE-ECOLOGICO.jpg,,Sin equivalente,"Recurso (CSS, JS o imagen), no es una página",image/jpeg,200,OK,,,,,,,
https://ete.es/terapias-hidro-termales/,,Sin equivalente,Entrada del blog (el sitio nuevo no tiene blog),text/html; charset=UTF-8,200,OK,Terapias Hidro-termales,"La cultura del termalismo está ligada a la filosofía de vida saludable, hacer cada semana una visita al Spa o balneario para algunas personas que les gusta vivir bien, es tan importante como la comida, el ejercicio, la respiración",CALDERAS ELÉCTRICAS INDUSTRIALES,HOT YOGA Y BIKRAM,Entradas recomendadas,,https://ete.es/terapias-hidro-termales/
https://ete.es/tag/wellness/,,Sin equivalente,Archivo de etiqueta del blog,text/html; charset=UTF-8,200,OK,wellness archivos - Thermic Electric Solutions,wellness archivos - Thermic Electric Solutions . Calderas industriales y equipos de balnearios. ¡Entra!,CALDERAS ELÉCTRICAS INDUSTRIALES,HOT YOGA Y BIKRAM,PORQUE INVERTIR EN BALNEARIOS-SPA,PROYECCIÓN DEL SPA-BALNEARIO EN EL MUNDO,https://ete.es/tag/wellness/
https://ete.es/tag/rendimiento-caldera-electrica/,,Sin equivalente,Archivo de etiqueta del blog,text/html; charset=UTF-8,200,OK,rendimiento caldera electrica archivos - Thermic Electric Solutions,rendimiento caldera electrica archivos - Thermic Electric Solutions . Calderas industriales y equipos de balnearios. ¡Entra!,CALDERAS ELÉCTRICAS INDUSTRIALES,HOT YOGA Y BIKRAM,RENDIMIENTO CALDERAS ELECTRICAS ACEITE,,https://ete.es/tag/rendimiento-caldera-electrica/
https://ete.es/el-calor-en-la-industria-plastica/,,Sin equivalente,Entrada del blog (el sitio nuevo no tiene blog),text/html; charset=UTF-8,200,OK,"Calderas industriales, el calor en la industria plástica - Thermic Electric Solutions",Las calderas industriales de alta tecnología by Ete tienen 10 años de garantía. La electricidad es la energía más barata para producir calor.,CALDERAS ELÉCTRICAS INDUSTRIALES,HOT YOGA Y BIKRAM,Entradas recomendadas,,https://ete.es/el-calor-en-la-industria-plastica/
https://ete.es/contaminacion-en-las-instalaciones-de-calor/,,Sin equivalente,Entrada del blog (el sitio nuevo no tiene blog),text/html; charset=UTF-8,200,OK,Contaminación en las instalaciones de calor,Es fundamental reducir la contaminación en las instalaciones de calor cambiando las viejas calderas de combustión por equipos de alta eficiencia.,CALDERAS ELÉCTRICAS INDUSTRIALES,HOT YOGA Y BIKRAM,Entradas recomendadas,,https://ete.es/contaminacion-en-las-instalaciones-de-calor/
https://ete.es/tag/pileta-de-agua-fria/,,Sin equivalente,Archivo de etiqueta del blog,text/html; charset=UTF-8,200,OK,pileta de agua fría archivos - Thermic Electric Solutions,pileta de agua fría archivos - Thermic Electric Solutions . Calderas industriales y equipos de balnearios. ¡Entra!,CALDERAS ELÉCTRICAS INDUSTRIALES,HOT YOGA Y BIKRAM,Fuente de Hielo para Spa-Balneario,,https://ete.es/tag/pileta-de-agua-fria/
https://ete.es/cambiar-calderas-industriales-de-gas/,,Sin equivalente,Entrada del blog (el sitio nuevo no tiene blog),text/html; charset=UTF-8,200,OK,Cambiar calderas industriales de gas,"Las calderas industriales pueden ser de gas, gasoil o eléctricas. Reduzca sus costos de producción y factura de energía, con una caldera eléctrica Ete.",CALDERAS ELÉCTRICAS INDUSTRIALES,HOT YOGA Y BIKRAM,Entradas recomendadas,,https://ete.es/cambiar-calderas-industriales-de-gas/
https://ete.es/wp-content/uploads/2019/12/MUNDO.jpg,,Sin equivalente,"Recurso (CSS, JS o imagen), no es una página",image/jpeg,200,OK,,,,,,,
https://ete.es/tag/calor-para-calefaccion/,,Sin equivalente,Archivo de etiqueta del blog,text/html; charset=UTF-8,200,OK,calor para calefacción archivos - Thermic Electric Solutions,calor para calefacción archivos - Thermic Electric Solutions . Calderas industriales y equipos de balnearios. ¡Entra!,CALDERAS ELÉCTRICAS INDUSTRIALES,HOT YOGA Y BIKRAM,RENOVABLES ALMACENAR CALOR,FOTOVOLTAICO ALMACENAR CALOR,https://ete.es/tag/calor-para-calefaccion/
https://ete.es/tag/rite/,,Sin equivalente,Archivo de etiqueta del blog,text/html; charset=UTF-8,200,OK,RITE archivos - Thermic Electric Solutions,RITE archivos - Thermic Electric Solutions . Calderas industriales y equipos de balnearios. ¡Entra!,CALDERAS ELÉCTRICAS INDUSTRIALES,HOT YOGA Y BIKRAM,EFECTO JOULE vs RITE,EFICIENCIA ENERGETICA EN EDIFICIOS,https://ete.es/tag/rite/
https://ete.es/tag/caldera-electrica/page/3/,,Sin equivalente,Archivo de etiqueta del blog,text/html; charset=UTF-8,200,OK,caldera eléctrica archivos - Página 3 de 3 - Thermic Electric Solutions,caldera eléctrica archivos - Página 3 de 3 - Thermic Electric Solutions . Calderas industriales y equipos de balnearios. ¡Entra!,CALDERAS ELÉCTRICAS INDUSTRIALES,HOT YOGA Y BIKRAM,LA CALEFACCIÓN ELÉCTRICA,BOMBA DE CALOR BAJO RENDIMIENTO,https://ete.es/tag/caldera-electrica/page/3/
https://ete.es/tag/normas-constructivas/,,Sin equivalente,Archivo de etiqueta del blog,text/html; charset=UTF-8,200,OK,normas constructivas archivos - Thermic Electric Solutions,normas constructivas archivos - Thermic Electric Solutions . Calderas industriales y equipos de balnearios. ¡Entra!,CALDERAS ELÉCTRICAS INDUSTRIALES,HOT YOGA Y BIKRAM,COMO SE CONSTRUYE UN BALNEARIO SPA,,https://ete.es/tag/normas-constructivas/
https://ete.es/calcular-potencia-caldera-calefaccion-by-ete/,,Sin equivalente,Entrada del blog (el sitio nuevo no tiene blog),text/html; charset=UTF-8,200,OK,Calcular potencia caldera calefacción,"Calcular potencia caldera calefacción by Ete, en función de los m2 de su vivienda, la temperatura mínima, seleccione el equipo Ete para el servicio de calefacción o calefacción+agua caliente.",CALDERAS ELÉCTRICAS INDUSTRIALES,HOT YOGA Y BIKRAM,Entradas recomendadas,,https://ete.es/calcular-potencia-caldera-calefaccion-by-ete/
https://ete.es/gastos-gestion-de-calefaccion/,,Sin equivalente,Entrada del blog (el sitio nuevo no tiene blog),text/html; charset=UTF-8,200,OK,Gastos gestión de calefacción,Gastos gestión de calefacción.- Las calderas eléctricas ETE de alta tecnología reúnen las condiciones para dar confort con un bajo costo energético.,CALDERAS ELÉCTRICAS INDUSTRIALES,HOT YOGA Y BIKRAM,Entradas recomendadas,,https://ete.es/gastos-gestion-de-calefaccion/
https://ete.es/tag/produccion-de-calor/,,Sin equivalente,Archivo de etiqueta del blog,text/html; charset=UTF-8,200,OK,producción de calor archivos - Thermic Electric Solutions,producción de calor archivos - Thermic Electric Solutions . Calderas industriales y equipos de balnearios. ¡Entra!,CALDERAS ELÉCTRICAS INDUSTRIALES,HOT YOGA Y BIKRAM,CALDERAS ELÉCTRICAS EMISIONES CERO,CALDERA GAS VS CALDERA ELECTRICA,https://ete.es/tag/produccion-de-calor/
https://www.ete.es/ete-calderas/es/calderas-para-calefaccion-y-acs/caldera-domestica-sol,https://cliente.morganmedia.es/ete/productos/producto-calefaccion-acs-viviendas/,Aproximada,URL antigua con redirección 301,text/html; charset=UTF-8,301,Moved Permanently,,,,,,,
https://ete.es/opinion-sobre-el-gasto-energetico-en-calefaccion/,,Sin equivalente,Entrada del blog (el sitio nuevo no tiene blog),text/html; charset=UTF-8,200,OK,Gasto energético en calefacción,"Si tiene interés en saber el gasto energético en calefacción que tendrá instalando los equipos ete de alta eficiencia, envíenos sus datos info@ete.es",CALDERAS ELÉCTRICAS INDUSTRIALES,HOT YOGA Y BIKRAM,Entradas recomendadas,,https://ete.es/opinion-sobre-el-gasto-energetico-en-calefaccion/
https://ete.es/autoconsumo-y-produccion-de-calor/,,Sin equivalente,Entrada del blog (el sitio nuevo no tiene blog),text/html; charset=UTF-8,200,OK,AUTOCONSUMO ELÉCTRICO Y PRODUCCIÓN DE CALOR,Autoconsumo eléctrico: La energía se puede almacenar en baterías eléctricas o en equipos ete de alta tecnología y lo almacenan para  calefacción y agua caliente sanitaria.,CALDERAS ELÉCTRICAS INDUSTRIALES,HOT YOGA Y BIKRAM,Entradas recomendadas,,https://ete.es/autoconsumo-y-produccion-de-calor/
https://ete.es/tag/generadores-de-vapor/,,Sin equivalente,Archivo de etiqueta del blog,text/html; charset=UTF-8,200,OK,generadores de vapor archivos - Thermic Electric Solutions,generadores de vapor archivos - Thermic Electric Solutions . Calderas industriales y equipos de balnearios. ¡Entra!,CALDERAS ELÉCTRICAS INDUSTRIALES,HOT YOGA Y BIKRAM,Equipos producción de calor High-Tech,,https://ete.es/tag/generadores-de-vapor/
https://www.ete.es/ete-balnearios/es/duchas-bitermicas/nueva-ducha-demporizada-con-mezcladora,https://cliente.morganmedia.es/ete/productos/producto-temporizada-mezcladora/,Exacta,URL antigua con redirección 301,text/html; charset=UTF-8,301,Moved Permanently,,,,,,,
https://ete.es/wp-content/uploads/caldera-para-Siemens-sin-fondo1.jpg,,Sin equivalente,"Recurso (CSS, JS o imagen), no es una página",image/jpeg,200,OK,,,,,,,
https://ete.es/wp-content/uploads/textil.jpg,,Sin equivalente,"Recurso (CSS, JS o imagen), no es una página",image/jpeg,200,OK,,,,,,,
https://www.ete.es/ete-balnearios/es/duchas-bitermicas/ducha-bitermica-de-aceites-esenciales,https://cliente.morganmedia.es/ete/productos/producto-ducha-bitermica-aceites/,Exacta,URL antigua con redirección 301,text/html; charset=UTF-8,301,Moved Permanently,,,,,,,
https://ete.es/wp-content/uploads/AQUA-CLUB-TERMAL5.jpg,,Sin equivalente,"Recurso (CSS, JS o imagen), no es una página",image/jpeg,200,OK,,,,,,,
https://ete.es/wp-content/uploads/seleccion-espanola-ejercita-Sevilla.jpg,,Sin equivalente,"Recurso (CSS, JS o imagen), no es una página",image/jpeg,200,OK,,,,,,,
https://ete.es/tag/caldera-industrial-aceite-termico/,,Sin equivalente,Archivo de etiqueta del blog,text/html; charset=UTF-8,200,OK,caldera industrial aceite termico archivos - Thermic Electric Solutions,caldera industrial aceite termico archivos - Thermic Electric Solutions . Calderas industriales y equipos de balnearios. ¡Entra!,CALDERAS ELÉCTRICAS INDUSTRIALES,HOT YOGA Y BIKRAM,COSTOS DE CALENTAR ACEITE TERMICO,,https://ete.es/tag/caldera-industrial-aceite-termico/
https://ete.es/los-beneficios-del-spa-en-las-casas-rurales/,,Sin equivalente,Entrada del blog (el sitio nuevo no tiene blog),text/html; charset=UTF-8,200,OK,LOS BENEFICIOS DEL SPA EN LAS CASAS RURALES,"El Spa en la casa rural, tiene que cubrir dos aspectos: mejorar el estado vital de los clientes y tener unos gastos de gestión-mantenimiento razonables. La propuesta que podemos ofrecer que cumple estos dos requisitos es: •zona para relajarse, (piscina de flotación) •zona de sudoración pasiva para limpiar el organismo •zona de duchas bitermicas para equilibrar el sistema circulatorio sanguíneo",CALDERAS ELÉCTRICAS INDUSTRIALES,HOT YOGA Y BIKRAM,Entradas recomendadas,,https://ete.es/los-beneficios-del-spa-en-las-casas-rurales/
https://ete.es/tag/aguas-termales/,,Sin equivalente,Archivo de etiqueta del blog,text/html; charset=UTF-8,200,OK,aguas termales archivos - Thermic Electric Solutions,aguas termales archivos - Thermic Electric Solutions . Calderas industriales y equipos de balnearios. ¡Entra!,CALDERAS ELÉCTRICAS INDUSTRIALES,HOT YOGA Y BIKRAM,HISTORIA DE LOS SPA-BALNEARIO,,https://ete.es/tag/aguas-termales/
https://ete.es/wp-content/uploads/duchas1.jpg,,Sin equivalente,"Recurso (CSS, JS o imagen), no es una página",image/jpeg,200,OK,,,,,,,
https://ete.es/tag/equipos-electricos/,,Sin equivalente,Archivo de etiqueta del blog,text/html; charset=UTF-8,200,OK,equipos eléctricos archivos - Thermic Electric Solutions,equipos eléctricos archivos - Thermic Electric Solutions . Calderas industriales y equipos de balnearios. ¡Entra!,CALDERAS ELÉCTRICAS INDUSTRIALES,HOT YOGA Y BIKRAM,AGUA CALIENTE PARA DUCHAS,,https://ete.es/tag/equipos-electricos/
https://ete.es/vapor-en-la-industria-textil/,,Sin equivalente,Entrada del blog (el sitio nuevo no tiene blog),text/html; charset=UTF-8,200,OK,Vapor en la industria textil,El vapor en la industria textil puede generarse instalando calderas eléctricas Ete de alta eficiencia. Cuando se realizan los cálculos correctos y se utiliza la tecnología adecuada la electricidad es la energía más económica.,CALDERAS ELÉCTRICAS INDUSTRIALES,HOT YOGA Y BIKRAM,Entradas recomendadas,,https://ete.es/vapor-en-la-industria-textil/
https://ete.es/ete-una-historia-con-principios-tecnologicos-y-eticos/,,Sin equivalente,Entrada del blog (el sitio nuevo no tiene blog),text/html; charset=UTF-8,200,OK,Fabricantes de Calderas Eléctricas Alta Eficiencia,Somos fabricantes de calderas eléctricas alta eficiencia para industria y confort. Con nuestro know-how tecnológico marcamos la diferencia en el mercado.,CALDERAS ELÉCTRICAS INDUSTRIALES,HOT YOGA Y BIKRAM,Entradas recomendadas,,https://ete.es/ete-una-historia-con-principios-tecnologicos-y-eticos/
https://ete.es/calderas-electricas-ete/,,Sin equivalente,Entrada del blog (el sitio nuevo no tiene blog),text/html; charset=UTF-8,200,OK,Calderas Eléctricas Ete,"Calderas eléctricas Ete, la solución eficiente que necesitas. Diseñamos y fabricamos calderas eléctricas de agua, vapor, fluido térmico.",CALDERAS ELÉCTRICAS INDUSTRIALES,HOT YOGA Y BIKRAM,Entradas recomendadas,,https://ete.es/calderas-electricas-ete/
https://ete.es/tag/calderas-electricas-para-calefaccion/,,Sin equivalente,Archivo de etiqueta del blog,text/html; charset=UTF-8,200,OK,calderas eléctricas para calefacción archivos - Thermic Electric Solutions,calderas eléctricas para calefacción archivos - Thermic Electric Solutions . Calderas industriales y equipos de balnearios. ¡Entra!,CALDERAS ELÉCTRICAS INDUSTRIALES,HOT YOGA Y BIKRAM,CAMBIAR VIEJAS CALDERAS PARA CALEFACCIÓN,,https://ete.es/tag/calderas-electricas-para-calefaccion/
https://ete.es/ete-calderas/es/calderas-para-la-industria/,https://cliente.morganmedia.es/ete/divisiones/division-calderas-industriales/,Exacta,URL antigua con redirección 301,text/html; charset=UTF-8,301,Moved Permanently,,,,,,,
https://ete.es/calentar-prensas-de-plasticos/,,Sin equivalente,Entrada del blog (el sitio nuevo no tiene blog),text/html; charset=UTF-8,200,OK,CALENTAR PRENSAS DE PLASTICOS,Para calentar prensas de plásticos instale las calderas eléctricas Ete de aceite térmico. Nuestra tecnología nos permite ofrecer 10 años de garantía.,CALDERAS ELÉCTRICAS INDUSTRIALES,HOT YOGA Y BIKRAM,Entradas recomendadas,,https://ete.es/calentar-prensas-de-plasticos/
https://ete.es/procesos-industriales-de-secado/,,Sin equivalente,Entrada del blog (el sitio nuevo no tiene blog),text/html; charset=UTF-8,200,OK,Calderas para túneles de secado,"Ete propone para túneles de secado, equipos eléctricos de bajo consumo, cero emisiones con garantía de servicio. La tecnología Ete permite instalar equipos de bajas potencias.",CALDERAS ELÉCTRICAS INDUSTRIALES,HOT YOGA Y BIKRAM,Entradas recomendadas,,https://ete.es/procesos-industriales-de-secado/
https://ete.es/wp-content/uploads/carbonneutral-ete-1-1024x203.png,,Sin equivalente,"Recurso (CSS, JS o imagen), no es una página",image/png,200,OK,,,,,,,
https://ete.es/tag/caldera-electrica/page/2/,,Sin equivalente,Archivo de etiqueta del blog,text/html; charset=UTF-8,200,OK,caldera eléctrica archivos - Página 2 de 3 - Thermic Electric Solutions,caldera eléctrica archivos - Página 2 de 3 - Thermic Electric Solutions . Calderas industriales y equipos de balnearios. ¡Entra!,CALDERAS ELÉCTRICAS INDUSTRIALES,HOT YOGA Y BIKRAM,CALEFACCIÓN MEJORAR LA SEGURIDAD,CALEFACCIÓN: MEJORAR LA EFICIENCIA,https://ete.es/tag/caldera-electrica/page/2/
https://ete.es/tag/fabricante-de-calderas/,,Sin equivalente,Archivo de etiqueta del blog,text/html; charset=UTF-8,200,OK,fabricante de calderas archivos - Thermic Electric Solutions,fabricante de calderas archivos - Thermic Electric Solutions . Calderas industriales y equipos de balnearios. ¡Entra!,CALDERAS ELÉCTRICAS INDUSTRIALES,HOT YOGA Y BIKRAM,Contaminación en las instalaciones de calor,Equipos producción de calor High-Tech,https://ete.es/tag/fabricante-de-calderas/
https://ete.es/tag/ahorrar-energia/,,Sin equivalente,Archivo de etiqueta del blog,text/html; charset=UTF-8,200,OK,ahorrar energía archivos - Thermic Electric Solutions,ahorrar energía archivos - Thermic Electric Solutions . Calderas industriales y equipos de balnearios. ¡Entra!,CALDERAS ELÉCTRICAS INDUSTRIALES,HOT YOGA Y BIKRAM,EFICIENCIA ENERGETICA EN EDIFICIOS,,https://ete.es/tag/ahorrar-energia/
https://ete.es/tag/vitalidad/,,Sin equivalente,Archivo de etiqueta del blog,text/html; charset=UTF-8,200,OK,vitalidad archivos - Thermic Electric Solutions,vitalidad archivos - Thermic Electric Solutions . Calderas industriales y equipos de balnearios. ¡Entra!,CALDERAS ELÉCTRICAS INDUSTRIALES,HOT YOGA Y BIKRAM,SPA TERAPEUTICO,,https://ete.es/tag/vitalidad/
https://ete.es/gestion-de-un-spa/,,Sin equivalente,Entrada del blog (el sitio nuevo no tiene blog),text/html; charset=UTF-8,200,OK,GESTIÓN DE UN SPA - Thermic Electric Solutions,"En la pagina www.ete.es de Europea Térmica Eléctrica encontraran información sobre diseño, construcción y gestión de los centros de termalismo.",CALDERAS ELÉCTRICAS INDUSTRIALES,HOT YOGA Y BIKRAM,Entradas recomendadas,,https://ete.es/gestion-de-un-spa/
https://ete.es/category/balnearios/?utm_source=chatgpt.com,,Sin equivalente,Archivo de categoría del blog,text/html; charset=UTF-8,200,OK,Balnearios - Thermic Electric Solutions,En ETE te proporcionamos toda la información necesaria sobre los valores en consumo y equipos. Las nuevas tecnologías bajan los consumos de las facturas de energía. ¡Contáctanos!,CALDERAS ELÉCTRICAS INDUSTRIALES,HOT YOGA Y BIKRAM,CALCULE CONSUMO AGUA CALIENTE EN SU HOTEL,CALCULE CONSUMO AGUA INSTALACIÓN DEPORTIVA,https://ete.es/category/balnearios/
https://ete.es/tag/calderas-de-calefaccion/,,Sin equivalente,Archivo de etiqueta del blog,text/html; charset=UTF-8,200,OK,calderas de calefacción archivos - Thermic Electric Solutions,calderas de calefacción archivos - Thermic Electric Solutions . Calderas industriales y equipos de balnearios. ¡Entra!,CALDERAS ELÉCTRICAS INDUSTRIALES,HOT YOGA Y BIKRAM,MANTENIMIENTO CALDERAS ELECTRICAS,,https://ete.es/tag/calderas-de-calefaccion/
https://ete.es/vapor-para-autoclaves/,,Sin equivalente,Entrada del blog (el sitio nuevo no tiene blog),text/html; charset=UTF-8,200,OK,Vapor para autoclaves,"Los generadores de vapor para autoclaves que fabrica Europea Térmica Eléctrica son de fácil instalación, tienen mínimo mantenimiento, generando importantes ahorros.",CALDERAS ELÉCTRICAS INDUSTRIALES,HOT YOGA Y BIKRAM,Entradas recomendadas,,https://ete.es/vapor-para-autoclaves/
https://ete.es/tag/calderas-electricas-de-fluido-termico/,,Sin equivalente,Archivo de etiqueta del blog,text/html; charset=UTF-8,200,OK,calderas eléctricas de fluido térmico archivos - Thermic Electric Solutions,calderas eléctricas de fluido térmico archivos - Thermic Electric Solutions . Calderas industriales y equipos de balnearios. ¡Entra!,CALDERAS ELÉCTRICAS INDUSTRIALES,HOT YOGA Y BIKRAM,Soluciones de calor en la industria farmacéutica,,https://ete.es/tag/calderas-electricas-de-fluido-termico/
https://ete.es/eficiencia-de-las-calderas-electricas/,,Sin equivalente,Entrada del blog (el sitio nuevo no tiene blog),text/html; charset=UTF-8,200,OK,EFICIENCIA DE LAS CALDERAS ELECTRICAS,La eficiencia de las calderas viene marcada por la tecnología que se aplica. Las calderas Ete de alta tecnología tienen un rendimiento del 100%.,CALDERAS ELÉCTRICAS INDUSTRIALES,HOT YOGA Y BIKRAM,Entradas recomendadas,,https://ete.es/eficiencia-de-las-calderas-electricas/
https://ete.es/wp-content/uploads/imagesCA8BWIJD.jpg,,Sin equivalente,"Recurso (CSS, JS o imagen), no es una página",image/jpeg,200,OK,,,,,,,
https://www.ete.es/pressroom/archives/que-es-el-modo-ete/,,Sin equivalente,URL antigua con redirección 301,text/html; charset=UTF-8,301,Moved Permanently,,,,,,,
https://ete.es/tag/eficiencia-calderas-electricas/,,Sin equivalente,Archivo de etiqueta del blog,text/html; charset=UTF-8,200,OK,eficiencia calderas electricas archivos - Thermic Electric Solutions,eficiencia calderas electricas archivos - Thermic Electric Solutions . Calderas industriales y equipos de balnearios. ¡Entra!,CALDERAS ELÉCTRICAS INDUSTRIALES,HOT YOGA Y BIKRAM,EFICIENCIA DE LAS CALDERAS ELECTRICAS,,https://ete.es/tag/eficiencia-calderas-electricas/
https://ete.es/tag/centro-de-termalismo-spa-balneario/,,Sin equivalente,Archivo de etiqueta del blog,text/html; charset=UTF-8,200,OK,centro de termalismo spa-balneario archivos - Thermic Electric Solutions,centro de termalismo spa-balneario archivos - Thermic Electric Solutions . Calderas industriales y equipos de balnearios. ¡Entra!,CALDERAS ELÉCTRICAS INDUSTRIALES,HOT YOGA Y BIKRAM,"El agua, el milagro de la naturaleza que debemos cuidar",,https://ete.es/tag/centro-de-termalismo-spa-balneario/
https://ete.es/tag/fuente-de-hielo/,,Sin equivalente,Archivo de etiqueta del blog,text/html; charset=UTF-8,200,OK,fuente de hielo archivos - Thermic Electric Solutions,fuente de hielo archivos - Thermic Electric Solutions . Calderas industriales y equipos de balnearios. ¡Entra!,CALDERAS ELÉCTRICAS INDUSTRIALES,HOT YOGA Y BIKRAM,Fuente de Hielo para Spa-Balneario,,https://ete.es/tag/fuente-de-hielo/
https://ete.es/tag/calefaccion-electrica/,,Sin equivalente,Archivo de etiqueta del blog,text/html; charset=UTF-8,200,OK,calefacción eléctrica archivos - Thermic Electric Solutions,calefacción eléctrica archivos - Thermic Electric Solutions . Calderas industriales y equipos de balnearios. ¡Entra!,CALDERAS ELÉCTRICAS INDUSTRIALES,HOT YOGA Y BIKRAM,Ahorrar 1656€ en calefacción eléctrica,,https://ete.es/tag/calefaccion-electrica/
https://ete.es/tag/terma/,,Sin equivalente,Archivo de etiqueta del blog,text/html; charset=UTF-8,200,OK,terma archivos - Thermic Electric Solutions,terma archivos - Thermic Electric Solutions . Calderas industriales y equipos de balnearios. ¡Entra!,CALDERAS ELÉCTRICAS INDUSTRIALES,HOT YOGA Y BIKRAM,TERMA -TURCO- SAUNA- HAMMAM,SPA-BALNEARIO Y EL FUTBOL PROFESIONAL,https://ete.es/tag/terma/
https://ete.es/tag/calderas-electricas-centralizadas/,,Sin equivalente,Archivo de etiqueta del blog,text/html; charset=UTF-8,200,OK,calderas eléctricas centralizadas archivos - Thermic Electric Solutions,calderas eléctricas centralizadas archivos - Thermic Electric Solutions . Calderas industriales y equipos de balnearios. ¡Entra!,CALDERAS ELÉCTRICAS INDUSTRIALES,HOT YOGA Y BIKRAM,RITE calefacción eléctrica en edificios,,https://ete.es/tag/calderas-electricas-centralizadas/
https://ete.es/tag/agua-caliente-duchas/,,Sin equivalente,Archivo de etiqueta del blog,text/html; charset=UTF-8,200,OK,agua caliente duchas - Thermic Electric Solutions,"Con los equipos de calentamiento ETE y utilizando la electricidad, empezarás el día de la mejor manera posible, con una ducha de agua caliente. ¡Solicítanos más información!",CALDERAS ELÉCTRICAS INDUSTRIALES,HOT YOGA Y BIKRAM,AGUA CALIENTE PARA DUCHAS,CALIDAD CALDERAS,https://ete.es/tag/agua-caliente-duchas/
https://ete.es/tag/roduccion-de-calor-en-procesos-industriales/,,Sin equivalente,Archivo de etiqueta del blog,text/html; charset=UTF-8,200,OK,roducción de calor en procesos industriales archivos - Thermic Electric Solutions,roducción de calor en procesos industriales archivos - Thermic Electric Solutions . Calderas industriales y equipos de balnearios. ¡Entra!,CALDERAS ELÉCTRICAS INDUSTRIALES,HOT YOGA Y BIKRAM,CALCULO POTENCIA TERMICA EN INDUSTRIAS,,https://ete.es/tag/roduccion-de-calor-en-procesos-industriales/
https://ete.es/tag/rendimiento-calderas-electricas/,,Sin equivalente,Archivo de etiqueta del blog,text/html; charset=UTF-8,200,OK,rendimiento calderas electricas archivos - Thermic Electric Solutions,rendimiento calderas electricas archivos - Thermic Electric Solutions . Calderas industriales y equipos de balnearios. ¡Entra!,CALDERAS ELÉCTRICAS INDUSTRIALES,HOT YOGA Y BIKRAM,RENDIMIENTO DE LAS CALDERAS INDUSTRIALES,RENDIMIENTO CALDERAS ELECTRICAS,https://ete.es/tag/rendimiento-calderas-electricas/
https://ete.es/que-es-la-geotermia-aerotermia/,,Sin equivalente,Entrada del blog (el sitio nuevo no tiene blog),text/html; charset=UTF-8,200,OK,¿Qué es la geotermia-aerotermia?,Geotermia-aerotermia:,CALDERAS ELÉCTRICAS INDUSTRIALES,HOT YOGA Y BIKRAM,Entradas recomendadas,,https://ete.es/que-es-la-geotermia-aerotermia/
https://ete.es/calderas-industriales-ete/,,Sin equivalente,Entrada del blog (el sitio nuevo no tiene blog),text/html; charset=UTF-8,200,OK,Calderas industriales ETE,"Calderas industriales con tecnología del Siglo XXI, ¿siguen anclado en el pasado? Ha llegado el momento de pasarte al calor ETE eléctrico. Calderas con 10 años de garantía.",CALDERAS ELÉCTRICAS INDUSTRIALES,HOT YOGA Y BIKRAM,Entradas recomendadas,,https://ete.es/calderas-industriales-ete/
https://ete.es/wp-content/uploads/firma-blog-1.png,,Sin equivalente,"Recurso (CSS, JS o imagen), no es una página",image/png,200,OK,,,,,,,
https://ete.es/caldera-gas-vs-caldera-electrica/,,Sin equivalente,Entrada del blog (el sitio nuevo no tiene blog),text/html; charset=UTF-8,200,OK,CALDERA GAS VS CALDERA ELECTRICA,"Caldera gas vs caldera electrica: para vivienda de 90m2 con temperaturas mínimas de -3ºC recomendamos la caldera eléctrica ETE de 4,5kw, con 10 años de garantía.",CALDERAS ELÉCTRICAS INDUSTRIALES,HOT YOGA Y BIKRAM,Entradas recomendadas,,https://ete.es/caldera-gas-vs-caldera-electrica/
https://ete.es/ahorrar-agua-en-duchas/,,Sin equivalente,Entrada del blog (el sitio nuevo no tiene blog),text/html; charset=UTF-8,200,OK,Ahorrar agua en duchas,Ahorrar agua en duchas.- Los equipos Ete para el servicio de agua caliente junto con las duchas temporizadas ahorran hasta un 66% de agua y energía.,CALDERAS ELÉCTRICAS INDUSTRIALES,HOT YOGA Y BIKRAM,Entradas recomendadas,,https://ete.es/ahorrar-agua-en-duchas/
https://ete.es/tag/seca-banadores/www.ete.es/contacto,,Sin equivalente,Archivo de etiqueta del blog,text/html; charset=UTF-8,301,Moved Permanently,,,,,,,
https://ete.es/calefaccion-invernaderos/,,Sin equivalente,Entrada del blog (el sitio nuevo no tiene blog),text/html; charset=UTF-8,200,OK,Calefacción para invernaderos,"Si quiere una instalación económica, con mínimo gasto de mantenimiento y bajo consumo de energía utilice calderas Ete para la calefacción para invernaderos.",CALDERAS ELÉCTRICAS INDUSTRIALES,HOT YOGA Y BIKRAM,Entradas recomendadas,,https://ete.es/calefaccion-invernaderos/
https://ete.es/tag/sauna/,,Sin equivalente,Archivo de etiqueta del blog,text/html; charset=UTF-8,200,OK,sauna archivos - Thermic Electric Solutions,sauna archivos - Thermic Electric Solutions . Calderas industriales y equipos de balnearios. ¡Entra!,CALDERAS ELÉCTRICAS INDUSTRIALES,HOT YOGA Y BIKRAM,TERMA -TURCO- SAUNA- HAMMAM,,https://ete.es/tag/sauna/
https://ete.es/vapor-para-hornos-de-panaderia/,,Sin equivalente,Entrada del blog (el sitio nuevo no tiene blog),text/html; charset=UTF-8,200,OK,VAPOR PARA HORNOS DE PANADERIA - Thermic Electric Solutions,"Los panaderos saben la importancia del vapor en los hornos para obtener pan con buena presentación, saben los problemas que produce el agua que se aporta a los hornos para producir vapor.",CALDERAS ELÉCTRICAS INDUSTRIALES,HOT YOGA Y BIKRAM,Entradas recomendadas,,https://ete.es/vapor-para-hornos-de-panaderia/
https://ete.es/la-seguridad-en-las-calderas/,,Sin equivalente,Entrada del blog (el sitio nuevo no tiene blog),text/html; charset=UTF-8,200,OK,La seguridad en las calderas industriales,"Europea Térmica Eléctrica, comenzó en 1977 a fabricar calderas industriales para dar servicio en procesos industriales y calefacción.",CALDERAS ELÉCTRICAS INDUSTRIALES,HOT YOGA Y BIKRAM,Entradas recomendadas,,https://ete.es/la-seguridad-en-las-calderas/
https://ete.es/tag/fan-coils/,,Sin equivalente,Archivo de etiqueta del blog,text/html; charset=UTF-8,200,OK,fan-coils archivos - Thermic Electric Solutions,fan-coils archivos - Thermic Electric Solutions . Calderas industriales y equipos de balnearios. ¡Entra!,CALDERAS ELÉCTRICAS INDUSTRIALES,HOT YOGA Y BIKRAM,AHORRAR CALEFACCIÓN EN NAVES Y OFICINAS,,https://ete.es/tag/fan-coils/
https://ete.es/tag/proceso-de-relajacion/,,Sin equivalente,Archivo de etiqueta del blog,text/html; charset=UTF-8,200,OK,proceso de relajación archivos - Thermic Electric Solutions,proceso de relajación archivos - Thermic Electric Solutions . Calderas industriales y equipos de balnearios. ¡Entra!,CALDERAS ELÉCTRICAS INDUSTRIALES,HOT YOGA Y BIKRAM,TUMBONAS TERMICAS SPA y JARDIN,,https://ete.es/tag/proceso-de-relajacion/
https://ete.es/category/balnearios/page/10/,,Sin equivalente,Archivo de categoría del blog,text/html; charset=UTF-8,200,OK,Balnearios - Página 10 de 11 - Thermic Electric Solutions,En ETE te proporcionamos toda la información necesaria sobre los valores en consumo y equipos. Las nuevas tecnologías bajan los consumos de las facturas de energía. ¡Contáctanos! - Página 10 de 11,CALDERAS ELÉCTRICAS INDUSTRIALES,HOT YOGA Y BIKRAM,CALCULAR LA SUPERFICIE DE UN SPA,CALCULAR LA SUPERFICIE DE UN BALNEARIO,https://ete.es/category/balnearios/page/10/
https://www.ete.es/ete-calderas/es/calderas-para-la-industria/caldera-domestica-sol,https://cliente.morganmedia.es/ete/productos/producto-calefaccion-acs-viviendas/,Aproximada,URL antigua con redirección 301,text/html; charset=UTF-8,301,Moved Permanently,,,,,,,
https://ete.es/tag/producir-calor-con-electricidad/,,Sin equivalente,Archivo de etiqueta del blog,text/html; charset=UTF-8,200,OK,producir calor con electricidad archivos - Thermic Electric Solutions,producir calor con electricidad archivos - Thermic Electric Solutions . Calderas industriales y equipos de balnearios. ¡Entra!,CALDERAS ELÉCTRICAS INDUSTRIALES,HOT YOGA Y BIKRAM,CALDERAS ELÉCTRICAS EMISIONES CERO,CALEFACCIÓN PARA LA INDUSTRIA,https://ete.es/tag/producir-calor-con-electricidad/
https://ete.es/__trashed/,,Sin equivalente,Entrada del blog (el sitio nuevo no tiene blog),text/html; charset=UTF-8,200,OK,Autoconsumo eléctrico y calefacción,"El autoconsumo eléctrico producido por paneles solares, es una realidad en los países con conciencia medioambiental.",CALDERAS ELÉCTRICAS INDUSTRIALES,HOT YOGA Y BIKRAM,Entradas recomendadas,,https://ete.es/__trashed/
https://ete.es/wp-content/uploads/2020/02/Pagar-por-emitir-gases-contamina-ntes-sera-la-salida-para-reducir-el-calentamiento-global-1.jpg,,Sin equivalente,"Recurso (CSS, JS o imagen), no es una página",image/jpeg,200,OK,,,,,,,
https://ete.es/calderas-industriales/,https://cliente.morganmedia.es/ete/divisiones/division-calderas-industriales/,Exacta,,text/html; charset=UTF-8,200,OK,Calderas Industriales,"Calderas industriales con mínimo servicio de mantenimiento, tele-asistencia técnica y personal, 10 años de garantía.",CALDERAS ELÉCTRICAS INDUSTRIALES,HOT YOGA Y BIKRAM,Entradas recomendadas,,https://ete.es/calderas-industriales/
https://ete.es/calentador-de-agua-para-peluquerias/,,Sin equivalente,Entrada del blog (el sitio nuevo no tiene blog),text/html; charset=UTF-8,200,OK,Calentador de agua para peluquerías,"Con el calentador de agua para peluquerías, el costo de energía de lavar una cabeza con estos equipos es de 0,06€/persona con khw de 0,12€, otras soluciones tienen un costo muy superior.",CALDERAS ELÉCTRICAS INDUSTRIALES,HOT YOGA Y BIKRAM,Entradas recomendadas,,https://ete.es/calentador-de-agua-para-peluquerias/
https://ete.es/el-negocio-del-secador-de-banadores/,,Sin equivalente,Entrada del blog (el sitio nuevo no tiene blog),text/html; charset=UTF-8,200,OK,EL NEGOCIO DEL SECADOR DE BAÑADORES,"El secador de bañadores se instala en los vestuarios y los usuarios ponen el bañador en la maquina secadora Etedryer , en 5 segundos elimina el agua.",CALDERAS ELÉCTRICAS INDUSTRIALES,HOT YOGA Y BIKRAM,Entradas recomendadas,,https://ete.es/el-negocio-del-secador-de-banadores/
https://www.ete.es/ete-balnearios/es/equipos-sudoracion,https://cliente.morganmedia.es/ete/productos/producto-bano-turco-hammam/,Exacta,URL antigua con redirección 301,text/html; charset=UTF-8,301,Moved Permanently,,,,,,,
https://ete.es/tag/tumbona-termica/,,Sin equivalente,Archivo de etiqueta del blog,text/html; charset=UTF-8,200,OK,tumbona térmica archivos - Thermic Electric Solutions,tumbona térmica archivos - Thermic Electric Solutions . Calderas industriales y equipos de balnearios. ¡Entra!,CALDERAS ELÉCTRICAS INDUSTRIALES,HOT YOGA Y BIKRAM,TUMBONAS TERMICAS SPA y JARDIN,CALOR Y FRIO EN EL SPA-BALNEARIO,https://ete.es/tag/tumbona-termica/
https://ete.es/tag/balneario-spa/,,Sin equivalente,Archivo de etiqueta del blog,text/html; charset=UTF-8,200,OK,balneario spa archivos - Thermic Electric Solutions,balneario spa archivos - Thermic Electric Solutions . Calderas industriales y equipos de balnearios. ¡Entra!,CALDERAS ELÉCTRICAS INDUSTRIALES,HOT YOGA Y BIKRAM,COMO SE GESTIONA UN BALNEARIO SPA,,https://ete.es/tag/balneario-spa/
https://ete.es/rendimiento-calderas-electricas-aceite/,,Sin equivalente,Entrada del blog (el sitio nuevo no tiene blog),text/html; charset=UTF-8,200,OK,RENDIMIENTO CALDERAS ACEITE,Rendimiento calderas aceite.- El rendimiento de las calderas eléctricas Ete de alta eficiencia para trabajar con aceite térmico es del 100%.,CALDERAS ELÉCTRICAS INDUSTRIALES,HOT YOGA Y BIKRAM,Entradas recomendadas,,https://ete.es/rendimiento-calderas-electricas-aceite/
https://ete.es/tag/enfriar-el-agua-de-una-pileta/,,Sin equivalente,Archivo de etiqueta del blog,text/html; charset=UTF-8,200,OK,enfriar el agua de una pileta archivos - Thermic Electric Solutions,enfriar el agua de una pileta archivos - Thermic Electric Solutions . Calderas industriales y equipos de balnearios. ¡Entra!,CALDERAS ELÉCTRICAS INDUSTRIALES,HOT YOGA Y BIKRAM,Fuente de Hielo para Spa-Balneario,,https://ete.es/tag/enfriar-el-agua-de-una-pileta/
https://ete.es/calefaccion-reducir-consumo-y-mejorar-la-seguridad/,,Sin equivalente,Entrada del blog (el sitio nuevo no tiene blog),text/html; charset=UTF-8,200,OK,Calefacción reducir consumo y mejorar la seguridad,Calefacción reducir consumo.- instalando calderas eléctricas Ete de Alta tecnología se puede reducir la factura de energía hasta un 50%.,CALDERAS ELÉCTRICAS INDUSTRIALES,HOT YOGA Y BIKRAM,Entradas recomendadas,,https://ete.es/calefaccion-reducir-consumo-y-mejorar-la-seguridad/
https://ete.es/tag/calderas-electricas-de-aceite-termico/,,Sin equivalente,Archivo de etiqueta del blog,text/html; charset=UTF-8,200,OK,calderas eléctricas de aceite térmico archivos - Thermic Electric Solutions,calderas eléctricas de aceite térmico archivos - Thermic Electric Solutions . Calderas industriales y equipos de balnearios. ¡Entra!,CALDERAS ELÉCTRICAS INDUSTRIALES,HOT YOGA Y BIKRAM,EFICIENCIA DE LAS CALDERAS INDUSTRIALES,RENDIMIENTO DE LAS CALDERAS INDUSTRIALES,https://ete.es/tag/calderas-electricas-de-aceite-termico/
https://ete.es/costo-de-calentar-agua-de-piscina/,,Sin equivalente,Entrada del blog (el sitio nuevo no tiene blog),text/html; charset=UTF-8,200,OK,Costo de calentar agua de piscina,"El costo de calentar agua de piscina cubierta de 15 m largo 7 m ancho y 1,3 m profundo a 26ºC. Potencia equipo Ete 15kw, consumo en los días más fríos 18€.",CALDERAS ELÉCTRICAS INDUSTRIALES,HOT YOGA Y BIKRAM,Entradas recomendadas,,https://ete.es/costo-de-calentar-agua-de-piscina/
https://ete.es/author/admin/page/18/,,Sin equivalente,Archivo de autor del blog,text/html; charset=UTF-8,200,OK,"admin, autor en Thermic Electric Solutions - Página 18 de 19","admin, autor en Thermic Electric Solutions - Página 18 de 19",CALDERAS ELÉCTRICAS INDUSTRIALES,HOT YOGA Y BIKRAM,BENEFICIO DE LA CALEFACCIÓN ELECTRICA,AHORRAR EN CALEFACCIÓN,https://ete.es/author/admin/page/18/
https://ete.es/vapor-en-la-industria-lactea/,,Sin equivalente,Entrada del blog (el sitio nuevo no tiene blog),text/html; charset=UTF-8,200,OK,Vapor en la industria láctea,La producción de vapor en la industria láctea puede realizarse con calderas eléctricas Ete de alta tecnología. La electricidad es la energía más barata si se usa la tecnología adecuada.,CALDERAS ELÉCTRICAS INDUSTRIALES,HOT YOGA Y BIKRAM,Entradas recomendadas,,https://ete.es/vapor-en-la-industria-lactea/
https://ete.es/tag/acumulacion-de-calor-en-masa-liquida/,,Sin equivalente,Archivo de etiqueta del blog,text/html; charset=UTF-8,200,OK,acumulación de calor en masa liquida - Thermic Electric Solutions,La tecnología de ETE es exclusiva y no guarda ninguna relación con otros fabricantes de calderas eléctricas. Desde ETE te informaremos como realizar un buen mantenimiento de las calderas eléctricas ETE.,CALDERAS ELÉCTRICAS INDUSTRIALES,HOT YOGA Y BIKRAM,MANTENIMIENTO CALDERAS ELECTRICAS,Caldera Vapor 100 bares,https://ete.es/tag/acumulacion-de-calor-en-masa-liquida/
https://ete.es/porque-invertir-en-balnearios-spa/,,Sin equivalente,Entrada del blog (el sitio nuevo no tiene blog),text/html; charset=UTF-8,200,OK,PORQUE INVERTIR EN BALNEARIOS-SPA,"En los años 80 la firma Europea Térmica Eléctrica comenzó a fabricar equipos para instalaciones hidro-termales con fines terapéuticos. En aquellos tiempos no tenía puntos de referencia sobre cómo construir un centro y cometí muchos errores que me sirvieron para aprender. Desde el año 2000 comenzó una gran actividad en la creación de negocios de termalismo, spa, balneario urbano, city Spa, Wellness, Thalasso y algún que otro nombre para definir una instalación que pretendía mejorar la salud de las personas.",CALDERAS ELÉCTRICAS INDUSTRIALES,HOT YOGA Y BIKRAM,Entradas recomendadas,,https://ete.es/porque-invertir-en-balnearios-spa/
https://ete.es/tag/calentador-electrico-piscina/,,Sin equivalente,Archivo de etiqueta del blog,text/html; charset=UTF-8,200,OK,calentador electrico piscina archivos - Thermic Electric Solutions,calentador electrico piscina archivos - Thermic Electric Solutions . Calderas industriales y equipos de balnearios. ¡Entra!,CALDERAS ELÉCTRICAS INDUSTRIALES,HOT YOGA Y BIKRAM,CALENTAR AGUA DE PISCINA,,https://ete.es/tag/calentador-electrico-piscina/
https://ete.es/tag/ducha-bitermica-de-aceites-esenciales/,,Sin equivalente,Archivo de etiqueta del blog,text/html; charset=UTF-8,200,OK,ducha bitermica de aceites esenciales archivos - Thermic Electric Solutions,ducha bitermica de aceites esenciales archivos - Thermic Electric Solutions . Calderas industriales y equipos de balnearios. ¡Entra!,CALDERAS ELÉCTRICAS INDUSTRIALES,HOT YOGA Y BIKRAM,EL SPA EN INSTALACIONES DEPORTIVAS Y GIMNASIOS DEL SIGLO XXI,,https://ete.es/tag/ducha-bitermica-de-aceites-esenciales/
https://ete.es/tag/ahorrar-agua/,,Sin equivalente,Archivo de etiqueta del blog,text/html; charset=UTF-8,200,OK,ahorrar agua archivos - Thermic Electric Solutions,ahorrar agua archivos - Thermic Electric Solutions . Calderas industriales y equipos de balnearios. ¡Entra!,CALDERAS ELÉCTRICAS INDUSTRIALES,HOT YOGA Y BIKRAM,Ahorrar agua en duchas,,https://ete.es/tag/ahorrar-agua/
https://ete.es/mantenimiento-calderas-electricas/,,Sin equivalente,Entrada del blog (el sitio nuevo no tiene blog),text/html; charset=UTF-8,200,OK,Mantenimiento calderas eléctricas,"El mantenimiento de calderas puede tener un coste alto si se trata de calderas de combustión, en cambio el mantenimiento de las calderas eléctricas Ete es prácticamente cero.",CALDERAS ELÉCTRICAS INDUSTRIALES,HOT YOGA Y BIKRAM,Entradas recomendadas,,https://ete.es/mantenimiento-calderas-electricas/
https://ete.es/acumular-calor-para-ahorrar/,,Sin equivalente,Entrada del blog (el sitio nuevo no tiene blog),text/html; charset=UTF-8,200,OK,Ahorrar en la factura de energía,Cómo ahorrar en la factura de energía más de un 50% con un equipo de acumulación de masa líquida marca ETE,CALDERAS ELÉCTRICAS INDUSTRIALES,HOT YOGA Y BIKRAM,Entradas recomendadas,,https://ete.es/acumular-calor-para-ahorrar/
https://www.ete.es/ete-balnearios/es/duchas-bitermicas,https://cliente.morganmedia.es/ete/productos/producto-duchas-circuitos-contraste/,Exacta,URL antigua con redirección 301,text/html; charset=UTF-8,301,Moved Permanently,,,,,,,
https://ete.es/tag/ducha-bitermica/,,Sin equivalente,Archivo de etiqueta del blog,text/html; charset=UTF-8,200,OK,ducha bitérmica archivos - Thermic Electric Solutions,ducha bitérmica archivos - Thermic Electric Solutions . Calderas industriales y equipos de balnearios. ¡Entra!,CALDERAS ELÉCTRICAS INDUSTRIALES,HOT YOGA Y BIKRAM,DUCHAS BITERMICAS SPA-BALNEARIO,SPA EN LAS CASAS RURALES,https://ete.es/tag/ducha-bitermica/
https://ete.es/tag/turco/,,Sin equivalente,Archivo de etiqueta del blog,text/html; charset=UTF-8,200,OK,turco archivos - Thermic Electric Solutions,turco archivos - Thermic Electric Solutions . Calderas industriales y equipos de balnearios. ¡Entra!,CALDERAS ELÉCTRICAS INDUSTRIALES,HOT YOGA Y BIKRAM,TERMA -TURCO- SAUNA- HAMMAM,SPA – GIMNASIO PISCINA DE AGUA FRIA 4ºC,https://ete.es/tag/turco/
https://ete.es/wp-content/uploads/enfriadora-criogenia3.jpg,,Sin equivalente,"Recurso (CSS, JS o imagen), no es una página",image/jpeg,200,OK,,,,,,,
https://ete.es/la-electricidad-es-rentable-para-producir-calor/,,Sin equivalente,Entrada del blog (el sitio nuevo no tiene blog),text/html; charset=UTF-8,200,OK,Calderas Industriales rentables para producir calor,Calderas Industriales by Ete: Proponemos a la industria tecnología no contaminante y económicamente rentable. Las calderas industriales Ete no necesitan chimenea ni tanque de combustible.,CALDERAS ELÉCTRICAS INDUSTRIALES,HOT YOGA Y BIKRAM,Entradas recomendadas,,https://ete.es/la-electricidad-es-rentable-para-producir-calor/
https://ete.es/tag/calderas-electricas-produccion-agua-caliente/,,Sin equivalente,Archivo de etiqueta del blog,text/html; charset=UTF-8,200,OK,calderas electricas producción agua caliente archivos - Thermic Electric Solutions,calderas electricas producción agua caliente archivos - Thermic Electric Solutions . Calderas industriales y equipos de balnearios. ¡Entra!,CALDERAS ELÉCTRICAS INDUSTRIALES,HOT YOGA Y BIKRAM,AGUA CALIENTE EN PLATAFORMA PETROLIFERA,,https://ete.es/tag/calderas-electricas-produccion-agua-caliente/
https://ete.es/tag/enfriar-agua-duchas-bitermicas/,,Sin equivalente,Archivo de etiqueta del blog,text/html; charset=UTF-8,200,OK,enfriar agua duchas bitérmicas archivos - Thermic Electric Solutions,enfriar agua duchas bitérmicas archivos - Thermic Electric Solutions . Calderas industriales y equipos de balnearios. ¡Entra!,CALDERAS ELÉCTRICAS INDUSTRIALES,HOT YOGA Y BIKRAM,COMPRAR ENFRIADORA PISCINA,,https://ete.es/tag/enfriar-agua-duchas-bitermicas/
https://ete.es/spa-balneario-y-el-futbol-profesional/,,Sin equivalente,Entrada del blog (el sitio nuevo no tiene blog),text/html; charset=UTF-8,200,OK,SPA-BALNEARIO Y EL FUTBOL PROFESIONAL,Equipos para Spa.- Apostamos por la tecnología aplicada a mejorar la salud de las personas. Los equipos para spa by Ete garantizan eficacia terapéutica.,CALDERAS ELÉCTRICAS INDUSTRIALES,HOT YOGA Y BIKRAM,Entradas recomendadas,,https://ete.es/spa-balneario-y-el-futbol-profesional/
https://ete.es/rite-calefaccion-electrica-edificios/,,Sin equivalente,Entrada del blog (el sitio nuevo no tiene blog),text/html; charset=UTF-8,200,OK,RITE calefacción eléctrica en edificios,"RITE calefacción eléctrica en edificios, la electricidad es la energía más barata cuando se hacen los cálculos correctos y se utiliza la tecnología adecuada.",CALDERAS ELÉCTRICAS INDUSTRIALES,HOT YOGA Y BIKRAM,Entradas recomendadas,,https://ete.es/rite-calefaccion-electrica-edificios/
https://www.ete.es/ete-balnearios/es/duchas-bitermicas/ducha-escocesa-bitermica,https://cliente.morganmedia.es/ete/productos/producto-ducha-escocesa-bitermica/,Exacta,URL antigua con redirección 301,text/html; charset=UTF-8,301,Moved Permanently,,,,,,,
https://ete.es/tag/construccion/,,Sin equivalente,Archivo de etiqueta del blog,text/html; charset=UTF-8,200,OK,construcción archivos - Thermic Electric Solutions,construcción archivos - Thermic Electric Solutions . Calderas industriales y equipos de balnearios. ¡Entra!,CALDERAS ELÉCTRICAS INDUSTRIALES,HOT YOGA Y BIKRAM,CONSTRUIR UN THALASSO,BENEFICIOS DE TERMALISMO-ECONOMICOS,https://ete.es/tag/construccion/
https://ete.es/tag/flotarium/,,Sin equivalente,Archivo de etiqueta del blog,text/html; charset=UTF-8,200,OK,flotarium archivos - Thermic Electric Solutions,flotarium archivos - Thermic Electric Solutions . Calderas industriales y equipos de balnearios. ¡Entra!,CALDERAS ELÉCTRICAS INDUSTRIALES,HOT YOGA Y BIKRAM,EL SPA EN INSTALACIONES DEPORTIVAS Y GIMNASIOS DEL SIGLO XXI,HISTORIA DE LOS SPA-BALNEARIO,https://ete.es/tag/flotarium/
https://ete.es/tag/relajacion/,,Sin equivalente,Archivo de etiqueta del blog,text/html; charset=UTF-8,200,OK,relajación archivos - Thermic Electric Solutions,relajación archivos - Thermic Electric Solutions . Calderas industriales y equipos de balnearios. ¡Entra!,CALDERAS ELÉCTRICAS INDUSTRIALES,HOT YOGA Y BIKRAM,PISCINAS CON SPA-BALNEARIO,,https://ete.es/tag/relajacion/
https://ete.es/tag/piscina-de-natacion/,,Sin equivalente,Archivo de etiqueta del blog,text/html; charset=UTF-8,200,OK,piscina de natación archivos - Thermic Electric Solutions,piscina de natación archivos - Thermic Electric Solutions . Calderas industriales y equipos de balnearios. ¡Entra!,CALDERAS ELÉCTRICAS INDUSTRIALES,HOT YOGA Y BIKRAM,COSTO DE CALENTAR AGUA DE PISCINA,,https://ete.es/tag/piscina-de-natacion/
https://ete.es/tag/salud/,,Sin equivalente,Archivo de etiqueta del blog,text/html; charset=UTF-8,200,OK,SALUD archivos - Thermic Electric Solutions,SALUD archivos - Thermic Electric Solutions . Calderas industriales y equipos de balnearios. ¡Entra!,CALDERAS ELÉCTRICAS INDUSTRIALES,HOT YOGA Y BIKRAM,SPA TERAPEUTICO,,https://ete.es/tag/salud/
https://www.ete.es/ete-balnearios/es/equipos-piscinas/piscina-natacion-26,https://cliente.morganmedia.es/ete/productos/producto-piscina-natacion-25-30/,Exacta,URL antigua con redirección 301,text/html; charset=UTF-8,301,Moved Permanently,,,,,,,
https://ete.es/tag/duchas-bitermicas/page/2/,,Sin equivalente,Archivo de etiqueta del blog,text/html; charset=UTF-8,200,OK,duchas bitérmicas archivos - Página 2 de 2 - Thermic Electric Solutions,duchas bitérmicas archivos - Página 2 de 2 - Thermic Electric Solutions . Calderas industriales y equipos de balnearios. ¡Entra!,CALDERAS ELÉCTRICAS INDUSTRIALES,HOT YOGA Y BIKRAM,AGUA CALIENTE PARA SPA-BALNEARIO,INSTALACIONES SPA IMPRESCINDIBLES,https://ete.es/tag/duchas-bitermicas/page/2/
https://ete.es/caldera-vapor-100-bares/,,Sin equivalente,Entrada del blog (el sitio nuevo no tiene blog),text/html; charset=UTF-8,200,OK,Caldera de vapor 100 bares,Caldera de vapor 100 bares.- Presentamos la caldera eléctrica de vapor fabricada por Europea Térmica Eléctrica con una potencia de 60Kw - 310ºC y 100 bares.,CALDERAS ELÉCTRICAS INDUSTRIALES,HOT YOGA Y BIKRAM,Entradas recomendadas,,https://ete.es/caldera-vapor-100-bares/
https://ete.es/wp-content/uploads/Diapositiva1.jpg,,Sin equivalente,"Recurso (CSS, JS o imagen), no es una página",image/jpeg,200,OK,,,,,,,
https://ete.es/tag/calefaccion-naves/,,Sin equivalente,Archivo de etiqueta del blog,text/html; charset=UTF-8,200,OK,calefacción naves archivos - Thermic Electric Solutions,calefacción naves archivos - Thermic Electric Solutions . Calderas industriales y equipos de balnearios. ¡Entra!,CALDERAS ELÉCTRICAS INDUSTRIALES,HOT YOGA Y BIKRAM,Cambiar calderas industriales de gas,AHORRAR CALEFACCIÓN EN NAVES Y OFICINAS,https://ete.es/tag/calefaccion-naves/
https://ete.es/wp-content/uploads/Info222.jpg,,Sin equivalente,"Recurso (CSS, JS o imagen), no es una página",image/jpeg,200,OK,,,,,,,
https://www.ete.es/calderas,https://cliente.morganmedia.es/ete/divisiones/division-calderas-industriales/,Exacta,URL antigua con redirección 301,text/html; charset=UTF-8,301,Moved Permanently,,,,,,,
https://ete.es/tag/enfriar-el-agua-de-las-duchas/,,Sin equivalente,Archivo de etiqueta del blog,text/html; charset=UTF-8,200,OK,enfriar el agua de las duchas archivos - Thermic Electric Solutions,enfriar el agua de las duchas archivos - Thermic Electric Solutions . Calderas industriales y equipos de balnearios. ¡Entra!,CALDERAS ELÉCTRICAS INDUSTRIALES,HOT YOGA Y BIKRAM,"El agua, el milagro de la naturaleza que debemos cuidar",,https://ete.es/tag/enfriar-el-agua-de-las-duchas/
https://ete.es/tag/calderas-eficientes/,,Sin equivalente,Archivo de etiqueta del blog,text/html; charset=UTF-8,200,OK,calderas eficientes archivos - Thermic Electric Solutions,calderas eficientes archivos - Thermic Electric Solutions . Calderas industriales y equipos de balnearios. ¡Entra!,CALDERAS ELÉCTRICAS INDUSTRIALES,HOT YOGA Y BIKRAM,BENEFICIO DE LA CALEFACCIÓN ELECTRICA,,https://ete.es/tag/calderas-eficientes/
https://ete.es/que-es-un-circuito-termal/,,Sin equivalente,Entrada del blog (el sitio nuevo no tiene blog),text/html; charset=UTF-8,200,OK,Que es un circuito termal,"Mucha gente se pregunta que es un circuito termal, el circuito termal son los pasos que se realizan en el spa, balneario o centro wellness para sudar, relajarse y reactivarse utilizando los distintos servicios del centro.",CALDERAS ELÉCTRICAS INDUSTRIALES,HOT YOGA Y BIKRAM,Entradas recomendadas,,https://ete.es/que-es-un-circuito-termal/
https://ete.es/tag/tonificacion/,,Sin equivalente,Archivo de etiqueta del blog,text/html; charset=UTF-8,200,OK,tonificación archivos - Thermic Electric Solutions,tonificación archivos - Thermic Electric Solutions . Calderas industriales y equipos de balnearios. ¡Entra!,CALDERAS ELÉCTRICAS INDUSTRIALES,HOT YOGA Y BIKRAM,PISCINAS CON SPA-BALNEARIO,,https://ete.es/tag/tonificacion/
https://ete.es/la-salud-y-los-spa-balneario/,,Sin equivalente,Entrada del blog (el sitio nuevo no tiene blog),text/html; charset=UTF-8,200,OK,LA SALUD Y LOS SPA-BALNEARIO,"Aclaro la primera pregunta que se pueden hacer, ¿mejora la salud de las personas el uso regular de las instalaciones de termalismo Spa-Balneario? ! SI ¡ La segunda pregunta es ¿todas las instalaciones que existen mejoran la salud de las personas? ! NO ¡ Una afirmación categórica debe de estar respaldada con argumentos razonables y comprensibles.",CALDERAS ELÉCTRICAS INDUSTRIALES,HOT YOGA Y BIKRAM,Entradas recomendadas,,https://ete.es/la-salud-y-los-spa-balneario/
https://ete.es/tag/caldera-electrica/www.ete.es,,Sin equivalente,Archivo de etiqueta del blog,text/html; charset=UTF-8,301,Moved Permanently,,,,,,,
https://ete.es/tag/servicio-de-agua-caliente-sanitaria/,,Sin equivalente,Archivo de etiqueta del blog,text/html; charset=UTF-8,200,OK,servicio de agua caliente sanitaria archivos - Thermic Electric Solutions,servicio de agua caliente sanitaria archivos - Thermic Electric Solutions . Calderas industriales y equipos de balnearios. ¡Entra!,CALDERAS ELÉCTRICAS INDUSTRIALES,HOT YOGA Y BIKRAM,FOTOVOLTAICO ALMACENAR CALOR,,https://ete.es/tag/servicio-de-agua-caliente-sanitaria/
https://www.ete.es/ete-balnearios/es/equipos-complementarios/tumbona-termica,https://cliente.morganmedia.es/ete/productos/producto-tumbona-termica/,Exacta,URL antigua con redirección 301,text/html; charset=UTF-8,301,Moved Permanently,,,,,,,
https://ete.es/category/ete-europea-termica-electrica/page/4/,,Sin equivalente,Archivo de categoría del blog,text/html; charset=UTF-8,200,OK,ete - Europea Térmica Eléctrica - Página 4 de 5 - Thermic Electric Solutions,"La instalación de los equipos eléctricos de producción de calor de alta tecnología ETE tienen grandes beneficios como el ahorro en las facturas, gastos y emisiones. Cuentan con tecnologías fáciles de usar- Página 4 de 5",CALDERAS ELÉCTRICAS INDUSTRIALES,HOT YOGA Y BIKRAM,VENTAJAS DE LAS CALDERAS ELECTRICAS,COMPRAR CALDERAS ELECTRICAS COSTE CERO,https://ete.es/category/ete-europea-termica-electrica/page/4/
https://ete.es/tag/caldera-de-agua/www.ete.es/contacto,,Sin equivalente,Archivo de etiqueta del blog,text/html; charset=UTF-8,301,Moved Permanently,,,,,,,
https://ete.es/tag/ducha-temporizada/,,Sin equivalente,Archivo de etiqueta del blog,text/html; charset=UTF-8,200,OK,ducha temporizada archivos - Thermic Electric Solutions,ducha temporizada archivos - Thermic Electric Solutions . Calderas industriales y equipos de balnearios. ¡Entra!,CALDERAS ELÉCTRICAS INDUSTRIALES,HOT YOGA Y BIKRAM,Ahorrar agua en duchas,,https://ete.es/tag/ducha-temporizada/
https://ete.es/duchas-temporizadas/,,Sin equivalente,Entrada del blog (el sitio nuevo no tiene blog),text/html; charset=UTF-8,200,OK,Duchas temporizadas,"La instalación de duchas temporizadas ETE, representan un ahorro de agua, energía, equipos y mantenimiento.",CALDERAS ELÉCTRICAS INDUSTRIALES,HOT YOGA Y BIKRAM,Entradas recomendadas,,https://ete.es/duchas-temporizadas/
https://ete.es/tag/emisiones-co2/,,Sin equivalente,Archivo de etiqueta del blog,text/html; charset=UTF-8,200,OK,emisiones CO2 archivos - Thermic Electric Solutions,emisiones CO2 archivos - Thermic Electric Solutions . Calderas industriales y equipos de balnearios. ¡Entra!,CALDERAS ELÉCTRICAS INDUSTRIALES,HOT YOGA Y BIKRAM,BIOMASA VERSUS ELECTRICIDAD,,https://ete.es/tag/emisiones-co2/
https://ete.es/tag/enfriadoras-para-piscinas/,,Sin equivalente,Archivo de etiqueta del blog,text/html; charset=UTF-8,200,OK,enfriadoras para piscinas archivos - Thermic Electric Solutions,enfriadoras para piscinas archivos - Thermic Electric Solutions . Calderas industriales y equipos de balnearios. ¡Entra!,CALDERAS ELÉCTRICAS INDUSTRIALES,HOT YOGA Y BIKRAM,COMPRAR ENFRIADORA PISCINA,,https://ete.es/tag/enfriadoras-para-piscinas/
https://ete.es/tag/calefaccion-electrica-para-naves/,,Sin equivalente,Archivo de etiqueta del blog,text/html; charset=UTF-8,200,OK,calefacción eléctrica para naves archivos - Thermic Electric Solutions,calefacción eléctrica para naves archivos - Thermic Electric Solutions . Calderas industriales y equipos de balnearios. ¡Entra!,CALDERAS ELÉCTRICAS INDUSTRIALES,HOT YOGA Y BIKRAM,CALEFACCIÓN EN NAVES INDUSTRIALES,,https://ete.es/tag/calefaccion-electrica-para-naves/
https://ete.es/spa-balnearios,https://cliente.morganmedia.es/ete/divisiones/division-spa-balnearios/,Exacta,URL antigua con redirección 301,text/html; charset=UTF-8,301,Moved Permanently,,,,,,,
https://ete.es/idae-rite-calefaccion/,,Sin equivalente,Entrada del blog (el sitio nuevo no tiene blog),text/html; charset=UTF-8,200,OK,IDAE-RITE-CALEFACCIÓN,IDAE-RITE-CALEFACCIÓN: Es imprescindible que se eliminen las restricciones para el uso de equipos eléctricos para calefacción.,CALDERAS ELÉCTRICAS INDUSTRIALES,HOT YOGA Y BIKRAM,Entradas recomendadas,,https://ete.es/idae-rite-calefaccion/
https://ete.es/author/ete/page/7/,,Sin equivalente,Archivo de autor del blog,text/html; charset=UTF-8,200,OK,"Fernando Sanz Pérez, autor en Thermic Electric Solutions - Página 7 de 8","Fernando Sanz Pérez, autor en Thermic Electric Solutions - Página 7 de 8",CALDERAS ELÉCTRICAS INDUSTRIALES,HOT YOGA Y BIKRAM,PRODUCCIÓN AGUA SOBRECALENTA CALDERAS ELECTRICAS,Calentador de agua para peluquerías,https://ete.es/author/ete/page/7/
https://ete.es/ahorrar-540e-en-calefaccion-electrica/,,Sin equivalente,Entrada del blog (el sitio nuevo no tiene blog),text/html; charset=UTF-8,200,OK,Ahorrar 1656€ en calefacción eléctrica - Thermic Electric Solutions,Calefacción Eléctrica.- Instalar calderas eléctricas Ete de alta eficiencia para el servicio de calefacción genera ahorro en la factura de energía y mantenimiento.,CALDERAS ELÉCTRICAS INDUSTRIALES,HOT YOGA Y BIKRAM,Entradas recomendadas,,https://ete.es/ahorrar-540e-en-calefaccion-electrica/
https://ete.es/tag/circuito-hidrotermal/,,Sin equivalente,Archivo de etiqueta del blog,text/html; charset=UTF-8,200,OK,circuito hidrotermal archivos - Thermic Electric Solutions,circuito hidrotermal archivos - Thermic Electric Solutions . Calderas industriales y equipos de balnearios. ¡Entra!,CALDERAS ELÉCTRICAS INDUSTRIALES,HOT YOGA Y BIKRAM,COMO SE GESTIONA UN BALNEARIO SPA,,https://ete.es/tag/circuito-hidrotermal/
https://www.ete.es/ete-balnearios/es/diseno-construcion-gestion,https://cliente.morganmedia.es/ete/divisiones/division-spa-balnearios/,Aproximada,URL antigua con redirección 301,text/html; charset=UTF-8,301,Moved Permanently,,,,,,,
https://ete.es/como-comprar-una-caldera-electrica/,,Sin equivalente,Entrada del blog (el sitio nuevo no tiene blog),text/html; charset=UTF-8,200,OK,COMO COMPRAR UNA CALDERA ELECTRICA,"Pongamos un ejemplo: vivienda de 100m2 con techos de 2,5m. temperatura mínima exterior OºC temperatura interior 22ºC programa diario de calefacción de 7 a 8 y de 18 a 23h. total 6 horas. La potencia necesaria con una caldera eléctrica ETE es de 7,5kw. Si multiplicamos 7,5kw por 6 horas nos da 45 kwh por día. Estimamos el precio medio del kwh en 0.17€ incluidos impuestos. 45x0.17 = 7,65€ por día.",CALDERAS ELÉCTRICAS INDUSTRIALES,HOT YOGA Y BIKRAM,Entradas recomendadas,,https://ete.es/como-comprar-una-caldera-electrica/
https://ete.es/tag/calderas-electricas-2/page/3/www.ete.es,,Sin equivalente,Archivo de etiqueta del blog,text/html; charset=UTF-8,301,Moved Permanently,,,,,,,
https://ete.es/wp-content/uploads/2020/03/change.jpg,,Sin equivalente,"Recurso (CSS, JS o imagen), no es una página",image/jpeg,200,OK,,,,,,,
https://ete.es/tag/mantenimiento-calderas-industriales/www.ete.es/contacto,,Sin equivalente,Archivo de etiqueta del blog,text/html; charset=UTF-8,301,Moved Permanently,,,,,,,
https://ete.es/opinion-sobre-el-gasto-en-calefaccion/,,Sin equivalente,Entrada del blog (el sitio nuevo no tiene blog),text/html; charset=UTF-8,200,OK,Consumo de Calefacción Vivienda,"Consumo de Calefacción Vivienda, con las calderas de alta eficiencia Ete una vivienda de 90m2 tendría un consumo anual de menos de 700€.",CALDERAS ELÉCTRICAS INDUSTRIALES,HOT YOGA Y BIKRAM,Entradas recomendadas,,https://ete.es/opinion-sobre-el-gasto-en-calefaccion/
https://ete.es/como-climatizar-local-bikram-yoga/,,Sin equivalente,Entrada del blog (el sitio nuevo no tiene blog),text/html; charset=UTF-8,200,OK,CLIMATIZAR LOCAL BIKRAM YOGA,"Europea Térmica Eléctrica fabrica equipos para climatizar local bikram yoga de alta tecnología, fáciles de instalar, bajo consumo de energía.",CALDERAS ELÉCTRICAS INDUSTRIALES,HOT YOGA Y BIKRAM,Entradas recomendadas,,https://ete.es/como-climatizar-local-bikram-yoga/
https://ete.es/tag/piscina-de-hidromasaje/,,Sin equivalente,Archivo de etiqueta del blog,text/html; charset=UTF-8,200,OK,piscina de hidromasaje archivos - Thermic Electric Solutions,piscina de hidromasaje archivos - Thermic Electric Solutions . Calderas industriales y equipos de balnearios. ¡Entra!,CALDERAS ELÉCTRICAS INDUSTRIALES,HOT YOGA Y BIKRAM,COSTO DE CALENTAR AGUA DE PISCINA,EL SPA EN INSTALACIONES DEPORTIVAS Y GIMNASIOS DEL SIGLO XXI,https://ete.es/tag/piscina-de-hidromasaje/
https://ete.es/errores-mas-comunes-de-un-balneario/,,Sin equivalente,Entrada del blog (el sitio nuevo no tiene blog),text/html; charset=UTF-8,200,OK,ERRORES MAS COMUNES DE UN BALNEARIO,"Cuando entran muchos clientes y mucho dinero en caja, no nos planteamos revisar que podemos mejorar en las instalaciones y en le servicio. Por el contrario si tenemos pocos clientes y los ingresos no cubren los gastos tenemos que analizar que podemos mejorar para que los clientes y el dinero entre",CALDERAS ELÉCTRICAS INDUSTRIALES,HOT YOGA Y BIKRAM,Entradas recomendadas,,https://ete.es/errores-mas-comunes-de-un-balneario/
https://ete.es/tag/contaminacion-ambiental/,,Sin equivalente,Archivo de etiqueta del blog,text/html; charset=UTF-8,200,OK,contaminación ambiental archivos - Thermic Electric Solutions,contaminación ambiental archivos - Thermic Electric Solutions . Calderas industriales y equipos de balnearios. ¡Entra!,CALDERAS ELÉCTRICAS INDUSTRIALES,HOT YOGA Y BIKRAM,CALDERA GAS VS CALDERA ELECTRICA,,https://ete.es/tag/contaminacion-ambiental/
https://www.ete.es/ete-balnearios/es/equipos-sudoracion/bano-turco,https://cliente.morganmedia.es/ete/productos/producto-equipos-bano-turco/,Exacta,URL antigua con redirección 301,text/html; charset=UTF-8,301,Moved Permanently,,,,,,,
https://ete.es/category/balnearios/page/2/?utm_source=chatgpt.com,,Sin equivalente,Archivo de categoría del blog,text/html; charset=UTF-8,200,OK,Balnearios - Página 2 de 11 - Thermic Electric Solutions,En ETE te proporcionamos toda la información necesaria sobre los valores en consumo y equipos. Las nuevas tecnologías bajan los consumos de las facturas de energía. ¡Contáctanos! - Página 2 de 11,CALDERAS ELÉCTRICAS INDUSTRIALES,HOT YOGA Y BIKRAM,Asesoramiento para Spa-Balneario,¿Qué es un circuito termal?,https://ete.es/category/balnearios/page/2/
https://ete.es/tag/calderas-electricas-2/page/4/,,Sin equivalente,Archivo de etiqueta del blog,text/html; charset=UTF-8,200,OK,Calderas eléctricas al mejor precio - Página 4 de 5 - Thermic Electric Solutions,Desde 1990 esta cambiando el paradigma del costo de las energías con la incorporación de las renovables para producir electricidad.,CALDERAS ELÉCTRICAS INDUSTRIALES,HOT YOGA Y BIKRAM,CALEFACCIÓN MEJORAR LA SEGURIDAD,CALEFACCIÓN: MEJORAR LA EFICIENCIA,https://ete.es/tag/calderas-electricas-2/page/4/
https://ete.es/calderas-industriales,https://cliente.morganmedia.es/ete/divisiones/division-calderas-industriales/,Exacta,URL antigua con redirección 301,text/html; charset=UTF-8,301,Moved Permanently,,,,,,,
https://ete.es/efectos-del-frio-en-el-deporte/,,Sin equivalente,Entrada del blog (el sitio nuevo no tiene blog),text/html; charset=UTF-8,200,OK,EFECTOS DEL FRÍO EN LOS DEPORTISTAS,Efectos del frío en los deportistas.- El agua de ducha o piscina no debe superar los 10ºC para que el deportista se beneficie del efecto terapéutico.,CALDERAS ELÉCTRICAS INDUSTRIALES,HOT YOGA Y BIKRAM,Entradas recomendadas,,https://ete.es/efectos-del-frio-en-el-deporte/
https://ete.es/calentar-fuel-oil/,,Sin equivalente,Entrada del blog (el sitio nuevo no tiene blog),text/html; charset=UTF-8,200,OK,Calentar Fuel Oil,"Calentar Fuel Oil- ETE fabrica desde 1977 calderas eléctricas de agua, vapor, agua sobrecalentada, aceite térmico y acumulación de calor en masa liquida.",CALDERAS ELÉCTRICAS INDUSTRIALES,HOT YOGA Y BIKRAM,Entradas recomendadas,,https://ete.es/calentar-fuel-oil/
https://www.ete.es/ete-calderas/es/calderas-para-calefaccion-y-acs/caldera-domestica-calas,https://cliente.morganmedia.es/ete/productos/producto-calefaccion-acs-viviendas/,Aproximada,URL antigua con redirección 301,text/html; charset=UTF-8,301,Moved Permanently,,,,,,,
https://ete.es/como-se-disena-y-balneario-spa/,,Sin equivalente,Entrada del blog (el sitio nuevo no tiene blog),text/html; charset=UTF-8,200,OK,COMO SE DISEÑA UN BALNEARIO SPA,"Como se diseña un balneario spa: La persona que desee diseñar, construir y gestionar un centro de termalismo tiene una guía by ETE disponible.",CALDERAS ELÉCTRICAS INDUSTRIALES,HOT YOGA Y BIKRAM,Entradas recomendadas,,https://ete.es/como-se-disena-y-balneario-spa/
https://ete.es/tag/calderas-electricas-aceite/,,Sin equivalente,Archivo de etiqueta del blog,text/html; charset=UTF-8,200,OK,calderas electricas aceite archivos - Thermic Electric Solutions,calderas electricas aceite archivos - Thermic Electric Solutions . Calderas industriales y equipos de balnearios. ¡Entra!,CALDERAS ELÉCTRICAS INDUSTRIALES,HOT YOGA Y BIKRAM,RENDIMIENTO CALDERAS ELECTRICAS ACEITE,,https://ete.es/tag/calderas-electricas-aceite/
https://ete.es/calefaccion-para-una-industria-en-rusia/,,Sin equivalente,Entrada del blog (el sitio nuevo no tiene blog),text/html; charset=UTF-8,200,OK,Calefacción para la industria,Calefacción para la industria.- con las soluciones de alta tecnología by Ete podemos dar servicio de calefacción utilizando tarifa eléctrica horas valle.,CALDERAS ELÉCTRICAS INDUSTRIALES,HOT YOGA Y BIKRAM,Entradas recomendadas,,https://ete.es/calefaccion-para-una-industria-en-rusia/
https://ete.es/tag/balnearios-2/,,Sin equivalente,Archivo de etiqueta del blog,text/html; charset=UTF-8,200,OK,Invertir en Balnearios - Thermic Electric Solutions,Balnearios archivos - Thermic Electric Solutions . Calderas industriales y equipos de balnearios. ¡Entra!,CALDERAS ELÉCTRICAS INDUSTRIALES,HOT YOGA Y BIKRAM,PORQUE INVERTIR EN BALNEARIOS-SPA,LOS BENEFICIOS DEL SPA MODO ETE,https://ete.es/tag/balnearios-2/
https://ete.es/agua-caliente-para-spa-balneario/,,Sin equivalente,Entrada del blog (el sitio nuevo no tiene blog),text/html; charset=UTF-8,200,OK,Agua caliente spa-balneario,"En los Spa-Balneario el agua caliente es fundamental junto al agua fría. El agua caliente se encuentra en las piscinas de hidromasaje, piscinas de relajación, duchas bitermicas. La palabra agua caliente no tiene ningun valor pues en termoterapia lo que cuenta es la temperatura de cada uno de los procesos termales.",CALDERAS ELÉCTRICAS INDUSTRIALES,HOT YOGA Y BIKRAM,Entradas recomendadas,,https://ete.es/agua-caliente-para-spa-balneario/
https://ete.es/tag/caldera-electrica-calefaccion/,,Sin equivalente,Archivo de etiqueta del blog,text/html; charset=UTF-8,200,OK,caldera eléctrica calefacción archivos - Thermic Electric Solutions,caldera eléctrica calefacción archivos - Thermic Electric Solutions . Calderas industriales y equipos de balnearios. ¡Entra!,CALDERAS ELÉCTRICAS INDUSTRIALES,HOT YOGA Y BIKRAM,Bomba de calor vs Caldera electrica,,https://ete.es/tag/caldera-electrica-calefaccion/
https://ete.es/tag/gas/,,Sin equivalente,Archivo de etiqueta del blog,text/html; charset=UTF-8,200,OK,gas archivos - Thermic Electric Solutions,gas archivos - Thermic Electric Solutions . Calderas industriales y equipos de balnearios. ¡Entra!,CALDERAS ELÉCTRICAS INDUSTRIALES,HOT YOGA Y BIKRAM,CONTADORES DE CONSUMO DE ENERGIA EN INSTALACIONES DE CALOR,,https://ete.es/tag/gas/
https://ete.es/category/calderas-electricas/page/16/,,Sin equivalente,Archivo de categoría del blog,text/html; charset=UTF-8,200,OK,Calderas Eléctricas para producir calor - Página 16 de 17 - Thermic Electric Solutions,"En ETE te informamos y recomendamos como utilizar la electricidad para producir calor. Somos especialistas en el sector, con muchos años de experiencia. ¡Contáctanos ahora! - Página 16 de 17",CALDERAS ELÉCTRICAS INDUSTRIALES,HOT YOGA Y BIKRAM,CALENTAR AGUA PISCINA EN HOTELES,"Calderas industriales, el calor en la industria plástica",https://ete.es/category/calderas-electricas/page/16/
https://ete.es/spa-en-las-residencias-de-ancianos/,,Sin equivalente,Entrada del blog (el sitio nuevo no tiene blog),text/html; charset=UTF-8,200,OK,SPA EN LAS RESIDENCIAS DE ANCIANOS,"En la Web www ete.es/balenarios, pueden ver la información necesaria para diseñar, construir y gestionar un centro de termalismo, spa, balneario, thalaso, wellness, balneario urbano.",CALDERAS ELÉCTRICAS INDUSTRIALES,HOT YOGA Y BIKRAM,Entradas recomendadas,,https://ete.es/spa-en-las-residencias-de-ancianos/
https://ete.es/marketing-en-los-spa-balnearios/,,Sin equivalente,Entrada del blog (el sitio nuevo no tiene blog),text/html; charset=UTF-8,200,OK,MARKETING EN LOS SPA-BALNEARIOS,"Si está pensando en invertir su dinero para hacer una instalación de termalismo, la primera pregunta que tiene que hacer es ¿Cual es la clientela que visitara mi Spa-Balneario? ¿Qué edad, sexo, nivel social, que buscan, que tengo que ofrecerles? También tiene que preguntarse ¿Cuántos metros cuadrados, que inversión, que gastos tendrá mensualmente, cuanto cobrare por los servicios, que beneficio tendré?",CALDERAS ELÉCTRICAS INDUSTRIALES,HOT YOGA Y BIKRAM,Entradas recomendadas,,https://ete.es/marketing-en-los-spa-balnearios/
https://ete.es/wp-content/uploads/historia2.jpg,,Sin equivalente,"Recurso (CSS, JS o imagen), no es una página",image/jpeg,200,OK,,,,,,,
https://ete.es/tag/circuito-termal/,,Sin equivalente,Archivo de etiqueta del blog,text/html; charset=UTF-8,200,OK,CIRCUITO TERMAL archivos - Thermic Electric Solutions,CIRCUITO TERMAL archivos - Thermic Electric Solutions . Calderas industriales y equipos de balnearios. ¡Entra!,CALDERAS ELÉCTRICAS INDUSTRIALES,HOT YOGA Y BIKRAM,¿Qué es un circuito termal?,CALCULAR LA SUPERFICIE DE UN SPA,https://ete.es/tag/circuito-termal/
https://ete.es/tag/zona-de-sudoracion/,,Sin equivalente,Archivo de etiqueta del blog,text/html; charset=UTF-8,200,OK,zona de sudoración archivos - Thermic Electric Solutions,zona de sudoración archivos - Thermic Electric Solutions . Calderas industriales y equipos de balnearios. ¡Entra!,CALDERAS ELÉCTRICAS INDUSTRIALES,HOT YOGA Y BIKRAM,PROYECCIÓN DEL SPA-BALNEARIO EN EL MUNDO,,https://ete.es/tag/zona-de-sudoracion/
https://www.ete.es/ete-balnearios/es/equipos-piscinas/piscina-fria-tonificacion,https://cliente.morganmedia.es/ete/productos/producto-enfriadora-etecooler/,Aproximada,URL antigua con redirección 301,text/html; charset=UTF-8,301,Moved Permanently,,,,,,,
https://ete.es/tag/equipo-de-agua-enfriada/,,Sin equivalente,Archivo de etiqueta del blog,text/html; charset=UTF-8,200,OK,equipo de agua enfriada archivos - Thermic Electric Solutions,equipo de agua enfriada archivos - Thermic Electric Solutions . Calderas industriales y equipos de balnearios. ¡Entra!,CALDERAS ELÉCTRICAS INDUSTRIALES,HOT YOGA Y BIKRAM,AGUA CALIENTE PARA DUCHAS,,https://ete.es/tag/equipo-de-agua-enfriada/
https://ete.es/tag/caldera-calefaccion/,,Sin equivalente,Archivo de etiqueta del blog,text/html; charset=UTF-8,200,OK,caldera calefacción archivos - Thermic Electric Solutions,caldera calefacción archivos - Thermic Electric Solutions . Calderas industriales y equipos de balnearios. ¡Entra!,CALDERAS ELÉCTRICAS INDUSTRIALES,HOT YOGA Y BIKRAM,AHORRAR EN CALEFACCIÓN,AHORRAR CALEFACCIÓN EN NAVES Y OFICINAS,https://ete.es/tag/caldera-calefaccion/
https://ete.es/quitar-el-gas-por-calefaccion-electrica/,,Sin equivalente,Entrada del blog (el sitio nuevo no tiene blog),text/html; charset=UTF-8,200,OK,Calderas calefacción bajo consumo - alta eficiencia Ete,"Las calderas para el servicio de calefacción o calefacción y agua caliente By Ete, son de bajo consumo y alta eficiencia. Consúltenos su caso.",CALDERAS ELÉCTRICAS INDUSTRIALES,HOT YOGA Y BIKRAM,Entradas recomendadas,,https://ete.es/quitar-el-gas-por-calefaccion-electrica/
https://ete.es/tag/equipos-de-calentamiento/,,Sin equivalente,Archivo de etiqueta del blog,text/html; charset=UTF-8,200,OK,equipos de calentamiento archivos - Thermic Electric Solutions,equipos de calentamiento archivos - Thermic Electric Solutions . Calderas industriales y equipos de balnearios. ¡Entra!,CALDERAS ELÉCTRICAS INDUSTRIALES,HOT YOGA Y BIKRAM,AGUA CALIENTE PARA DUCHAS,,https://ete.es/tag/equipos-de-calentamiento/
https://ete.es/el-spa-balneario-en-las-instalaciones-deportivas-y-gimnasio-del-siglo-xxi/,,Sin equivalente,Entrada del blog (el sitio nuevo no tiene blog),text/html; charset=UTF-8,200,OK,SPA EN INSTALACIONES DEPORTIVAS Y GIMNASIOS,El Spa en instalaciones deportivas y gimnasios es un plus para el usuario y el Spa es terapéutico su éxito está garantizado.,CALDERAS ELÉCTRICAS INDUSTRIALES,HOT YOGA Y BIKRAM,Entradas recomendadas,,https://ete.es/el-spa-balneario-en-las-instalaciones-deportivas-y-gimnasio-del-siglo-xxi/
https://ete.es/los-beneficios-del-spa-modo-ete/,,Sin equivalente,Entrada del blog (el sitio nuevo no tiene blog),text/html; charset=UTF-8,200,OK,LOS BENEFICIOS DEL SPA MODO ETE,"He recibido algún comentario al último artículo ""Los Beneficios del Spa en las Casas Rurales"" pidiendo que amplíe la información. En el artículo mencionado analizaba las características de diseño y construcción de una instalación termal de baja inversión y pequeñas dimensiones, construido según los principios del modo ete, esta filosofía se puede aplicar a cualquier instalación de Spa, Balneario, Thalasso, Wellness, etc. de cualquier superficie, he intervenido en instalaciones desde 50m2 hasta 3500m2.",CALDERAS ELÉCTRICAS INDUSTRIALES,HOT YOGA Y BIKRAM,Entradas recomendadas,,https://ete.es/los-beneficios-del-spa-modo-ete/
https://ete.es/tag/calderas-aceite-termico/,,Sin equivalente,Archivo de etiqueta del blog,text/html; charset=UTF-8,200,OK,calderas aceite térmico archivos - Thermic Electric Solutions,calderas aceite térmico archivos - Thermic Electric Solutions . Calderas industriales y equipos de balnearios. ¡Entra!,CALDERAS ELÉCTRICAS INDUSTRIALES,HOT YOGA Y BIKRAM,"Calderas industriales, el calor en la industria plástica",,https://ete.es/tag/calderas-aceite-termico/
https://www.ete.es/ete-balnerios,https://cliente.morganmedia.es/ete/divisiones/division-spa-balnearios/,Exacta,URL antigua con redirección 301,text/html; charset=UTF-8,301,Moved Permanently,,,,,,,
https://ete.es/tag/calderas-con-garantia/,,Sin equivalente,Archivo de etiqueta del blog,text/html; charset=UTF-8,200,OK,calderas con garantía archivos - Thermic Electric Solutions,calderas con garantía archivos - Thermic Electric Solutions . Calderas industriales y equipos de balnearios. ¡Entra!,CALDERAS ELÉCTRICAS INDUSTRIALES,HOT YOGA Y BIKRAM,BENEFICIO DE LA CALEFACCIÓN ELECTRICA,,https://ete.es/tag/calderas-con-garantia/
https://ete.es/wp-content/uploads/Proyecto-Salamanca-1.jpg,,Sin equivalente,"Recurso (CSS, JS o imagen), no es una página",image/jpeg,200,OK,,,,,,,
https://ete.es/tag/calderas-electricas-como-apoyo/,,Sin equivalente,Archivo de etiqueta del blog,text/html; charset=UTF-8,200,OK,calderas eléctricas como apoyo archivos - Thermic Electric Solutions,calderas eléctricas como apoyo archivos - Thermic Electric Solutions . Calderas industriales y equipos de balnearios. ¡Entra!,CALDERAS ELÉCTRICAS INDUSTRIALES,HOT YOGA Y BIKRAM,RITE calefacción eléctrica en edificios,,https://ete.es/tag/calderas-electricas-como-apoyo/
https://ete.es/wp-content/uploads/deporte.png,,Sin equivalente,"Recurso (CSS, JS o imagen), no es una página",image/png,200,OK,,,,,,,
https://ete.es/tag/duchas-temporizadas-ete/,,Sin equivalente,Archivo de etiqueta del blog,text/html; charset=UTF-8,200,OK,duchas temporizadas ete archivos - Thermic Electric Solutions,duchas temporizadas ete archivos - Thermic Electric Solutions . Calderas industriales y equipos de balnearios. ¡Entra!,CALDERAS ELÉCTRICAS INDUSTRIALES,HOT YOGA Y BIKRAM,AHORRAR CON DUCHAS TEMPORIZADAS,,https://ete.es/tag/duchas-temporizadas-ete/
https://ete.es/tag/caldera-electrica-piscina/,,Sin equivalente,Archivo de etiqueta del blog,text/html; charset=UTF-8,200,OK,caldera electrica piscina archivos - Thermic Electric Solutions,caldera electrica piscina archivos - Thermic Electric Solutions . Calderas industriales y equipos de balnearios. ¡Entra!,CALDERAS ELÉCTRICAS INDUSTRIALES,HOT YOGA Y BIKRAM,CALENTAR AGUA DE PISCINA,,https://ete.es/tag/caldera-electrica-piscina/
https://ete.es/tag/construccion-de-un-balneario/,,Sin equivalente,Archivo de etiqueta del blog,text/html; charset=UTF-8,200,OK,construcción de un balneario archivos - Thermic Electric Solutions,construcción de un balneario archivos - Thermic Electric Solutions . Calderas industriales y equipos de balnearios. ¡Entra!,CALDERAS ELÉCTRICAS INDUSTRIALES,HOT YOGA Y BIKRAM,BALNEARIO TERAPEUTICO,,https://ete.es/tag/construccion-de-un-balneario/
https://ete.es/calderas-electricas-2/,https://cliente.morganmedia.es/ete/divisiones/division-calderas-industriales/,Exacta,URL antigua con redirección 301,text/html; charset=UTF-8,301,Moved Permanently,,,,,,,
https://ete.es/tag/ducha-agua-pulverizada/,,Sin equivalente,Archivo de etiqueta del blog,text/html; charset=UTF-8,200,OK,ducha agua pulverizada archivos - Thermic Electric Solutions,ducha agua pulverizada archivos - Thermic Electric Solutions . Calderas industriales y equipos de balnearios. ¡Entra!,CALDERAS ELÉCTRICAS INDUSTRIALES,HOT YOGA Y BIKRAM,Fuente de Hielo para Spa-Balneario,,https://ete.es/tag/ducha-agua-pulverizada/
https://ete.es/tag/piscinas-hidromasaje/,,Sin equivalente,Archivo de etiqueta del blog,text/html; charset=UTF-8,200,OK,piscinas hidromasaje archivos - Thermic Electric Solutions,piscinas hidromasaje archivos - Thermic Electric Solutions . Calderas industriales y equipos de balnearios. ¡Entra!,CALDERAS ELÉCTRICAS INDUSTRIALES,HOT YOGA Y BIKRAM,AGUA CALIENTE PARA SPA-BALNEARIO,,https://ete.es/tag/piscinas-hidromasaje/
https://ete.es/tag/thalasso/,,Sin equivalente,Archivo de etiqueta del blog,text/html; charset=UTF-8,200,OK,thalasso archivos - Thermic Electric Solutions,thalasso archivos - Thermic Electric Solutions . Calderas industriales y equipos de balnearios. ¡Entra!,CALDERAS ELÉCTRICAS INDUSTRIALES,HOT YOGA Y BIKRAM,PORQUE INVERTIR EN BALNEARIOS-SPA,PROYECCIÓN DEL SPA-BALNEARIO EN EL MUNDO,https://ete.es/tag/thalasso/
https://ete.es/wp-content/uploads/elementor/css/post-5947.css?ver=1786332963,,Sin equivalente,URL técnica de wp-content,text/html; charset=UTF-8,404,Not Found,,,,,,,
https://ete.es/tag/ahorro-de-energia/,,Sin equivalente,Archivo de etiqueta del blog,text/html; charset=UTF-8,200,OK,ahorro de energía archivos - Thermic Electric Solutions,ahorro de energía archivos - Thermic Electric Solutions . Calderas industriales y equipos de balnearios. ¡Entra!,CALDERAS ELÉCTRICAS INDUSTRIALES,HOT YOGA Y BIKRAM,ABARATAR COSTOS DE ENERGÍA EN LA INDUSTRIA-2,,https://ete.es/tag/ahorro-de-energia/
https://ete.es/como-se-gestiona-un-balneario-spa/,,Sin equivalente,Entrada del blog (el sitio nuevo no tiene blog),text/html; charset=UTF-8,200,OK,COMO SE GESTIONA UN BALNEARIO SPA,"Como se gestiona un balneario spa: 2 0 3 personas fijas. En la gestión de un centro de termalismo tiene un gran valor la calidad profesional y ética del personal, la limpieza, el aire limpio y la ausencia de olores extraños.",CALDERAS ELÉCTRICAS INDUSTRIALES,HOT YOGA Y BIKRAM,Entradas recomendadas,,https://ete.es/como-se-gestiona-un-balneario-spa/
https://ete.es/comprar-enfriadora-piscina/,,Sin equivalente,Entrada del blog (el sitio nuevo no tiene blog),text/html; charset=UTF-8,200,OK,COMPRAR ENFRIADORA PISCINA,"Comprar enfriadora piscina.- Para que el agua tenga efecto terapéutico, no debe superar los 10ºC. El único sistema que garantiza la temperatura idónea es el fabricado por Ete.",CALDERAS ELÉCTRICAS INDUSTRIALES,HOT YOGA Y BIKRAM,Entradas recomendadas,,https://ete.es/comprar-enfriadora-piscina/
https://ete.es/ahorrar-calefaccion-en-naves-y-oficinas/,,Sin equivalente,Entrada del blog (el sitio nuevo no tiene blog),text/html; charset=UTF-8,200,OK,Ahorrar en calefacción naves y oficinas,"Ahorrar en calefacción es posible, instalando el equipo Ete-racional, el sistema ahorra más del 50% en el costo de la calefacción.",CALDERAS ELÉCTRICAS INDUSTRIALES,HOT YOGA Y BIKRAM,Entradas recomendadas,,https://ete.es/ahorrar-calefaccion-en-naves-y-oficinas/
https://ete.es/tag/instalacion-de-una-caldera-para-proceso-industrial/,,Sin equivalente,Archivo de etiqueta del blog,text/html; charset=UTF-8,200,OK,instalacion de una caldera para proceso industrial archivos - Thermic Electric Solutions,instalacion de una caldera para proceso industrial archivos - Thermic Electric Solutions . Calderas industriales y equipos de balnearios. ¡Entra!,CALDERAS ELÉCTRICAS INDUSTRIALES,HOT YOGA Y BIKRAM,EFICIENCIA DE LAS CALDERAS ELECTRICAS,,https://ete.es/tag/instalacion-de-una-caldera-para-proceso-industrial/
https://ete.es/tag/caldera-para-calefaccion/,,Sin equivalente,Archivo de etiqueta del blog,text/html; charset=UTF-8,200,OK,caldera para calefacción archivos - Thermic Electric Solutions,caldera para calefacción archivos - Thermic Electric Solutions . Calderas industriales y equipos de balnearios. ¡Entra!,CALDERAS ELÉCTRICAS INDUSTRIALES,HOT YOGA Y BIKRAM,PELLETS O ELECTRICIDAD PARA CALEFACCION,,https://ete.es/tag/caldera-para-calefaccion/
https://ete.es/wp-content/uploads/images.jpg,,Sin equivalente,"Recurso (CSS, JS o imagen), no es una página",image/jpeg,200,OK,,,,,,,
https://www.ete.es/ete-balnearios/es/duchas-bitermicas/enfriadora-agua-duchas-bitermicas,https://cliente.morganmedia.es/ete/productos/producto-enfriadora-etecooler/,Exacta,URL antigua con redirección 301,text/html; charset=UTF-8,301,Moved Permanently,,,,,,,
https://ete.es/tag/piscinas-relajacion/,,Sin equivalente,Archivo de etiqueta del blog,text/html; charset=UTF-8,200,OK,piscinas relajación archivos - Thermic Electric Solutions,piscinas relajación archivos - Thermic Electric Solutions . Calderas industriales y equipos de balnearios. ¡Entra!,CALDERAS ELÉCTRICAS INDUSTRIALES,HOT YOGA Y BIKRAM,MARKETING EN LOS SPA-BALNEARIOS,,https://ete.es/tag/piscinas-relajacion/
https://ete.es/tag/hammam-madrid/,,Sin equivalente,Archivo de etiqueta del blog,text/html; charset=UTF-8,200,OK,hammam madrid archivos - Thermic Electric Solutions,hammam madrid archivos - Thermic Electric Solutions . Calderas industriales y equipos de balnearios. ¡Entra!,CALDERAS ELÉCTRICAS INDUSTRIALES,HOT YOGA Y BIKRAM,HAMMAM CLASICO EN MADRID,,https://ete.es/tag/hammam-madrid/
https://www.ete.es/ete-balnearios/es/equipos-sudoracion/lodarium,https://cliente.morganmedia.es/ete/productos/producto-barros-lodarium/,Exacta,URL antigua con redirección 301,text/html; charset=UTF-8,301,Moved Permanently,,,,,,,
https://ete.es/tag/calderas-ete/,,Sin equivalente,Archivo de etiqueta del blog,text/html; charset=UTF-8,200,OK,calderas ete archivos - Thermic Electric Solutions,calderas ete archivos - Thermic Electric Solutions . Calderas industriales y equipos de balnearios. ¡Entra!,CALDERAS ELÉCTRICAS INDUSTRIALES,HOT YOGA Y BIKRAM,RENDIMIENTO DE UNA CALDERA DE VAPOR,,https://ete.es/tag/calderas-ete/
https://ete.es/wp-content/uploads/RACIONAL-NAVE-3000M3-52.jpg,,Sin equivalente,"Recurso (CSS, JS o imagen), no es una página",image/jpeg,200,OK,,,,,,,
https://ete.es/tag/caldera-de-vapor-industrial/,,Sin equivalente,Archivo de etiqueta del blog,text/html; charset=UTF-8,200,OK,caldera de vapor industrial archivos - Thermic Electric Solutions,caldera de vapor industrial archivos - Thermic Electric Solutions . Calderas industriales y equipos de balnearios. ¡Entra!,CALDERAS ELÉCTRICAS INDUSTRIALES,HOT YOGA Y BIKRAM,Contaminación en las instalaciones de calor,,https://ete.es/tag/caldera-de-vapor-industrial/
https://ete.es/renovables-almacenar-calor/,,Sin equivalente,Entrada del blog (el sitio nuevo no tiene blog),text/html; charset=UTF-8,200,OK,RENOVABLES ALMACENAR CALOR,"Almacenar calor para la calefacción: se acumula directamente en el equipo Ete-Racional, el servicio de agua caliente sanitaria en el equipo Ete-Acs.",CALDERAS ELÉCTRICAS INDUSTRIALES,HOT YOGA Y BIKRAM,Entradas recomendadas,,https://ete.es/renovables-almacenar-calor/
https://ete.es/vapor-en-lavanderias/,,Sin equivalente,Entrada del blog (el sitio nuevo no tiene blog),text/html; charset=UTF-8,200,OK,Vapor en Lavanderías,"Los generadores de vapor de alta eficiencia by Ete, basan su calidad en la selección de componentes, diseño y tecnología, que permiten dar garantías de hasta 10 años.",CALDERAS ELÉCTRICAS INDUSTRIALES,HOT YOGA Y BIKRAM,Entradas recomendadas,,https://ete.es/vapor-en-lavanderias/
https://www.ete.es/ete-balnearios/es/equipos-piscinas/flotarium-de-sal,https://cliente.morganmedia.es/ete/productos/producto-flotacion-flotarium/,Exacta,URL antigua con redirección 301,text/html; charset=UTF-8,301,Moved Permanently,,,,,,,
https://ete.es/tag/ducha-escocesa/,,Sin equivalente,Archivo de etiqueta del blog,text/html; charset=UTF-8,200,OK,ducha escocesa archivos - Thermic Electric Solutions,ducha escocesa archivos - Thermic Electric Solutions . Calderas industriales y equipos de balnearios. ¡Entra!,CALDERAS ELÉCTRICAS INDUSTRIALES,HOT YOGA Y BIKRAM,EL SPA EN INSTALACIONES DEPORTIVAS Y GIMNASIOS DEL SIGLO XXI,DUCHAS BITERMICAS SPA-BALNEARIO,https://ete.es/tag/ducha-escocesa/
https://ete.es/tag/enfriar-agua-pileta/,,Sin equivalente,Archivo de etiqueta del blog,text/html; charset=UTF-8,200,OK,enfriar agua pileta archivos - Thermic Electric Solutions,enfriar agua pileta archivos - Thermic Electric Solutions . Calderas industriales y equipos de balnearios. ¡Entra!,CALDERAS ELÉCTRICAS INDUSTRIALES,HOT YOGA Y BIKRAM,COMPRAR ENFRIADORA PISCINA,,https://ete.es/tag/enfriar-agua-pileta/
https://ete.es/rendimiento-de-calderas-industriales/,,Sin equivalente,Entrada del blog (el sitio nuevo no tiene blog),text/html; charset=UTF-8,200,OK,RENDIMIENTO DE LAS CALDERAS INDUSTRIALES,El rendimiento de las calderas industriales ETE es el 100% el día de la puesta en marcha y continúa siendo el 100% después de 20 años.,CALDERAS ELÉCTRICAS INDUSTRIALES,HOT YOGA Y BIKRAM,Entradas recomendadas,,https://ete.es/rendimiento-de-calderas-industriales/
https://ete.es/tag/calderas-electricas-de-agua-sobrecalentada/,,Sin equivalente,Archivo de etiqueta del blog,text/html; charset=UTF-8,200,OK,calderas eléctricas de agua sobrecalentada archivos - Thermic Electric Solutions,calderas eléctricas de agua sobrecalentada archivos - Thermic Electric Solutions . Calderas industriales y equipos de balnearios. ¡Entra!,CALDERAS ELÉCTRICAS INDUSTRIALES,HOT YOGA Y BIKRAM,MANTENIMIENTO CALDERAS ELECTRICAS,,https://ete.es/tag/calderas-electricas-de-agua-sobrecalentada/
https://ete.es/tag/vapor-industria-lactea/,,Sin equivalente,Archivo de etiqueta del blog,text/html; charset=UTF-8,200,OK,vapor industria láctea archivos - Thermic Electric Solutions,vapor industria láctea archivos - Thermic Electric Solutions . Calderas industriales y equipos de balnearios. ¡Entra!,CALDERAS ELÉCTRICAS INDUSTRIALES,HOT YOGA Y BIKRAM,Soluciones de calor en la industria láctea,,https://ete.es/tag/vapor-industria-lactea/
https://ete.es/wp-content/uploads/firma-blog2.jpg,,Sin equivalente,"Recurso (CSS, JS o imagen), no es una página",image/jpeg,200,OK,,,,,,,
https://ete.es/tag/produccion-de-calor-en-procesos-industriales/,,Sin equivalente,Archivo de etiqueta del blog,text/html; charset=UTF-8,200,OK,producción de calor en procesos industriales archivos - Thermic Electric Solutions,producción de calor en procesos industriales archivos - Thermic Electric Solutions . Calderas industriales y equipos de balnearios. ¡Entra!,CALDERAS ELÉCTRICAS INDUSTRIALES,HOT YOGA Y BIKRAM,ABARATAR COSTOS DE ENERGÍA EN LA INDUSTRIA-2,,https://ete.es/tag/produccion-de-calor-en-procesos-industriales/
https://ete.es/ingenierias-y-el-calor/,,Sin equivalente,Entrada del blog (el sitio nuevo no tiene blog),text/html; charset=UTF-8,200,OK,Ingenierías y el Calor,"Las ingenierías deben revisar su opinión sobre los costos energéticos y sobre el cálculo de potencia pues con las nuevas tecnologías, recomendar combustión o bombas de calor no es una solución óptima",CALDERAS ELÉCTRICAS INDUSTRIALES,HOT YOGA Y BIKRAM,Entradas recomendadas,,https://ete.es/ingenierias-y-el-calor/
https://ete.es/mantenimiento-calderas-industriales/www.ete./contacto,,Sin equivalente,URL mal formada (enlace interno roto),text/html; charset=UTF-8,301,Moved Permanently,,,,,,,
https://ete.es/tag/equipos-y-duchas-ete/,,Sin equivalente,Archivo de etiqueta del blog,text/html; charset=UTF-8,200,OK,equipos y duchas ete archivos - Thermic Electric Solutions,equipos y duchas ete archivos - Thermic Electric Solutions . Calderas industriales y equipos de balnearios. ¡Entra!,CALDERAS ELÉCTRICAS INDUSTRIALES,HOT YOGA Y BIKRAM,AHORRAR CON DUCHAS TEMPORIZADAS,,https://ete.es/tag/equipos-y-duchas-ete/
https://ete.es/tag/industria-textil/,,Sin equivalente,Archivo de etiqueta del blog,text/html; charset=UTF-8,200,OK,industria textil archivos - Thermic Electric Solutions,industria textil archivos - Thermic Electric Solutions . Calderas industriales y equipos de balnearios. ¡Entra!,CALDERAS ELÉCTRICAS INDUSTRIALES,HOT YOGA Y BIKRAM,"CALDERAS INDUSTRIALES, EL CALOR EN LA INDUSTRIA TEXTIL",,https://ete.es/tag/industria-textil/
https://ete.es/tag/acumular-calor/,,Sin equivalente,Archivo de etiqueta del blog,text/html; charset=UTF-8,200,OK,acumular calor - Thermic Electric Solutions,Las calderas eléctricas están sustituyendo las calderas de combustión para producir calor en instalaciones de confort y en los procesos industriales. Solicita información al equipo de ETE sin compromiso.,CALDERAS ELÉCTRICAS INDUSTRIALES,HOT YOGA Y BIKRAM,RENOVABLES ALMACENAR CALOR,,https://ete.es/tag/acumular-calor/
https://ete.es/tag/calentar-aceite-termico/,,Sin equivalente,Archivo de etiqueta del blog,text/html; charset=UTF-8,200,OK,calentar aceite termico archivos - Thermic Electric Solutions,calentar aceite termico archivos - Thermic Electric Solutions . Calderas industriales y equipos de balnearios. ¡Entra!,CALDERAS ELÉCTRICAS INDUSTRIALES,HOT YOGA Y BIKRAM,COSTOS DE CALENTAR ACEITE TERMICO,,https://ete.es/tag/calentar-aceite-termico/
https://www.ete.es/ete-balnearios/es/duchas-bitermicas/ducha-nebulizada-6-pulverizadores,https://cliente.morganmedia.es/ete/productos/producto-ducha-nebulizada/,Exacta,URL antigua con redirección 301,text/html; charset=UTF-8,301,Moved Permanently,,,,,,,
https://ete.es/vapor-para-procesar-aloe/,,Sin equivalente,Entrada del blog (el sitio nuevo no tiene blog),text/html; charset=UTF-8,200,OK,Vapor para procesar aloe,Los técnicos de Europea Térmica Eléctrica han calculado y diseñado una caldera de vapor para una industria que elabora productos con base en el Aloe.,CALDERAS ELÉCTRICAS INDUSTRIALES,HOT YOGA Y BIKRAM,Entradas recomendadas,,https://ete.es/vapor-para-procesar-aloe/
https://www.ete.es/ete-balnearios/es/duchas-bitermicas/pediluvio-compostela,https://cliente.morganmedia.es/ete/productos/producto-pediluvio-compostela/,Exacta,URL antigua con redirección 301,text/html; charset=UTF-8,301,Moved Permanently,,,,,,,
https://ete.es/tag/calentador-para-piscinas-hidromsaje/,,Sin equivalente,Archivo de etiqueta del blog,text/html; charset=UTF-8,200,OK,calentador para piscinas hidromsaje archivos - Thermic Electric Solutions,calentador para piscinas hidromsaje archivos - Thermic Electric Solutions . Calderas industriales y equipos de balnearios. ¡Entra!,CALDERAS ELÉCTRICAS INDUSTRIALES,HOT YOGA Y BIKRAM,AGUA CALIENTE PARA SPA-BALNEARIO,,https://ete.es/tag/calentador-para-piscinas-hidromsaje/
https://ete.es/tag/fluido-termico/,,Sin equivalente,Archivo de etiqueta del blog,text/html; charset=UTF-8,200,OK,fluido térmico archivos - Thermic Electric Solutions,fluido térmico archivos - Thermic Electric Solutions . Calderas industriales y equipos de balnearios. ¡Entra!,CALDERAS ELÉCTRICAS INDUSTRIALES,HOT YOGA Y BIKRAM,CALCULO POTENCIA TERMICA EN INDUSTRIAS,CALENTAR FUEL OIL,https://ete.es/tag/fluido-termico/
https://ete.es/tag/salas-sudoracion/,,Sin equivalente,Archivo de etiqueta del blog,text/html; charset=UTF-8,200,OK,salas sudoración archivos - Thermic Electric Solutions,salas sudoración archivos - Thermic Electric Solutions . Calderas industriales y equipos de balnearios. ¡Entra!,CALDERAS ELÉCTRICAS INDUSTRIALES,HOT YOGA Y BIKRAM,BALNEARIO TERAPEUTICO,,https://ete.es/tag/salas-sudoracion/
https://ete.es/la-termotecnia-vs-cumbre-cambio-climatico-2019/,,Sin equivalente,Entrada del blog (el sitio nuevo no tiene blog),text/html; charset=UTF-8,200,OK,La termotecnia Vs Cumbre Cambio Climático,"El cambio climático es una realidad, está en manos de los técnicos, ingenierías, instaladores optar por seguir contaminando o utilizar equipos eléctricos.",CALDERAS ELÉCTRICAS INDUSTRIALES,HOT YOGA Y BIKRAM,Entradas recomendadas,,https://ete.es/la-termotecnia-vs-cumbre-cambio-climatico-2019/
https://www.ete.es/ete-balnearios/es/equipos-piscinas/piscina-ejercicio-30,https://cliente.morganmedia.es/ete/productos/producto-piscina-natacion-25-30/,Aproximada,URL antigua con redirección 301,text/html; charset=UTF-8,301,Moved Permanently,,,,,,,
https://ete.es/tag/aceite-termico/,,Sin equivalente,Archivo de etiqueta del blog,text/html; charset=UTF-8,200,OK,aceite térmico archivos - Thermic Electric Solutions,aceite térmico archivos - Thermic Electric Solutions . Calderas industriales y equipos de balnearios. ¡Entra!,CALDERAS ELÉCTRICAS INDUSTRIALES,HOT YOGA Y BIKRAM,Vida útil de una caldera industrial,Caldera Vapor 100 bares,https://ete.es/tag/aceite-termico/
https://ete.es/eficiencia-en-calderas-industriales/,,Sin equivalente,Entrada del blog (el sitio nuevo no tiene blog),text/html; charset=UTF-8,200,OK,EFICIENCIA DE LAS CALDERAS INDUSTRIALES,La eficiencia de las calderas industriales dependerá de su tecnología y del combustible que utilicen. La calderas eléctricas Ete tienen un rendimiento del 100%.,CALDERAS ELÉCTRICAS INDUSTRIALES,HOT YOGA Y BIKRAM,Entradas recomendadas,,https://ete.es/eficiencia-en-calderas-industriales/
https://ete.es/balneario-terapeutico/,,Sin equivalente,Entrada del blog (el sitio nuevo no tiene blog),text/html; charset=UTF-8,200,OK,BALNEARIO TERAPEUTICO,El modo ETE cumple rigurosamente estos criterios y los clientes que asisten a los balnearios ETE sienten mejoras evidentes desde el primer día.,CALDERAS ELÉCTRICAS INDUSTRIALES,HOT YOGA Y BIKRAM,Entradas recomendadas,,https://ete.es/balneario-terapeutico/
https://ete.es/beneficio-de-la-calefaccion-electrica/,,Sin equivalente,Entrada del blog (el sitio nuevo no tiene blog),text/html; charset=UTF-8,200,OK,BENEFICIO DE LA CALEFACCIÓN ELECTRICA - Thermic Electric Solutions,"Beneficio de la calefacción eléctrica: bajo consumo utilizando calderas con tecnología Ete, instalación segura, sin riesgo de incendio o explosión.",CALDERAS ELÉCTRICAS INDUSTRIALES,HOT YOGA Y BIKRAM,Entradas recomendadas,,https://ete.es/beneficio-de-la-calefaccion-electrica/
https://ete.es/tag/eficiencia-energetica/,,Sin equivalente,Archivo de etiqueta del blog,text/html; charset=UTF-8,200,OK,eficiencia energética archivos - Thermic Electric Solutions,eficiencia energética archivos - Thermic Electric Solutions . Calderas industriales y equipos de balnearios. ¡Entra!,CALDERAS ELÉCTRICAS INDUSTRIALES,HOT YOGA Y BIKRAM,REMODELACIÓN CALEFACCIÓN EN NAVE INDUSTRIAL,EFECTO JOULE vs RITE,https://ete.es/tag/eficiencia-energetica/
https://ete.es/tag/piscina-de-relajacion/,,Sin equivalente,Archivo de etiqueta del blog,text/html; charset=UTF-8,200,OK,piscina de relajación archivos - Thermic Electric Solutions,piscina de relajación archivos - Thermic Electric Solutions . Calderas industriales y equipos de balnearios. ¡Entra!,CALDERAS ELÉCTRICAS INDUSTRIALES,HOT YOGA Y BIKRAM,COSTO DE CALENTAR AGUA DE PISCINA,EL SPA EN INSTALACIONES DEPORTIVAS Y GIMNASIOS DEL SIGLO XXI,https://ete.es/tag/piscina-de-relajacion/
https://ete.es/tag/calefaccion-eficiente/,,Sin equivalente,Archivo de etiqueta del blog,text/html; charset=UTF-8,200,OK,calefacción eficiente archivos - Thermic Electric Solutions,calefacción eficiente archivos - Thermic Electric Solutions . Calderas industriales y equipos de balnearios. ¡Entra!,CALDERAS ELÉCTRICAS INDUSTRIALES,HOT YOGA Y BIKRAM,CALEFACCIÓN FACTORES DE CONFORT,,https://ete.es/tag/calefaccion-eficiente/
https://ete.es/tag/acumuladores-de-calor/,,Sin equivalente,Archivo de etiqueta del blog,text/html; charset=UTF-8,200,OK,acumuladores de calor archivos - Thermic Electric Solutions,acumuladores de calor archivos - Thermic Electric Solutions . Calderas industriales y equipos de balnearios. ¡Entra!,CALDERAS ELÉCTRICAS INDUSTRIALES,HOT YOGA Y BIKRAM,FOTOVOLTAICO ALMACENAR CALOR,,https://ete.es/tag/acumuladores-de-calor/
https://www.ete.es/ete-calderas/es/calderas-para-la-industria/caldera-domestica-blancas,https://cliente.morganmedia.es/ete/productos/producto-calefaccion-acs-viviendas/,Aproximada,URL antigua con redirección 301,text/html; charset=UTF-8,301,Moved Permanently,,,,,,,
https://ete.es/tag/calentar-agua-piscina/,,Sin equivalente,Archivo de etiqueta del blog,text/html; charset=UTF-8,200,OK,calentar agua piscina archivos - Thermic Electric Solutions,calentar agua piscina archivos - Thermic Electric Solutions . Calderas industriales y equipos de balnearios. ¡Entra!,CALDERAS ELÉCTRICAS INDUSTRIALES,HOT YOGA Y BIKRAM,VENTILAR PISCINA,CALENTAR AGUA DE PISCINA,https://ete.es/tag/calentar-agua-piscina/
https://ete.es/tag/ahorro-calefaccion/,,Sin equivalente,Archivo de etiqueta del blog,text/html; charset=UTF-8,200,OK,ahorro calefacción archivos - Thermic Electric Solutions,ahorro calefacción archivos - Thermic Electric Solutions . Calderas industriales y equipos de balnearios. ¡Entra!,CALDERAS ELÉCTRICAS INDUSTRIALES,HOT YOGA Y BIKRAM,Ahorrar 1656€ en calefacción eléctrica,GASTOS GESTIÓN DE CALEFACCIÓN,https://ete.es/tag/ahorro-calefaccion/
https://ete.es/tag/suelo-radiante/,,Sin equivalente,Archivo de etiqueta del blog,text/html; charset=UTF-8,200,OK,suelo radiante archivos - Thermic Electric Solutions,suelo radiante archivos - Thermic Electric Solutions . Calderas industriales y equipos de balnearios. ¡Entra!,CALDERAS ELÉCTRICAS INDUSTRIALES,HOT YOGA Y BIKRAM,AHORRAR CALEFACCIÓN EN NAVES Y OFICINAS,,https://ete.es/tag/suelo-radiante/
https://ete.es/tag/mantenimiento-calderas-industriales/www.ete./contacto,,Sin equivalente,Archivo de etiqueta del blog,text/html; charset=UTF-8,301,Moved Permanently,,,,,,,
https://ete.es/el-agua-el-milagro-de-la-naturaleza-que-debemos-cuidar/,,Sin equivalente,Entrada del blog (el sitio nuevo no tiene blog),text/html; charset=UTF-8,200,OK,"El agua, el milagro de la naturaleza que debemos cuidar",Cuando se diseña y construye un centro de termalismo Spa-Balneario tenemos que prestar especial atención al agua. Calidad del agua disponible. Consumo de agua por cliente. Sistemas de calentamiento y enfriamiento del agua. Procesos de aplicación del agua en los protocolos terapéuticos. Reenvío del agua a los sistemas hídricos. Si tiene un centro de termalismo y consume más de 60 litros por persona debe modificar las instalaciones para ahorrar agua y energía.,CALDERAS ELÉCTRICAS INDUSTRIALES,HOT YOGA Y BIKRAM,Entradas recomendadas,,https://ete.es/el-agua-el-milagro-de-la-naturaleza-que-debemos-cuidar/
https://ete.es/tag/spa-en-la-casa-rural/,,Sin equivalente,Archivo de etiqueta del blog,text/html; charset=UTF-8,200,OK,spa en la casa rural archivos - Thermic Electric Solutions,spa en la casa rural archivos - Thermic Electric Solutions . Calderas industriales y equipos de balnearios. ¡Entra!,CALDERAS ELÉCTRICAS INDUSTRIALES,HOT YOGA Y BIKRAM,LOS BENEFICIOS DEL SPA EN LAS CASAS RURALES,,https://ete.es/tag/spa-en-la-casa-rural/
https://ete.es/tag/local-terma/,,Sin equivalente,Archivo de etiqueta del blog,text/html; charset=UTF-8,200,OK,local terma archivos - Thermic Electric Solutions,local terma archivos - Thermic Electric Solutions . Calderas industriales y equipos de balnearios. ¡Entra!,CALDERAS ELÉCTRICAS INDUSTRIALES,HOT YOGA Y BIKRAM,EL SPA EN INSTALACIONES DEPORTIVAS Y GIMNASIOS DEL SIGLO XXI,,https://ete.es/tag/local-terma/
https://ete.es/tag/calentador-piscina-de-flotacion/,,Sin equivalente,Archivo de etiqueta del blog,text/html; charset=UTF-8,200,OK,calentador piscina de flotación archivos - Thermic Electric Solutions,calentador piscina de flotación archivos - Thermic Electric Solutions . Calderas industriales y equipos de balnearios. ¡Entra!,CALDERAS ELÉCTRICAS INDUSTRIALES,HOT YOGA Y BIKRAM,AGUA CALIENTE PARA SPA-BALNEARIO,,https://ete.es/tag/calentador-piscina-de-flotacion/
https://ete.es/historia-de-los-spa-balneario/,,Sin equivalente,Entrada del blog (el sitio nuevo no tiene blog),text/html; charset=UTF-8,200,OK,HISTORIA DE LOS SPA-BALNEARIO,"El Spa-Balneario, trata de unas instalaciones ubicadas en las ciudades, o en el campo y que se surten de agua canalizada de los servicios municipales. Se instalan en hoteles, instalaciones deportivas, locales en los barrios, casas particulares etc.",CALDERAS ELÉCTRICAS INDUSTRIALES,HOT YOGA Y BIKRAM,Entradas recomendadas,,https://ete.es/historia-de-los-spa-balneario/
https://ete.es/cambiar-caldera/,,Sin equivalente,Entrada del blog (el sitio nuevo no tiene blog),text/html; charset=UTF-8,200,OK,Cambiar Caldera,"Cambiar Caldera: si quiere ahorrar en la factura de energía, olvidarse de los gastos de mantenimiento, ruidos, olores, etc, piense en instalar un equipo ete",CALDERAS ELÉCTRICAS INDUSTRIALES,HOT YOGA Y BIKRAM,Entradas recomendadas,,https://ete.es/cambiar-caldera/
https://ete.es/tag/acumuladores-de-agua-para-duchas/,,Sin equivalente,Archivo de etiqueta del blog,text/html; charset=UTF-8,200,OK,acumuladores de agua para duchas - Thermic Electric Solutions,La tecnología de ETE es exclusiva y no guarda ninguna relación con otros fabricantes de calderas eléctricas. En ETE te daremos la información que necesitas para hacer un buen mantenimiento de las calderas eléctricas ETE.,CALDERAS ELÉCTRICAS INDUSTRIALES,HOT YOGA Y BIKRAM,MANTENIMIENTO CALDERAS ELECTRICAS,,https://ete.es/tag/acumuladores-de-agua-para-duchas/
https://ete.es/cambiar-viejas-calderas-calefaccion/,,Sin equivalente,Entrada del blog (el sitio nuevo no tiene blog),text/html; charset=UTF-8,200,OK,CAMBIAR VIEJAS CALDERAS PARA CALEFACCIÓN,"Las calderas eléctricas ETE, calderas para calefacción, representan la tecnología más eficiente para ahorrar energía y subir el nivel de confort.",CALDERAS ELÉCTRICAS INDUSTRIALES,HOT YOGA Y BIKRAM,Entradas recomendadas,,https://ete.es/cambiar-viejas-calderas-calefaccion/
https://ete.es/tag/comprar-enfriadora-piscina/,,Sin equivalente,Archivo de etiqueta del blog,text/html; charset=UTF-8,200,OK,comprar enfriadora piscina archivos - Thermic Electric Solutions,comprar enfriadora piscina archivos - Thermic Electric Solutions . Calderas industriales y equipos de balnearios. ¡Entra!,CALDERAS ELÉCTRICAS INDUSTRIALES,HOT YOGA Y BIKRAM,COMPRAR ENFRIADORA PISCINA,,https://ete.es/tag/comprar-enfriadora-piscina/
https://ete.es/produccion-de-calor-con-calderas-electricas/,,Sin equivalente,Entrada del blog (el sitio nuevo no tiene blog),text/html; charset=UTF-8,200,OK,Producción de calor con calderas eléctricas Ete,"Tenemos a disposición un estudio de una multinacional donde se refleja un ahorro de un 64% con el cambio de caldera de gasóleo, por una eléctrica ETE.",CALDERAS ELÉCTRICAS INDUSTRIALES,HOT YOGA Y BIKRAM,Entradas recomendadas,,https://ete.es/produccion-de-calor-con-calderas-electricas/
https://ete.es/vapor-elaboracion-mermeladas/,,Sin equivalente,Entrada del blog (el sitio nuevo no tiene blog),text/html; charset=UTF-8,200,OK,Vapor para producción de mermeladas,"El vapor para producción de mermeladas puede generarse instalando calderas eléctricas Ete de alta eficiencia, generando ahorro en la factura de energía.",CALDERAS ELÉCTRICAS INDUSTRIALES,HOT YOGA Y BIKRAM,Entradas recomendadas,,https://ete.es/vapor-elaboracion-mermeladas/
https://ete.es/tag/bombas-de-calor/,,Sin equivalente,Archivo de etiqueta del blog,text/html; charset=UTF-8,200,OK,bombas de calor archivos - Thermic Electric Solutions,bombas de calor archivos - Thermic Electric Solutions . Calderas industriales y equipos de balnearios. ¡Entra!,CALDERAS ELÉCTRICAS INDUSTRIALES,HOT YOGA Y BIKRAM,EFECTO JOULE PARA CALEFACCION EN PISCINAS,CONTADORES DE CONSUMO DE ENERGIA EN INSTALACIONES DE CALOR,https://ete.es/tag/bombas-de-calor/
https://ete.es/tag/bano-turco/,,Sin equivalente,Archivo de etiqueta del blog,text/html; charset=UTF-8,200,OK,baño turco archivos - Thermic Electric Solutions,baño turco archivos - Thermic Electric Solutions . Calderas industriales y equipos de balnearios. ¡Entra!,CALDERAS ELÉCTRICAS INDUSTRIALES,HOT YOGA Y BIKRAM,HAMMAM CLASICO EN MADRID,COMPRAR BAÑO TURCO,https://ete.es/tag/bano-turco/
https://ete.es/tag/calderas-calefaccion/,,Sin equivalente,Archivo de etiqueta del blog,text/html; charset=UTF-8,200,OK,calderas calefaccion archivos - Thermic Electric Solutions,calderas calefaccion archivos - Thermic Electric Solutions . Calderas industriales y equipos de balnearios. ¡Entra!,CALDERAS ELÉCTRICAS INDUSTRIALES,HOT YOGA Y BIKRAM,GASTOS GESTIÓN DE CALEFACCIÓN,,https://ete.es/tag/calderas-calefaccion/
https://ete.es/tag/sistemas-de-calefaccion/,,Sin equivalente,Archivo de etiqueta del blog,text/html; charset=UTF-8,200,OK,sistemas de calefacción archivos - Thermic Electric Solutions,sistemas de calefacción archivos - Thermic Electric Solutions . Calderas industriales y equipos de balnearios. ¡Entra!,CALDERAS ELÉCTRICAS INDUSTRIALES,HOT YOGA Y BIKRAM,Calefacción: reducir consumo y mejorar la seguridad,,https://ete.es/tag/sistemas-de-calefaccion/
https://www.ete.es/ete-calderas/es/calderas-para-la-industria/equipos-de-agua-caliente-sanitaria,https://cliente.morganmedia.es/ete/divisiones/division-agua-caliente-acs/,Exacta,URL antigua con redirección 301,text/html; charset=UTF-8,301,Moved Permanently,,,,,,,
https://ete.es/tag/calderas-electricas-industriales-calderas-electricas-de-vapor/,,Sin equivalente,Archivo de etiqueta del blog,text/html; charset=UTF-8,200,OK,calderas eléctricas industriales; calderas eléctricas de vapor archivos - Thermic Electric Solutions,calderas eléctricas industriales; calderas eléctricas de vapor archivos - Thermic Electric Solutions . Calderas industriales y equipos de balnearios. ¡Entra!,CALDERAS ELÉCTRICAS INDUSTRIALES,HOT YOGA Y BIKRAM,Calderas Industriales,,https://ete.es/tag/calderas-electricas-industriales-calderas-electricas-de-vapor/
https://ete.es/tag/calefaccion-en-naves/,,Sin equivalente,Archivo de etiqueta del blog,text/html; charset=UTF-8,200,OK,calefacción en naves archivos - Thermic Electric Solutions,calefacción en naves archivos - Thermic Electric Solutions . Calderas industriales y equipos de balnearios. ¡Entra!,CALDERAS ELÉCTRICAS INDUSTRIALES,HOT YOGA Y BIKRAM,Vida útil de una caldera industrial,,https://ete.es/tag/calefaccion-en-naves/
https://ete.es/tag/calefaccion-granjas/,,Sin equivalente,Archivo de etiqueta del blog,text/html; charset=UTF-8,200,OK,calefaccion granjas archivos - Thermic Electric Solutions,calefaccion granjas archivos - Thermic Electric Solutions . Calderas industriales y equipos de balnearios. ¡Entra!,CALDERAS ELÉCTRICAS INDUSTRIALES,HOT YOGA Y BIKRAM,ACUMULAR CALOR PARA AHORRAR,,https://ete.es/tag/calefaccion-granjas/
https://www.ete.es/ete-balnearios/es/equipos-piscinas,https://cliente.morganmedia.es/ete/productos/producto-piscinas-circuitos-agua/,Exacta,URL antigua con redirección 301,text/html; charset=UTF-8,301,Moved Permanently,,,,,,,
https://ete.es/tag/piscinas-de-tonificacion/,,Sin equivalente,Archivo de etiqueta del blog,text/html; charset=UTF-8,200,OK,piscinas de tonificación archivos - Thermic Electric Solutions,piscinas de tonificación archivos - Thermic Electric Solutions . Calderas industriales y equipos de balnearios. ¡Entra!,CALDERAS ELÉCTRICAS INDUSTRIALES,HOT YOGA Y BIKRAM,COSTO DE CALENTAR AGUA DE PISCINA,,https://ete.es/tag/piscinas-de-tonificacion/
https://ete.es/calefaccion-granja-porcino/,,Sin equivalente,Entrada del blog (el sitio nuevo no tiene blog),text/html; charset=UTF-8,200,OK,Calefaccion Granja Porcino,"En las granjas de porcino, las naves dedicadas a lechones tienen calefacción habitualmente mediante placas integradas en el suelo",CALDERAS ELÉCTRICAS INDUSTRIALES,HOT YOGA Y BIKRAM,Entradas recomendadas,,https://ete.es/calefaccion-granja-porcino/
https://ete.es/tag/instalaciones-hidrotermales/,,Sin equivalente,Archivo de etiqueta del blog,text/html; charset=UTF-8,200,OK,instalaciones hidrotermales archivos - Thermic Electric Solutions,instalaciones hidrotermales archivos - Thermic Electric Solutions . Calderas industriales y equipos de balnearios. ¡Entra!,CALDERAS ELÉCTRICAS INDUSTRIALES,HOT YOGA Y BIKRAM,SOCIALIZAR LOS SPA-BALNEARIO,LA SALUD Y LOS SPA-BALNEARIO,https://ete.es/tag/instalaciones-hidrotermales/
https://ete.es/tag/alderas/,,Sin equivalente,Archivo de etiqueta del blog,text/html; charset=UTF-8,200,OK,alderas archivos - Thermic Electric Solutions,alderas archivos - Thermic Electric Solutions . Calderas industriales y equipos de balnearios. ¡Entra!,CALDERAS ELÉCTRICAS INDUSTRIALES,HOT YOGA Y BIKRAM,Costos de producción de calor,,https://ete.es/tag/alderas/
https://ete.es/tag/reducir-co2/,,Sin equivalente,Archivo de etiqueta del blog,text/html; charset=UTF-8,200,OK,reducir co2 archivos - Thermic Electric Solutions,reducir co2 archivos - Thermic Electric Solutions . Calderas industriales y equipos de balnearios. ¡Entra!,CALDERAS ELÉCTRICAS INDUSTRIALES,HOT YOGA Y BIKRAM,Costos de producción de calor,,https://ete.es/tag/reducir-co2/
https://ete.es/calderas-electricas-emisiones-cero/,,Sin equivalente,Entrada del blog (el sitio nuevo no tiene blog),text/html; charset=UTF-8,200,OK,CALDERAS ELECTRICAS EMISIONES CERO,"Calderas eléctricas emisiones Cero.- Las calderas eléctricas Ete de Alta tecnología ofrece a la industria calderas con emisiones cero, 10 años de garantía",CALDERAS ELÉCTRICAS INDUSTRIALES,HOT YOGA Y BIKRAM,Entradas recomendadas,,https://ete.es/calderas-electricas-emisiones-cero/
https://ete.es/tag/tumbonas-termicas/,,Sin equivalente,Archivo de etiqueta del blog,text/html; charset=UTF-8,200,OK,tumbonas térmicas archivos - Thermic Electric Solutions,tumbonas térmicas archivos - Thermic Electric Solutions . Calderas industriales y equipos de balnearios. ¡Entra!,CALDERAS ELÉCTRICAS INDUSTRIALES,HOT YOGA Y BIKRAM,EL SPA EN INSTALACIONES DEPORTIVAS Y GIMNASIOS DEL SIGLO XXI,TUMBONAS TERMICAS SPA y JARDIN,https://ete.es/tag/tumbonas-termicas/
https://ete.es/tag/negocios-de-termalismo/,,Sin equivalente,Archivo de etiqueta del blog,text/html; charset=UTF-8,200,OK,negocios de termalismo archivos - Thermic Electric Solutions,negocios de termalismo archivos - Thermic Electric Solutions . Calderas industriales y equipos de balnearios. ¡Entra!,CALDERAS ELÉCTRICAS INDUSTRIALES,HOT YOGA Y BIKRAM,PORQUE INVERTIR EN BALNEARIOS-SPA,,https://ete.es/tag/negocios-de-termalismo/
https://ete.es/tag/tumbonas/,,Sin equivalente,Archivo de etiqueta del blog,text/html; charset=UTF-8,200,OK,tumbonas archivos - Thermic Electric Solutions,tumbonas archivos - Thermic Electric Solutions . Calderas industriales y equipos de balnearios. ¡Entra!,CALDERAS ELÉCTRICAS INDUSTRIALES,HOT YOGA Y BIKRAM,LA SALUD Y LOS SPA-BALNEARIO,,https://ete.es/tag/tumbonas/
https://ete.es/author/ete/page/4/,,Sin equivalente,Archivo de autor del blog,text/html; charset=UTF-8,200,OK,"Fernando Sanz Pérez, autor en Thermic Electric Solutions - Página 4 de 8","Fernando Sanz Pérez, autor en Thermic Electric Solutions - Página 4 de 8",CALDERAS ELÉCTRICAS INDUSTRIALES,HOT YOGA Y BIKRAM,OPINION SOBRE EL GASTO ENERGETICO EN CALEFACCIÓN,LA ELECTRICIDAD ES RENTABLE PARA PRODUCIR CALOR,https://ete.es/author/ete/page/4/
https://ete.es/tag/agua-sobrecalentada/,,Sin equivalente,Archivo de etiqueta del blog,text/html; charset=UTF-8,200,OK,agua sobrecalentada archivos - Thermic Electric Solutions,agua sobrecalentada archivos - Thermic Electric Solutions . Calderas industriales y equipos de balnearios. ¡Entra!,CALDERAS ELÉCTRICAS INDUSTRIALES,HOT YOGA Y BIKRAM,Caldera Vapor 100 bares,,https://ete.es/tag/agua-sobrecalentada/
https://ete.es/tag/secador-de-banadores/www.ete.es/contacto,,Sin equivalente,Archivo de etiqueta del blog,text/html; charset=UTF-8,301,Moved Permanently,,,,,,,
https://ete.es/biomasa-versus-electricidad/,,Sin equivalente,Entrada del blog (el sitio nuevo no tiene blog),text/html; charset=UTF-8,200,OK,BIOMASA versus ELECTRICIDAD,"En la actualidad, las fuentes de producción de electricidad, son las menos contaminantes, centrales eólicas, fotovoltaicas, termosolares, hidráulicas, nucleares de fusión. Están en desaparición las térmicas con hidrocarburos y las nucleares de fisión",CALDERAS ELÉCTRICAS INDUSTRIALES,HOT YOGA Y BIKRAM,Entradas recomendadas,,https://ete.es/biomasa-versus-electricidad/
https://ete.es/tag/instalaciones-deportivas/,,Sin equivalente,Archivo de etiqueta del blog,text/html; charset=UTF-8,200,OK,INSTALACIONES DEPORTIVAS archivos - Thermic Electric Solutions,INSTALACIONES DEPORTIVAS archivos - Thermic Electric Solutions . Calderas industriales y equipos de balnearios. ¡Entra!,CALDERAS ELÉCTRICAS INDUSTRIALES,HOT YOGA Y BIKRAM,EL SPA EN INSTALACIONES DEPORTIVAS Y GIMNASIOS DEL SIGLO XXI,CALCULAR LA SUPERFICIE DE UN BALNEARIO,https://ete.es/tag/instalaciones-deportivas/
https://ete.es/tag/comprar-bano-turco/,,Sin equivalente,Archivo de etiqueta del blog,text/html; charset=UTF-8,200,OK,comprar baño turco archivos - Thermic Electric Solutions,comprar baño turco archivos - Thermic Electric Solutions . Calderas industriales y equipos de balnearios. ¡Entra!,CALDERAS ELÉCTRICAS INDUSTRIALES,HOT YOGA Y BIKRAM,COMPRAR BAÑO TURCO,,https://ete.es/tag/comprar-bano-turco/
https://ete.es/wp-content/uploads/aloevera.jpg,,Sin equivalente,"Recurso (CSS, JS o imagen), no es una página",image/jpeg,200,OK,,,,,,,
https://ete.es/calor-y-frio-en-el-spa-balneario/,,Sin equivalente,Entrada del blog (el sitio nuevo no tiene blog),text/html; charset=UTF-8,200,OK,Calor y Frio en el Spa - Balneario,"El modo ete de diseño, construcción y gestión de los Spa-balneario especifica tanto los tiempos como las temperaturas que deben aplicarse, cambiar los tiempos y temperaturas reduce la eficacia del proceso hidrotermal.",CALDERAS ELÉCTRICAS INDUSTRIALES,HOT YOGA Y BIKRAM,Entradas recomendadas,,https://ete.es/calor-y-frio-en-el-spa-balneario/
https://ete.es/tag/produccion-de-electricidad/,,Sin equivalente,Archivo de etiqueta del blog,text/html; charset=UTF-8,200,OK,producción de electricidad archivos - Thermic Electric Solutions,producción de electricidad archivos - Thermic Electric Solutions . Calderas industriales y equipos de balnearios. ¡Entra!,CALDERAS ELÉCTRICAS INDUSTRIALES,HOT YOGA Y BIKRAM,BIOMASA VERSUS ELECTRICIDAD,,https://ete.es/tag/produccion-de-electricidad/
https://ete.es/tag/calefaccion/,,Sin equivalente,Archivo de etiqueta del blog,text/html; charset=UTF-8,200,OK,calefacción archivos - Thermic Electric Solutions,calefacción archivos - Thermic Electric Solutions . Calderas industriales y equipos de balnearios. ¡Entra!,CALDERAS ELÉCTRICAS INDUSTRIALES,HOT YOGA Y BIKRAM,CALEFACCIÓN MEJORAR LA SEGURIDAD,CALEFACCIÓN: MEJORAR LA EFICIENCIA,https://ete.es/tag/calefaccion/
https://ete.es/tag/secabanador/,,Sin equivalente,Archivo de etiqueta del blog,text/html; charset=UTF-8,200,OK,secabañador archivos - Thermic Electric Solutions,secabañador archivos - Thermic Electric Solutions . Calderas industriales y equipos de balnearios. ¡Entra!,CALDERAS ELÉCTRICAS INDUSTRIALES,HOT YOGA Y BIKRAM,EL NEGOCIO DEL SECADOR DE BAÑADORES,,https://ete.es/tag/secabanador/
https://ete.es/tag/terma-romana/,,Sin equivalente,Archivo de etiqueta del blog,text/html; charset=UTF-8,200,OK,terma romana archivos - Thermic Electric Solutions,terma romana archivos - Thermic Electric Solutions . Calderas industriales y equipos de balnearios. ¡Entra!,CALDERAS ELÉCTRICAS INDUSTRIALES,HOT YOGA Y BIKRAM,COMPRAR EQUIPO TERMA ROMANA,,https://ete.es/tag/terma-romana/
https://ete.es/spa-balneario-en-el-deporte-de-elite/,,Sin equivalente,Entrada del blog (el sitio nuevo no tiene blog),text/html; charset=UTF-8,200,OK,SPA-BALNEARIO EN EL DEPORTE DE ELITE,"Entiendo deporte de elite el que practican las personas que se dedican profesionalmente y es su medio de vida. La herramienta de trabajo es su cuerpo y su mente. Si aplicamos la idea de que ""el hombre es lo que come, lo que piensa y las energías del entorno"" el deportista de elite debe cuidar especialmente su cuerpo y mente para poder vivir de la actividad a la que dedica su vida. Si cuida su cuerpo y su mente tendrá muchos éxitos y durante muchos años.",CALDERAS ELÉCTRICAS INDUSTRIALES,HOT YOGA Y BIKRAM,Entradas recomendadas,,https://ete.es/spa-balneario-en-el-deporte-de-elite/
https://ete.es/tag/calderas/,,Sin equivalente,Archivo de etiqueta del blog,text/html; charset=UTF-8,200,OK,calderas archivos - Thermic Electric Solutions,calderas archivos - Thermic Electric Solutions . Calderas industriales y equipos de balnearios. ¡Entra!,CALDERAS ELÉCTRICAS INDUSTRIALES,HOT YOGA Y BIKRAM,Caldera Vapor 100 bares,"CALDERAS INDUSTRIALES, EL CALOR EN LA INDUSTRIA TEXTIL",https://ete.es/tag/calderas/
https://ete.es/tag/calderas-electricas-emisiones-cero/,,Sin equivalente,Archivo de etiqueta del blog,text/html; charset=UTF-8,200,OK,calderas eléctricas emisiones cero archivos - Thermic Electric Solutions,calderas eléctricas emisiones cero archivos - Thermic Electric Solutions . Calderas industriales y equipos de balnearios. ¡Entra!,CALDERAS ELÉCTRICAS INDUSTRIALES,HOT YOGA Y BIKRAM,RITE calefacción eléctrica en edificios,,https://ete.es/tag/calderas-electricas-emisiones-cero/
https://ete.es/tag/centros-de-termalismo/,,Sin equivalente,Archivo de etiqueta del blog,text/html; charset=UTF-8,200,OK,centros de termalismo archivos - Thermic Electric Solutions,centros de termalismo archivos - Thermic Electric Solutions . Calderas industriales y equipos de balnearios. ¡Entra!,CALDERAS ELÉCTRICAS INDUSTRIALES,HOT YOGA Y BIKRAM,COMO SE CONSTRUYE UN BALNEARIO SPA,COMO SE DISEÑA EL BALNEARIO SPA,https://ete.es/tag/centros-de-termalismo/
https://ete.es/tag/caldera-fluido-termico/,,Sin equivalente,Archivo de etiqueta del blog,text/html; charset=UTF-8,200,OK,caldera fluido térmico archivos - Thermic Electric Solutions,caldera fluido térmico archivos - Thermic Electric Solutions . Calderas industriales y equipos de balnearios. ¡Entra!,CALDERAS ELÉCTRICAS INDUSTRIALES,HOT YOGA Y BIKRAM,Equipos producción de calor High-Tech,,https://ete.es/tag/caldera-fluido-termico/
https://ete.es/tag/crioterapia/,,Sin equivalente,Archivo de etiqueta del blog,text/html; charset=UTF-8,200,OK,crioterapia archivos - Thermic Electric Solutions,crioterapia archivos - Thermic Electric Solutions . Calderas industriales y equipos de balnearios. ¡Entra!,CALDERAS ELÉCTRICAS INDUSTRIALES,HOT YOGA Y BIKRAM,EFECTOS DEL FRIO EN LOS DEPORTISTAS,,https://ete.es/tag/crioterapia/
https://ete.es/calefaccion-invernadero-en-la-peninsula-arabiga/,,Sin equivalente,Entrada del blog (el sitio nuevo no tiene blog),text/html; charset=UTF-8,200,OK,Calefacción Invernadero en la Península Arábiga,Los invernaderos deben revisar sus instalaciones de producción de calor y sustituir las viejas calderas de combustión por calderas eléctricas ETE para reducir los costes de energía aproximadamente un 60%,CALDERAS ELÉCTRICAS INDUSTRIALES,HOT YOGA Y BIKRAM,Entradas recomendadas,,https://ete.es/calefaccion-invernadero-en-la-peninsula-arabiga/
https://ete.es/socializar-los-spa-balneario/,,Sin equivalente,Entrada del blog (el sitio nuevo no tiene blog),text/html; charset=UTF-8,200,OK,SOCIALIZAR LOS SPA-BALNEARIO,"En los años 80 me plantee popularizar o socializar el uso de las terapias hidrotermales. En aquellos tiempos accedía a las instalaciones termales la sociedad con alto poder adquisitivo. Se trataba de diseñar y construir centros de termalismo que fuesen asequibles a todas las economías. Hasta principios del actual siglo las instalaciones hidrotermales estaban dedicadas a personas de la llamada ""tercera edad""",CALDERAS ELÉCTRICAS INDUSTRIALES,HOT YOGA Y BIKRAM,Entradas recomendadas,,https://ete.es/socializar-los-spa-balneario/
https://ete.es/tag/ducha-incio/,,Sin equivalente,Archivo de etiqueta del blog,text/html; charset=UTF-8,200,OK,ducha incio archivos - Thermic Electric Solutions,ducha incio archivos - Thermic Electric Solutions . Calderas industriales y equipos de balnearios. ¡Entra!,CALDERAS ELÉCTRICAS INDUSTRIALES,HOT YOGA Y BIKRAM,EL SPA EN INSTALACIONES DEPORTIVAS Y GIMNASIOS DEL SIGLO XXI,,https://ete.es/tag/ducha-incio/
https://ete.es/el-calor-en-la-industria-textil/,,Sin equivalente,Entrada del blog (el sitio nuevo no tiene blog),text/html; charset=UTF-8,200,OK,"Calderas industriales, calor en la industria textil","Calderas industriales by Ete son de alta eficiencia, la tecnología desarrollada en estos 40 años nos permite ofrecer hasta 10 años de garantía.",CALDERAS ELÉCTRICAS INDUSTRIALES,HOT YOGA Y BIKRAM,Entradas recomendadas,,https://ete.es/el-calor-en-la-industria-textil/
https://www.ete.es/ete-panaderia/,https://cliente.morganmedia.es/ete/divisiones/division-panaderias/,Exacta,URL antigua con redirección 301,text/html; charset=UTF-8,301,Moved Permanently,,,,,,,
https://ete.es/category/balnearios/page/11/?utm_source=chatgpt.com,,Sin equivalente,Archivo de categoría del blog,text/html; charset=UTF-8,200,OK,Balnearios - Página 11 de 11 - Thermic Electric Solutions,En ETE te proporcionamos toda la información necesaria sobre los valores en consumo y equipos. Las nuevas tecnologías bajan los consumos de las facturas de energía. ¡Contáctanos! - Página 11 de 11,CALDERAS ELÉCTRICAS INDUSTRIALES,HOT YOGA Y BIKRAM,CALENTAR AGUA DE PISCINA,10 razones para confiar en ete,https://ete.es/category/balnearios/page/11/
https://ete.es/tag/piscinas/,,Sin equivalente,Archivo de etiqueta del blog,text/html; charset=UTF-8,200,OK,piscinas archivos - Thermic Electric Solutions,piscinas archivos - Thermic Electric Solutions . Calderas industriales y equipos de balnearios. ¡Entra!,CALDERAS ELÉCTRICAS INDUSTRIALES,HOT YOGA Y BIKRAM,LA SALUD Y LOS SPA-BALNEARIO,PROYECCIÓN DEL SPA-BALNEARIO EN EL MUNDO,https://ete.es/tag/piscinas/
https://ete.es/tag/piscina-de-tonificacion/,,Sin equivalente,Archivo de etiqueta del blog,text/html; charset=UTF-8,200,OK,piscina de tonificación archivos - Thermic Electric Solutions,piscina de tonificación archivos - Thermic Electric Solutions . Calderas industriales y equipos de balnearios. ¡Entra!,CALDERAS ELÉCTRICAS INDUSTRIALES,HOT YOGA Y BIKRAM,EL SPA EN INSTALACIONES DEPORTIVAS Y GIMNASIOS DEL SIGLO XXI,MARKETING EN LOS SPA-BALNEARIOS,https://ete.es/tag/piscina-de-tonificacion/
https://ete.es/tag/negocio-rentable/,,Sin equivalente,Archivo de etiqueta del blog,text/html; charset=UTF-8,200,OK,negocio rentable archivos - Thermic Electric Solutions,negocio rentable archivos - Thermic Electric Solutions . Calderas industriales y equipos de balnearios. ¡Entra!,CALDERAS ELÉCTRICAS INDUSTRIALES,HOT YOGA Y BIKRAM,SPA Y BALNEARIO LUDICO,,https://ete.es/tag/negocio-rentable/
https://ete.es/tag/reduccion-emisiones-de-co2/,,Sin equivalente,Archivo de etiqueta del blog,text/html; charset=UTF-8,200,OK,reducción emisiones de CO2 archivos - Thermic Electric Solutions,reducción emisiones de CO2 archivos - Thermic Electric Solutions . Calderas industriales y equipos de balnearios. ¡Entra!,CALDERAS ELÉCTRICAS INDUSTRIALES,HOT YOGA Y BIKRAM,COMO MEJORAR LA EFICIENCIA ENERGETICA ANTES DEL 2020,,https://ete.es/tag/reduccion-emisiones-de-co2/
https://ete.es/wp-content/uploads/Benefíciate-de-las-soluciones-y-sistemas-ete-2017-vs3.jpg,,Sin equivalente,"Recurso (CSS, JS o imagen), no es una página",image/jpeg,200,OK,,,,,,,
https://ete.es/calcular-la-superficie-de-un-spa/,,Sin equivalente,Entrada del blog (el sitio nuevo no tiene blog),text/html; charset=UTF-8,200,OK,Calcular la superficie de un Spa - Thermic Electric Solutions,La construcción de un Spa depende de la elección de los metros cuadrados que tendrá y de la inversión. En ETE te asesoraremos. ¡Infórmate!,CALDERAS ELÉCTRICAS INDUSTRIALES,HOT YOGA Y BIKRAM,Entradas recomendadas,,https://ete.es/calcular-la-superficie-de-un-spa/
https://ete.es/wp-content/uploads/Benefíciate-de-las-soluciones-y-sistemas-ete-rec.jpg,,Sin equivalente,"Recurso (CSS, JS o imagen), no es una página",image/jpeg,200,OK,,,,,,,
https://ete.es/bomba-de-calor-bajo-rendimiento/,,Sin equivalente,Entrada del blog (el sitio nuevo no tiene blog),text/html; charset=UTF-8,200,OK,Bomba de calor bajo rendimiento,"Las calderas ete de alta eficiencia se instalan como apoyo a bombas de calor para suplir el servicio de calor, cuando la bomba de calor no dan el rendimiento adecuado.",CALDERAS ELÉCTRICAS INDUSTRIALES,HOT YOGA Y BIKRAM,Entradas recomendadas,,https://ete.es/bomba-de-calor-bajo-rendimiento/
https://ete.es/tag/equipos-bano-turco/,,Sin equivalente,Archivo de etiqueta del blog,text/html; charset=UTF-8,200,OK,equipos baño turco archivos - Thermic Electric Solutions,equipos baño turco archivos - Thermic Electric Solutions . Calderas industriales y equipos de balnearios. ¡Entra!,CALDERAS ELÉCTRICAS INDUSTRIALES,HOT YOGA Y BIKRAM,CONSTRUIR UN SPA,,https://ete.es/tag/equipos-bano-turco/
https://ete.es/tag/piscina-de-agua-fria/,,Sin equivalente,Archivo de etiqueta del blog,text/html; charset=UTF-8,200,OK,piscina de agua fría archivos - Thermic Electric Solutions,piscina de agua fría archivos - Thermic Electric Solutions . Calderas industriales y equipos de balnearios. ¡Entra!,CALDERAS ELÉCTRICAS INDUSTRIALES,HOT YOGA Y BIKRAM,SPA – GIMNASIO PISCINA DE AGUA FRIA 4ºC,,https://ete.es/tag/piscina-de-agua-fria/
https://ete.es/wp-content/uploads/terma1.jpg,,Sin equivalente,"Recurso (CSS, JS o imagen), no es una página",image/jpeg,200,OK,,,,,,,
https://ete.es/wp-content/uploads/fotos111.jpg,,Sin equivalente,"Recurso (CSS, JS o imagen), no es una página",image/jpeg,200,OK,,,,,,,
https://ete.es/category/balnearios/page/9/,,Sin equivalente,Archivo de categoría del blog,text/html; charset=UTF-8,200,OK,Balnearios - Página 9 de 11 - Thermic Electric Solutions,En ETE te proporcionamos toda la información necesaria sobre los valores en consumo y equipos. Las nuevas tecnologías bajan los consumos de las facturas de energía. ¡Contáctanos! - Página 9 de 11,CALDERAS ELÉCTRICAS INDUSTRIALES,HOT YOGA Y BIKRAM,EL SPA EN EL HOTEL,EL SPA EN EL GIMNASIO,https://ete.es/category/balnearios/page/9/
https://ete.es/tag/diseno/,,Sin equivalente,Archivo de etiqueta del blog,text/html; charset=UTF-8,200,OK,diseño archivos - Thermic Electric Solutions,diseño archivos - Thermic Electric Solutions . Calderas industriales y equipos de balnearios. ¡Entra!,CALDERAS ELÉCTRICAS INDUSTRIALES,HOT YOGA Y BIKRAM,CONSTRUIR UN THALASSO,BENEFICIOS DE TERMALISMO-ECONOMICOS,https://ete.es/tag/diseno/
https://ete.es/tag/emisiones-de-co2/,,Sin equivalente,Archivo de etiqueta del blog,text/html; charset=UTF-8,200,OK,emisiones de CO2 archivos - Thermic Electric Solutions,emisiones de CO2 archivos - Thermic Electric Solutions . Calderas industriales y equipos de balnearios. ¡Entra!,CALDERAS ELÉCTRICAS INDUSTRIALES,HOT YOGA Y BIKRAM,EFECTO JOULE vs RITE,,https://ete.es/tag/emisiones-de-co2/
https://ete.es/tag/sistema-de-calefaccion-electrico/,,Sin equivalente,Archivo de etiqueta del blog,text/html; charset=UTF-8,200,OK,sistema de calefaccion electrico archivos - Thermic Electric Solutions,sistema de calefaccion electrico archivos - Thermic Electric Solutions . Calderas industriales y equipos de balnearios. ¡Entra!,CALDERAS ELÉCTRICAS INDUSTRIALES,HOT YOGA Y BIKRAM,ABARATAR COSTOS DE ENERGÍA EN LA INDUSTRIA-1,,https://ete.es/tag/sistema-de-calefaccion-electrico/
https://ete.es/donde-se-instala-el-secador-de-banadores-etedryer/www.ete.es/contacto,,Sin equivalente,URL mal formada (enlace interno roto),text/html; charset=UTF-8,301,Moved Permanently,,,,,,,
https://ete.es/tag/termas/,,Sin equivalente,Archivo de etiqueta del blog,text/html; charset=UTF-8,200,OK,termas archivos - Thermic Electric Solutions,termas archivos - Thermic Electric Solutions . Calderas industriales y equipos de balnearios. ¡Entra!,CALDERAS ELÉCTRICAS INDUSTRIALES,HOT YOGA Y BIKRAM,BENEFICIOS DE LA SUDORACION,,https://ete.es/tag/termas/
https://ete.es/tag/equipos-piscinas/,,Sin equivalente,Archivo de etiqueta del blog,text/html; charset=UTF-8,200,OK,equipos piscinas archivos - Thermic Electric Solutions,equipos piscinas archivos - Thermic Electric Solutions . Calderas industriales y equipos de balnearios. ¡Entra!,CALDERAS ELÉCTRICAS INDUSTRIALES,HOT YOGA Y BIKRAM,CALENTAR AGUA PISCINA EN HOTELES,,https://ete.es/tag/equipos-piscinas/
https://ete.es/tag/equipos-terma/,,Sin equivalente,Archivo de etiqueta del blog,text/html; charset=UTF-8,200,OK,equipos terma archivos - Thermic Electric Solutions,equipos terma archivos - Thermic Electric Solutions . Calderas industriales y equipos de balnearios. ¡Entra!,CALDERAS ELÉCTRICAS INDUSTRIALES,HOT YOGA Y BIKRAM,CONSTRUIR UN SPA,,https://ete.es/tag/equipos-terma/
https://ete.es/efecto-joule-vs-rite/,,Sin equivalente,Entrada del blog (el sitio nuevo no tiene blog),text/html; charset=UTF-8,200,OK,EFECTO JOULE vs RITE,"Si analizan los costos de las energías en 1990 y en el 2013, verán que la electricidad en estos años ha bajado de precio, en el 1990 un kwh costaba 30 pesetas y actualmente tiene un precio medio de 0'14€. Las energías combustibles has subido un 650%. El movimiento mundial contra las emisiones de CO2 no es una broma y cada caldera que se quite de combustión y se cambie por una eléctrica es reducir las emisiones y mejorar la eficiencia energética.",CALDERAS ELÉCTRICAS INDUSTRIALES,HOT YOGA Y BIKRAM,Entradas recomendadas,,https://ete.es/efecto-joule-vs-rite/
https://ete.es/spa-y-balneario-ludico/,,Sin equivalente,Entrada del blog (el sitio nuevo no tiene blog),text/html; charset=UTF-8,200,OK,SPA Y BALNEARIO LUDICO,Se trata de unas instalaciones que han sido diseñadas para que la gente se divierta. Los clientes de un parque acuático suelen visitarlo una vez para vivir la experiencia y no suelen regresar.,CALDERAS ELÉCTRICAS INDUSTRIALES,HOT YOGA Y BIKRAM,Entradas recomendadas,,https://ete.es/spa-y-balneario-ludico/
https://ete.es/como-hacer-un-spa-en-tu-casa/,,Sin equivalente,Entrada del blog (el sitio nuevo no tiene blog),text/html; charset=UTF-8,200,OK,COMO HACER UN SPA EN TU CASA,Instalar en la casa un pequeño centro de termalismo beneficiara a toda la familia y puede utilizarse tambien para reunirse con amigos y hacer vida social dedicando el tiempo a mejorar la salud.,CALDERAS ELÉCTRICAS INDUSTRIALES,HOT YOGA Y BIKRAM,Entradas recomendadas,,https://ete.es/como-hacer-un-spa-en-tu-casa/
https://ete.es/tag/calentar-el-agua-de-las-piscinas/,,Sin equivalente,Archivo de etiqueta del blog,text/html; charset=UTF-8,200,OK,calentar el agua de las piscinas archivos - Thermic Electric Solutions,calentar el agua de las piscinas archivos - Thermic Electric Solutions . Calderas industriales y equipos de balnearios. ¡Entra!,CALDERAS ELÉCTRICAS INDUSTRIALES,HOT YOGA Y BIKRAM,EFECTO JOULE PARA CALEFACCION EN PISCINAS,CALCULAR POTENCIA TERMICA EN PISCINAS,https://ete.es/tag/calentar-el-agua-de-las-piscinas/
https://ete.es/acumulacion-de-calor-en-masa-liquida/,,Sin equivalente,Entrada del blog (el sitio nuevo no tiene blog),text/html; charset=UTF-8,200,OK,ACUMULACIÓN DE CALOR EN MASA LIQUIDA,"La acumulación de calor en masa liquida para calefacción, es un sistema que la firma Europea Térmica Eléctrica, comenzó a investigar en los años 70. La producción de electricidad se mantiene constante durante las 24 h excepto en los casos de producción solar fotovoltaica. El consumo de electricidad varia de las horas diurnas a las nocturnas con bajada del consumo durante las noches de un 50% de media.",CALDERAS ELÉCTRICAS INDUSTRIALES,HOT YOGA Y BIKRAM,Entradas recomendadas,,https://ete.es/acumulacion-de-calor-en-masa-liquida/
https://ete.es/ete-balnearios,https://cliente.morganmedia.es/ete/divisiones/division-spa-balnearios/,Exacta,URL antigua con redirección 301,text/html; charset=UTF-8,301,Moved Permanently,,,,,,,
https://www.ete.es/ete-balnearios/es/duchas-bitermicas/equipo-agua-caliente-duchas-40,https://cliente.morganmedia.es/ete/productos/producto-agua-caliente-duchas-spa/,Exacta,URL antigua con redirección 301,text/html; charset=UTF-8,301,Moved Permanently,,,,,,,
https://www.ete.es/ete-balnearios/es/equipos-sudoracion/mitermal,https://cliente.morganmedia.es/ete/productos/producto-sauna-humeda-mitermal/,Exacta,URL antigua con redirección 301,text/html; charset=UTF-8,301,Moved Permanently,,,,,,,
https://ete.es/calentar-agua-piscina-en-hoteles/,,Sin equivalente,Entrada del blog (el sitio nuevo no tiene blog),text/html; charset=UTF-8,200,OK,CALENTAR AGUA PISCINA EN HOTELES - Thermic Electric Solutions,Calentar agua piscina.- Una piscina calentada a 26ºC de 70m3 tendrá un consumo diario de unos 9 € en la época de invierno. Pregúntanos cómo.,CALDERAS ELÉCTRICAS INDUSTRIALES,HOT YOGA Y BIKRAM,Entradas recomendadas,,https://ete.es/calentar-agua-piscina-en-hoteles/
https://ete.es/duchas-bitermicas-spa-balneario/,,Sin equivalente,Entrada del blog (el sitio nuevo no tiene blog),text/html; charset=UTF-8,200,OK,DUCHAS BITERMICAS SPA-BALNEARIO,"Se trata de un equipo que se instala en los centros de termalismo Spa-Balneario y que tiene como fin producir choques de agua caliente a 40ºC y fría a 4ºC para equilibrar el sistema circulatorio sanguíneo. En los años 70 cuando hacia los trabajos de investigación que posteriormente terminaron con la implantación del modo ete para diseñar y construir centros de termalismo con fines terapéuticos, desarrolle las duchas bitérmicas.",CALDERAS ELÉCTRICAS INDUSTRIALES,HOT YOGA Y BIKRAM,Entradas recomendadas,,https://ete.es/duchas-bitermicas-spa-balneario/
https://ete.es/tag/equipos-balnearios/,,Sin equivalente,Archivo de etiqueta del blog,text/html; charset=UTF-8,200,OK,EQUIPOS BALNEARIOS archivos - Thermic Electric Solutions,EQUIPOS BALNEARIOS archivos - Thermic Electric Solutions . Calderas industriales y equipos de balnearios. ¡Entra!,CALDERAS ELÉCTRICAS INDUSTRIALES,HOT YOGA Y BIKRAM,CALCULAR LA SUPERFICIE DE UN BALNEARIO,DISEÑAR UN SPA.,https://ete.es/tag/equipos-balnearios/
https://ete.es/tag/servicio-de-calefaccion/,,Sin equivalente,Archivo de etiqueta del blog,text/html; charset=UTF-8,200,OK,servicio de calefacción archivos - Thermic Electric Solutions,servicio de calefacción archivos - Thermic Electric Solutions . Calderas industriales y equipos de balnearios. ¡Entra!,CALDERAS ELÉCTRICAS INDUSTRIALES,HOT YOGA Y BIKRAM,ACUMULACIÓN DE CALOR EN MASA LIQUIDA,,https://ete.es/tag/servicio-de-calefaccion/
https://ete.es/tag/calderas-de-combustion/,,Sin equivalente,Archivo de etiqueta del blog,text/html; charset=UTF-8,200,OK,calderas de combustión archivos - Thermic Electric Solutions,calderas de combustión archivos - Thermic Electric Solutions . Calderas industriales y equipos de balnearios. ¡Entra!,CALDERAS ELÉCTRICAS INDUSTRIALES,HOT YOGA Y BIKRAM,CALCULO DE POTENCIA TERMICA EN CALEFACCIÓN,,https://ete.es/tag/calderas-de-combustion/
https://ete.es/category/balnearios/page/5/?utm_source=chatgpt.com,,Sin equivalente,Archivo de categoría del blog,text/html; charset=UTF-8,200,OK,Balnearios - Página 5 de 11 - Thermic Electric Solutions,En ETE te proporcionamos toda la información necesaria sobre los valores en consumo y equipos. Las nuevas tecnologías bajan los consumos de las facturas de energía. ¡Contáctanos! - Página 5 de 11,CALDERAS ELÉCTRICAS INDUSTRIALES,HOT YOGA Y BIKRAM,PROYECCIÓN DEL SPA-BALNEARIO EN EL MUNDO,MARKETING EN LOS SPA-BALNEARIOS,https://ete.es/category/balnearios/page/5/
https://ete.es/wp-content/uploads/ahorro-cal1.jpg,,Sin equivalente,"Recurso (CSS, JS o imagen), no es una página",image/jpeg,200,OK,,,,,,,
https://ete.es/construir-un-thalasso/,,Sin equivalente,Entrada del blog (el sitio nuevo no tiene blog),text/html; charset=UTF-8,200,OK,CONSTRUIR UN THALASSO,El diseño de un Thalasso no difiere en nada de un centro de termalismo pero la construcción si debera cuidarse pues en las piscinas habra agua de mar salada y los materiales para el tratamiento y manipulación del agua de mar son distintos a los del agua dulce.,CALDERAS ELÉCTRICAS INDUSTRIALES,HOT YOGA Y BIKRAM,Entradas recomendadas,,https://ete.es/construir-un-thalasso/
https://ete.es/tag/calentadores-piscinas/,,Sin equivalente,Archivo de etiqueta del blog,text/html; charset=UTF-8,200,OK,calentadores piscinas archivos - Thermic Electric Solutions,calentadores piscinas archivos - Thermic Electric Solutions . Calderas industriales y equipos de balnearios. ¡Entra!,CALDERAS ELÉCTRICAS INDUSTRIALES,HOT YOGA Y BIKRAM,CONSTRUIR UN SPA,,https://ete.es/tag/calentadores-piscinas/
https://ete.es/efecto-joule-para-calefaccion-en-piscinas/,,Sin equivalente,Entrada del blog (el sitio nuevo no tiene blog),text/html; charset=UTF-8,200,OK,EFECTO JOULE PARA CALEFACCION EN PISCINAS,"Considero que si es correcto utilizar la electricidad en un hotel para los ascensores, las cocinas, la climatización, también debe de ser legal que se utilice para calentar las piscinas descubiertas pues un hotel con piscinas que tienen el agua a menos de 26ºC baja la ocupación.",CALDERAS ELÉCTRICAS INDUSTRIALES,HOT YOGA Y BIKRAM,Entradas recomendadas,,https://ete.es/efecto-joule-para-calefaccion-en-piscinas/
https://ete.es/wp-content/uploads/piscina.jpg,,Sin equivalente,"Recurso (CSS, JS o imagen), no es una página",image/jpeg,200,OK,,,,,,,
https://ete.es/tag/reducir-las-emisiones-de-co2/,,Sin equivalente,Archivo de etiqueta del blog,text/html; charset=UTF-8,200,OK,reducir las emisiones de CO2 archivos - Thermic Electric Solutions,reducir las emisiones de CO2 archivos - Thermic Electric Solutions . Calderas industriales y equipos de balnearios. ¡Entra!,CALDERAS ELÉCTRICAS INDUSTRIALES,HOT YOGA Y BIKRAM,REMODELACIÓN CALEFACCIÓN EN NAVE INDUSTRIAL,,https://ete.es/tag/reducir-las-emisiones-de-co2/
https://ete.es/la-ventilacion-en-los-spa-balnearios/,,Sin equivalente,Entrada del blog (el sitio nuevo no tiene blog),text/html; charset=UTF-8,200,OK,LA VENTILACIÓN EN LOS SPA-BALNEARIOS,"Si los clientes entran a un spa y el aire huele mal y cuesta respirar, es la señal inequívoca de que la ventilación no funciona correctamente y el cliente no regresara.",CALDERAS ELÉCTRICAS INDUSTRIALES,HOT YOGA Y BIKRAM,Entradas recomendadas,,https://ete.es/la-ventilacion-en-los-spa-balnearios/
https://ete.es/tag/calefaccion-invernadero/,,Sin equivalente,Archivo de etiqueta del blog,text/html; charset=UTF-8,200,OK,calefaccion invernadero archivos - Thermic Electric Solutions,calefaccion invernadero archivos - Thermic Electric Solutions . Calderas industriales y equipos de balnearios. ¡Entra!,CALDERAS ELÉCTRICAS INDUSTRIALES,HOT YOGA Y BIKRAM,CALEFACCIÓN INVERNADERO EN LA PENINSULA ARABIGA,CALEFACCIÓN INVERNADERO ALMERIA,https://ete.es/tag/calefaccion-invernadero/
https://ete.es/tag/spa-terapeutico/,,Sin equivalente,Archivo de etiqueta del blog,text/html; charset=UTF-8,200,OK,SPA TERAPEUTICO archivos - Thermic Electric Solutions,SPA TERAPEUTICO archivos - Thermic Electric Solutions . Calderas industriales y equipos de balnearios. ¡Entra!,CALDERAS ELÉCTRICAS INDUSTRIALES,HOT YOGA Y BIKRAM,CALCULAR LA SUPERFICIE DE UN SPA,,https://ete.es/tag/spa-terapeutico/
https://ete.es/wp-content/uploads/calentamiento-piscina.bmp,,Sin equivalente,"Recurso (CSS, JS o imagen), no es una página",image/bmp,200,OK,,,,,,,
https://ete.es/tag/calentadores-electricos-piscinas/,,Sin equivalente,Archivo de etiqueta del blog,text/html; charset=UTF-8,200,OK,calentadores eléctricos piscinas archivos - Thermic Electric Solutions,calentadores eléctricos piscinas archivos - Thermic Electric Solutions . Calderas industriales y equipos de balnearios. ¡Entra!,CALDERAS ELÉCTRICAS INDUSTRIALES,HOT YOGA Y BIKRAM,CALENTAR AGUA PISCINA EN HOTELES,,https://ete.es/tag/calentadores-electricos-piscinas/
https://ete.es/tag/radiadores-electricos/,,Sin equivalente,Archivo de etiqueta del blog,text/html; charset=UTF-8,200,OK,radiadores eléctricos archivos - Thermic Electric Solutions,radiadores eléctricos archivos - Thermic Electric Solutions . Calderas industriales y equipos de balnearios. ¡Entra!,CALDERAS ELÉCTRICAS INDUSTRIALES,HOT YOGA Y BIKRAM,CALCULO POTENCIA DE UNA CALEFACCION.,,https://ete.es/tag/radiadores-electricos/
https://ete.es/rendimiento-calderas-electricas/www.ete.es,,Sin equivalente,URL mal formada (enlace interno roto),text/html; charset=UTF-8,301,Moved Permanently,,,,,,,
https://ete.es/rentabilidad-de-un-spa/,,Sin equivalente,Entrada del blog (el sitio nuevo no tiene blog),text/html; charset=UTF-8,200,OK,RENTABILIDAD DE UN SPA,"El tipo de diseño tiene una relación directa con la rentabilidad pues la eficiencia terapéutica es el factor que determina el número de clientes que visita cada día en centro y por lo tanto los ingresos en caja. También cuenta la eficiencia terapéutica del modo ETE en la fidelización de los clientes, pues al comprobar que mejora de forma notable su vitalidad se hace un cliente estable.",CALDERAS ELÉCTRICAS INDUSTRIALES,HOT YOGA Y BIKRAM,Entradas recomendadas,,https://ete.es/rentabilidad-de-un-spa/
https://ete.es/tag/calefaccion-por-gasoleo/,,Sin equivalente,Archivo de etiqueta del blog,text/html; charset=UTF-8,200,OK,calefacción por gasóleo archivos - Thermic Electric Solutions,calefacción por gasóleo archivos - Thermic Electric Solutions . Calderas industriales y equipos de balnearios. ¡Entra!,CALDERAS ELÉCTRICAS INDUSTRIALES,HOT YOGA Y BIKRAM,REMODELACIÓN CALEFACCIÓN EN NAVE INDUSTRIAL,,https://ete.es/tag/calefaccion-por-gasoleo/
https://ete.es/ahorro-con-caldera-electrica/,,Sin equivalente,Entrada del blog (el sitio nuevo no tiene blog),text/html; charset=UTF-8,200,OK,Ahorro con Caldera Eléctrica,"Ahorro con caldera eléctrica.- Es posible, instalando calderas eléctricas Ete de Alta tecnología. En viviendas de 100m2 damos servicio con caldera de 4,5kw.",CALDERAS ELÉCTRICAS INDUSTRIALES,HOT YOGA Y BIKRAM,Entradas recomendadas,,https://ete.es/ahorro-con-caldera-electrica/
https://ete.es/tag/piscina-flotacion/,,Sin equivalente,Archivo de etiqueta del blog,text/html; charset=UTF-8,200,OK,piscina flotación archivos - Thermic Electric Solutions,piscina flotación archivos - Thermic Electric Solutions . Calderas industriales y equipos de balnearios. ¡Entra!,CALDERAS ELÉCTRICAS INDUSTRIALES,HOT YOGA Y BIKRAM,COMO HACER UN SPA EN TU CASA,SPA EN LAS CASAS RURALES,https://ete.es/tag/piscina-flotacion/
https://ete.es/ahorrar-energia-spa-balneario/,,Sin equivalente,Entrada del blog (el sitio nuevo no tiene blog),text/html; charset=UTF-8,200,OK,"AHORRAR ENERGIA, SPA-BALNEARIO","En los proyectos nuevos, dedicaremos especial atención a los aislamientos térmicos de paredes, suelo y techo. En la Web www ete.es pueden ver información sobre este tema en el apartado ""Recomendaciones sobre construcción"".",CALDERAS ELÉCTRICAS INDUSTRIALES,HOT YOGA Y BIKRAM,Entradas recomendadas,,https://ete.es/ahorrar-energia-spa-balneario/
https://ete.es/wp-content/uploads/PROYECTO-SALAMANCA11.jpg,,Sin equivalente,"Recurso (CSS, JS o imagen), no es una página",image/jpeg,200,OK,,,,,,,
https://ete.es/calefaccion-mejorar-la-seguridad/,,Sin equivalente,Entrada del blog (el sitio nuevo no tiene blog),text/html; charset=UTF-8,200,OK,CALEFACCIÓN CALDERAS ELÉCTRICAS,"Si quiere disfrutar de un servicio de calefacción confortable, seguro y económico cuente con las calderas eléctricas Ete de alta tecnología. ",CALDERAS ELÉCTRICAS INDUSTRIALES,HOT YOGA Y BIKRAM,Entradas recomendadas,,https://ete.es/calefaccion-mejorar-la-seguridad/
https://ete.es/wp-content/uploads/terma.jpg,,Sin equivalente,"Recurso (CSS, JS o imagen), no es una página",image/jpeg,200,OK,,,,,,,
https://ete.es/calcular-la-superficie-de-un-spa-2/,,Sin equivalente,Entrada del blog (el sitio nuevo no tiene blog),text/html; charset=UTF-8,200,OK,CALCULAR LA SUPERFICIE DE UN SPA,En ETE te asesoramos sobre como calcular la superficie un spa. El calculo de la superficie de un spa depende de varios factores. ¡Infórmate!,CALDERAS ELÉCTRICAS INDUSTRIALES,HOT YOGA Y BIKRAM,Entradas recomendadas,,https://ete.es/calcular-la-superficie-de-un-spa-2/
https://ete.es/tag/cabina-de-sudoracion/,,Sin equivalente,Archivo de etiqueta del blog,text/html; charset=UTF-8,200,OK,cabina de sudoracion archivos - Thermic Electric Solutions,cabina de sudoracion archivos - Thermic Electric Solutions . Calderas industriales y equipos de balnearios. ¡Entra!,CALDERAS ELÉCTRICAS INDUSTRIALES,HOT YOGA Y BIKRAM,MINI SPA BALNEARIO,,https://ete.es/tag/cabina-de-sudoracion/
https://www.ete.es/ete-panaderia,https://cliente.morganmedia.es/ete/divisiones/division-panaderias/,Exacta,URL antigua con redirección 301,text/html; charset=UTF-8,301,Moved Permanently,,,,,,,
https://ete.es/tag/mantenimiento-calderas-industriales,,Sin equivalente,Archivo de etiqueta del blog,text/html; charset=UTF-8,301,Moved Permanently,,,,,,,
https://ete.es/como-elegir-la-mejor-calefaccion/,,Sin equivalente,Entrada del blog (el sitio nuevo no tiene blog),text/html; charset=UTF-8,200,OK,Como elegir la mejor calefacción,"Como elegir la mejor calefacción, hay que tener en cuenta: garantía, seguridad, consumo energético, nivel de confort y ruido, gastos de mantenimiento",CALDERAS ELÉCTRICAS INDUSTRIALES,HOT YOGA Y BIKRAM,Entradas recomendadas,,https://ete.es/como-elegir-la-mejor-calefaccion/
https://ete.es/tag/proyecto-balneario/,,Sin equivalente,Archivo de etiqueta del blog,text/html; charset=UTF-8,200,OK,proyecto balneario archivos - Thermic Electric Solutions,proyecto balneario archivos - Thermic Electric Solutions . Calderas industriales y equipos de balnearios. ¡Entra!,CALDERAS ELÉCTRICAS INDUSTRIALES,HOT YOGA Y BIKRAM,GESTIÓN DE UN BALNEARIO,,https://ete.es/tag/proyecto-balneario/
https://ete.es/wp-content/uploads/SV400002.jpg,,Sin equivalente,"Recurso (CSS, JS o imagen), no es una página",image/jpeg,200,OK,,,,,,,
https://ete.es/choques-calor-frio-beneficios/,,Sin equivalente,Entrada del blog (el sitio nuevo no tiene blog),text/html; charset=UTF-8,200,OK,CHOQUES CALOR-FRIO BENEFICIOS,"El protocolo de utilización para producir los choques de calor y frio será, piscina de 34ºC piscina de 4ºC piscina de 38ºC, piscina 4ºC, ete termal, piscina 4ºC ,ete turco, piscina 4ºC y finalizar con las duchas ete bitermicas escocesa, de aceites y ete pediluvio.",CALDERAS ELÉCTRICAS INDUSTRIALES,HOT YOGA Y BIKRAM,Entradas recomendadas,,https://ete.es/choques-calor-frio-beneficios/
https://ete.es/tag/equipos-de-produccion-de-calor/,,Sin equivalente,Archivo de etiqueta del blog,text/html; charset=UTF-8,200,OK,equipos de produccion de calor archivos - Thermic Electric Solutions,equipos de produccion de calor archivos - Thermic Electric Solutions . Calderas industriales y equipos de balnearios. ¡Entra!,CALDERAS ELÉCTRICAS INDUSTRIALES,HOT YOGA Y BIKRAM,ABARATAR COSTOS DE ENERGÍA EN LA INDUSTRIA-1,,https://ete.es/tag/equipos-de-produccion-de-calor/
http://www.ete.es/ETE-BALNEARIOS,https://cliente.morganmedia.es/ete/divisiones/division-spa-balnearios/,Exacta,URL antigua con redirección 301,text/html; charset=UTF-8,301,Moved Permanently,,,,,,,
https://ete.es/wp-content/uploads/caldcalef3.jpg,,Sin equivalente,"Recurso (CSS, JS o imagen), no es una página",image/jpeg,200,OK,,,,,,,
https://ete.es/wp-content/uploads/ganar_dinero_con_un_blog.jpg,,Sin equivalente,"Recurso (CSS, JS o imagen), no es una página",image/jpeg,200,OK,,,,,,,
https://ete.es/tag/mejorar-eficiencia-energetica/,,Sin equivalente,Archivo de etiqueta del blog,text/html; charset=UTF-8,200,OK,mejorar eficiencia energética archivos - Thermic Electric Solutions,mejorar eficiencia energética archivos - Thermic Electric Solutions . Calderas industriales y equipos de balnearios. ¡Entra!,CALDERAS ELÉCTRICAS INDUSTRIALES,HOT YOGA Y BIKRAM,COMO MEJORAR LA EFICIENCIA ENERGETICA ANTES DEL 2020,,https://ete.es/tag/mejorar-eficiencia-energetica/
https://ete.es/author/ete/page/6/,,Sin equivalente,Archivo de autor del blog,text/html; charset=UTF-8,200,OK,"Fernando Sanz Pérez, autor en Thermic Electric Solutions - Página 6 de 8","Fernando Sanz Pérez, autor en Thermic Electric Solutions - Página 6 de 8",CALDERAS ELÉCTRICAS INDUSTRIALES,HOT YOGA Y BIKRAM,Vapor para autoclaves,Generadores de vapor industriales para autoclaves,https://ete.es/author/ete/page/6/
https://ete.es/ete/balnearios,https://cliente.morganmedia.es/ete/divisiones/division-spa-balnearios/,Exacta,URL antigua con redirección 301,text/html; charset=UTF-8,301,Moved Permanently,,,,,,,
https://ete.es/tag/beneficios-termalismo/,,Sin equivalente,Archivo de etiqueta del blog,text/html; charset=UTF-8,200,OK,beneficios termalismo archivos - Thermic Electric Solutions,beneficios termalismo archivos - Thermic Electric Solutions . Calderas industriales y equipos de balnearios. ¡Entra!,CALDERAS ELÉCTRICAS INDUSTRIALES,HOT YOGA Y BIKRAM,BENEFICIOS DE TERMALISMO-ECONOMICOS,,https://ete.es/tag/beneficios-termalismo/
https://ete.es/calentar-agua-para-duchas/,,Sin equivalente,Entrada del blog (el sitio nuevo no tiene blog),text/html; charset=UTF-8,200,OK,Calentar agua para duchas,"Calentar agua para duchas, con las soluciones Ete de alta tecnología podrá tener ahorros superiores a un 50%.",CALDERAS ELÉCTRICAS INDUSTRIALES,HOT YOGA Y BIKRAM,Entradas recomendadas,,https://ete.es/calentar-agua-para-duchas/
https://ete.es/tag/ducha-bitermica-escocesa/,,Sin equivalente,Archivo de etiqueta del blog,text/html; charset=UTF-8,200,OK,ducha bitermica escocesa archivos - Thermic Electric Solutions,ducha bitermica escocesa archivos - Thermic Electric Solutions . Calderas industriales y equipos de balnearios. ¡Entra!,CALDERAS ELÉCTRICAS INDUSTRIALES,HOT YOGA Y BIKRAM,MINI SPA BALNEARIO,,https://ete.es/tag/ducha-bitermica-escocesa/
https://ete.es/como-reducir-las-emisiones-de-co2-en-las-calefacciones/,,Sin equivalente,Entrada del blog (el sitio nuevo no tiene blog),text/html; charset=UTF-8,200,OK,Cómo reducir emisiones de CO2 en calefacción,"Cambiar viejas calderas de combustión por sistemas eléctricos de alta tecnología Ete, reduce emisiones en calefacción y reducir el recibo de energía.",CALDERAS ELÉCTRICAS INDUSTRIALES,HOT YOGA Y BIKRAM,Entradas recomendadas,,https://ete.es/como-reducir-las-emisiones-de-co2-en-las-calefacciones/
https://ete.es/abaratar-costos-energia-en-la-industria-1/,,Sin equivalente,Entrada del blog (el sitio nuevo no tiene blog),text/html; charset=UTF-8,200,OK,ABARATAR COSTOS DE ENERGÍA EN LA INDUSTRIA-1,"Abaratar costos de energía en la industria, la electricidad es la energía más barata si se utiliza equipos con tecnología adecuada + cálculos correctos.",CALDERAS ELÉCTRICAS INDUSTRIALES,HOT YOGA Y BIKRAM,Entradas recomendadas,,https://ete.es/abaratar-costos-energia-en-la-industria-1/
https://ete.es/gestion-de-un-balneario/,,Sin equivalente,Entrada del blog (el sitio nuevo no tiene blog),text/html; charset=UTF-8,200,OK,GESTIÓN DE UN BALNEARIO - Thermic Electric Solutions,La piscina de tonificación a 4ºC y las duchas bitérmicas 40/4ºC son elementos fundamentales para conseguir mejorar la salud y vitalidad de los clientes.,CALDERAS ELÉCTRICAS INDUSTRIALES,HOT YOGA Y BIKRAM,Entradas recomendadas,,https://ete.es/gestion-de-un-balneario/
https://ete.es/electricidad-para-producir-calor/,,Sin equivalente,Entrada del blog (el sitio nuevo no tiene blog),text/html; charset=UTF-8,200,OK,Electricidad para producir calor,Utilizar electricidad para producir calor con los equipos de alta tecnología Ete genera ahorros de más de un 50% frente al uso de combustibles.,CALDERAS ELÉCTRICAS INDUSTRIALES,HOT YOGA Y BIKRAM,Entradas recomendadas,,https://ete.es/electricidad-para-producir-calor/
https://ete.es/tag/ahorrar-en-calefaccion/,,Sin equivalente,Archivo de etiqueta del blog,text/html; charset=UTF-8,200,OK,ahorrar en calefacción archivos - Thermic Electric Solutions,ahorrar en calefacción archivos - Thermic Electric Solutions . Calderas industriales y equipos de balnearios. ¡Entra!,CALDERAS ELÉCTRICAS INDUSTRIALES,HOT YOGA Y BIKRAM,Ahorro con Caldera Eléctrica,,https://ete.es/tag/ahorrar-en-calefaccion/
https://ete.es/tag/construir-balneario/,,Sin equivalente,Archivo de etiqueta del blog,text/html; charset=UTF-8,200,OK,construir balneario archivos - Thermic Electric Solutions,construir balneario archivos - Thermic Electric Solutions . Calderas industriales y equipos de balnearios. ¡Entra!,CALDERAS ELÉCTRICAS INDUSTRIALES,HOT YOGA Y BIKRAM,AHORRAR EN BALNEARIOS,,https://ete.es/tag/construir-balneario/
https://ete.es/mantenimiento-calderas-industriales,,Sin equivalente,URL antigua con redirección 301,text/html; charset=UTF-8,301,Moved Permanently,,,,,,,
https://ete.es/tag/caldera-electrica,,Sin equivalente,Archivo de etiqueta del blog,text/html; charset=UTF-8,301,Moved Permanently,,,,,,,
https://ete.es/contacto,,Sin equivalente,Página de contacto (no existe en el sitio nuevo),text/html; charset=UTF-8,301,Moved Permanently,,,,,,,
https://ete.es/tag/ducha-de-agua-pulverizada/,,Sin equivalente,Archivo de etiqueta del blog,text/html; charset=UTF-8,200,OK,ducha de agua pulverizada archivos - Thermic Electric Solutions,ducha de agua pulverizada archivos - Thermic Electric Solutions . Calderas industriales y equipos de balnearios. ¡Entra!,CALDERAS ELÉCTRICAS INDUSTRIALES,HOT YOGA Y BIKRAM,DUCHAS BITERMICAS SPA-BALNEARIO,SPA – GIMNASIO PISCINA DE AGUA FRIA 4ºC,https://ete.es/tag/ducha-de-agua-pulverizada/
https://ete.es/author/ete/page/5/,,Sin equivalente,Archivo de autor del blog,text/html; charset=UTF-8,200,OK,"Fernando Sanz Pérez, autor en Thermic Electric Solutions - Página 5 de 8","Fernando Sanz Pérez, autor en Thermic Electric Solutions - Página 5 de 8",CALDERAS ELÉCTRICAS INDUSTRIALES,HOT YOGA Y BIKRAM,Equipos producción de calor High-Tech,EQUIPOS PARA BALNEARIO-SPA,https://ete.es/author/ete/page/5/
https://ete.es/tag/turcos/,,Sin equivalente,Archivo de etiqueta del blog,text/html; charset=UTF-8,200,OK,turcos archivos - Thermic Electric Solutions,turcos archivos - Thermic Electric Solutions . Calderas industriales y equipos de balnearios. ¡Entra!,CALDERAS ELÉCTRICAS INDUSTRIALES,HOT YOGA Y BIKRAM,BENEFICIOS DE LA SUDORACION,,https://ete.es/tag/turcos/
https://ete.es/wp-content/uploads/MUNDO-AGUA.jpg,,Sin equivalente,"Recurso (CSS, JS o imagen), no es una página",image/jpeg,200,OK,,,,,,,
https://ete.es/wp-content/uploads/ducha.jpg,,Sin equivalente,"Recurso (CSS, JS o imagen), no es una página",image/jpeg,200,OK,,,,,,,
https://ete.es/wp-content/uploads/inst_interior.jpg,,Sin equivalente,"Recurso (CSS, JS o imagen), no es una página",image/jpeg,200,OK,,,,,,,
https://ete.es/tag/calefaccion-industrial/,,Sin equivalente,Archivo de etiqueta del blog,text/html; charset=UTF-8,200,OK,calefacción industrial archivos - Thermic Electric Solutions,calefacción industrial archivos - Thermic Electric Solutions . Calderas industriales y equipos de balnearios. ¡Entra!,CALDERAS ELÉCTRICAS INDUSTRIALES,HOT YOGA Y BIKRAM,ACUMULACIÓN DE CALOR EN MASA LIQUIDA,,https://ete.es/tag/calefaccion-industrial/
https://ete.es/calcular-la-superficie-de-un-balneario/,,Sin equivalente,Entrada del blog (el sitio nuevo no tiene blog),text/html; charset=UTF-8,200,OK,CALCULAR LA SUPERFICIE DE UN BALNEARIO,"Definir cuál es la superficie de un Balneario o un Balneario Urbano estará condicionado por el lugar donde esté ubicado, densidad de población, nivel económico y capacidad económica del inversor. En la Web www ete.es/ete- balnearios se puede encontrar el modo ETE con información amplia sobre diseño, construcción, gestión y gastos de inversión.",CALDERAS ELÉCTRICAS INDUSTRIALES,HOT YOGA Y BIKRAM,Entradas recomendadas,,https://ete.es/calcular-la-superficie-de-un-balneario/
https://ete.es/calculo-potencia-de-una-calefaccion/,,Sin equivalente,Entrada del blog (el sitio nuevo no tiene blog),text/html; charset=UTF-8,200,OK,CALCULO POTENCIA CALEFACCION.,"Cálculo potencia calefacción.- instalando calderas eléctricas ETE de alta eficiencia tendrá calor confortable, instalación segura y reducirá el consumo.",CALDERAS ELÉCTRICAS INDUSTRIALES,HOT YOGA Y BIKRAM,Entradas recomendadas,,https://ete.es/calculo-potencia-de-una-calefaccion/
https://ete.es/tag/beneficios-de-la-sudoracion-pasiva/,,Sin equivalente,Archivo de etiqueta del blog,text/html; charset=UTF-8,200,OK,beneficios de la sudoración pasiva archivos - Thermic Electric Solutions,beneficios de la sudoración pasiva archivos - Thermic Electric Solutions . Calderas industriales y equipos de balnearios. ¡Entra!,CALDERAS ELÉCTRICAS INDUSTRIALES,HOT YOGA Y BIKRAM,BENEFICIOS DE LA SUDORACIÓN,,https://ete.es/tag/beneficios-de-la-sudoracion-pasiva/
https://ete.es/tag/disenar-spa/,,Sin equivalente,Archivo de etiqueta del blog,text/html; charset=UTF-8,200,OK,diseñar spa archivos - Thermic Electric Solutions,diseñar spa archivos - Thermic Electric Solutions . Calderas industriales y equipos de balnearios. ¡Entra!,CALDERAS ELÉCTRICAS INDUSTRIALES,HOT YOGA Y BIKRAM,DISEÑAR UN SPA.,,https://ete.es/tag/disenar-spa/
https://ete.es/joule-versus-bomba-de-calor/,,Sin equivalente,Entrada del blog (el sitio nuevo no tiene blog),text/html; charset=UTF-8,200,OK,JOULE VERSUS BOMBA DE CALOR,"Los equipos de producción de calor por el efecto Joule fabricados por Europea Térmica Eléctrica, tienen un rendimiento del 100%. Un técnico que necesita calentar agua para duchas, tiene muy fácil el cálculo y la definición de la potencia cuando utiliza la tecnología Joule.",CALDERAS ELÉCTRICAS INDUSTRIALES,HOT YOGA Y BIKRAM,Entradas recomendadas,,https://ete.es/joule-versus-bomba-de-calor/
https://ete.es/tag/equipos-balneario/,,Sin equivalente,Archivo de etiqueta del blog,text/html; charset=UTF-8,200,OK,equipos balneario archivos - Thermic Electric Solutions,equipos balneario archivos - Thermic Electric Solutions . Calderas industriales y equipos de balnearios. ¡Entra!,CALDERAS ELÉCTRICAS INDUSTRIALES,HOT YOGA Y BIKRAM,AHORRAR EN BALNEARIOS,GESTIÓN DE UN BALNEARIO,https://ete.es/tag/equipos-balneario/
https://ete.es/ahorrar-en-balnearios/,,Sin equivalente,Entrada del blog (el sitio nuevo no tiene blog),text/html; charset=UTF-8,200,OK,AHORRAR EN BALNEARIOS - Thermic Electric Solutions,Balneario 300 m2 que emplee exclusivamente electricidad instale equipos de Europea Térmica Eléctrica y siga sus directrices tendrá gasto mensual de unos 1000€,CALDERAS ELÉCTRICAS INDUSTRIALES,HOT YOGA Y BIKRAM,Entradas recomendadas,,https://ete.es/ahorrar-en-balnearios/
https://ete.es/tag/hipocausto/,,Sin equivalente,Archivo de etiqueta del blog,text/html; charset=UTF-8,200,OK,hipocausto archivos - Thermic Electric Solutions,hipocausto archivos - Thermic Electric Solutions . Calderas industriales y equipos de balnearios. ¡Entra!,CALDERAS ELÉCTRICAS INDUSTRIALES,HOT YOGA Y BIKRAM,BENEFICIOS DE LA SUDORACION,,https://ete.es/tag/hipocausto/
https://ete.es/calefaccion-invernadero-almeria/,,Sin equivalente,Entrada del blog (el sitio nuevo no tiene blog),text/html; charset=UTF-8,200,OK,Calefacción Invernadero Almería,Los técnicos de Europea Térmica Eléctrica han calculado y diseñado la potencia necesaria y el equipo para dar servicio de calefacción en unos invernaderos de Almería(España).,CALDERAS ELÉCTRICAS INDUSTRIALES,HOT YOGA Y BIKRAM,Entradas recomendadas,,https://ete.es/calefaccion-invernadero-almeria/
https://ete.es/remodelacion-calefaccion-en-nave-industrial/,,Sin equivalente,Entrada del blog (el sitio nuevo no tiene blog),text/html; charset=UTF-8,200,OK,REMODELACIÓN CALEFACCIÓN EN NAVE INDUSTRIAL,"Hace unos 10 años realizamos un estudio para un distribuidor de coches que deseaba cambiar la calefacción por gasóleo y poner electricidad por cuestiones de seguridad. Teníamos que dar calefacción a las oficinas, exposición y talleres, el sistema de distribución de calor era por conductos y una batería agua-aire. Le propusimos instalar un equipo Racional de acumulación de calor en masa liquida, el equipo se conectaría a la batería agua-aire.",CALDERAS ELÉCTRICAS INDUSTRIALES,HOT YOGA Y BIKRAM,Entradas recomendadas,,https://ete.es/remodelacion-calefaccion-en-nave-industrial/
https://ete.es/beneficios-de-la-sudoracion-2/,,Sin equivalente,Entrada del blog (el sitio nuevo no tiene blog),text/html; charset=UTF-8,200,OK,Beneficios de la sudoración pasiva,"Los centros de termalismo tienen habitaciones acondicionadas para producir la sudoración pasiva, termas 50ºC 70% HR. turcos 45ºC 99% HR, saunas 90ºC 10% HR. Existen otro tipo de locales con otros nombres pero con condiciones similares a las enunciadas",CALDERAS ELÉCTRICAS INDUSTRIALES,HOT YOGA Y BIKRAM,Entradas recomendadas,,https://ete.es/beneficios-de-la-sudoracion-2/
https://ete.es/tag/efecto-joule/,,Sin equivalente,Archivo de etiqueta del blog,text/html; charset=UTF-8,200,OK,efecto joule archivos - Thermic Electric Solutions,efecto joule archivos - Thermic Electric Solutions . Calderas industriales y equipos de balnearios. ¡Entra!,CALDERAS ELÉCTRICAS INDUSTRIALES,HOT YOGA Y BIKRAM,EFECTO JOULE vs RITE,,https://ete.es/tag/efecto-joule/
https://ete.es/disenar-un-spa/,,Sin equivalente,Entrada del blog (el sitio nuevo no tiene blog),text/html; charset=UTF-8,200,OK,Diseñar un Spa,Diseñar un Spa: los técnicos Europea Térmica Eléctrica primer fabricante del mundo de equipos para centros de termalismo asesoraran sobre la mejor solución.,CALDERAS ELÉCTRICAS INDUSTRIALES,HOT YOGA Y BIKRAM,Entradas recomendadas,,https://ete.es/disenar-un-spa/
https://ete.es/ventilar-piscina/,,Sin equivalente,Entrada del blog (el sitio nuevo no tiene blog),text/html; charset=UTF-8,200,OK,VENTILAR PISCINA - Thermic Electric Solutions,"Local de piscina de 20m x 10m x 4m alto el vaso tiene 16m x 7m ancho y profundidad 1,3m, la temperatura del agua a 28ºC, La instalación de ventilación para esta piscina tendrá un costo de unos 16.000€ y el consumo de energía sera de unos 0,6€ por día.",CALDERAS ELÉCTRICAS INDUSTRIALES,HOT YOGA Y BIKRAM,Entradas recomendadas,,https://ete.es/ventilar-piscina/
https://ete.es/calefaccion-confort-y-economia/,,Sin equivalente,Entrada del blog (el sitio nuevo no tiene blog),text/html; charset=UTF-8,200,OK,Calefacción,Las calderas eléctricas ETE para calefacción combinan varios elementos que permiten ahorros del 50% respecto a otras calderas eléctricas o de combustión.,CALDERAS ELÉCTRICAS INDUSTRIALES,HOT YOGA Y BIKRAM,Entradas recomendadas,,https://ete.es/calefaccion-confort-y-economia/
https://ete.es/tag/instalaciones-termales/,,Sin equivalente,Archivo de etiqueta del blog,text/html; charset=UTF-8,200,OK,instalaciones termales archivos - Thermic Electric Solutions,instalaciones termales archivos - Thermic Electric Solutions . Calderas industriales y equipos de balnearios. ¡Entra!,CALDERAS ELÉCTRICAS INDUSTRIALES,HOT YOGA Y BIKRAM,BENEFICIOS DE LA SUDORACIÓN,CALCULAR LA SUPERFICIE DE UN BALNEARIO,https://ete.es/tag/instalaciones-termales/
https://ete.es/tag/rendimiento-calderas-electricas/www.ete.es,,Sin equivalente,Archivo de etiqueta del blog,text/html; charset=UTF-8,301,Moved Permanently,,,,,,,
https://ete.es/tag/caldera-de-agua,,Sin equivalente,Archivo de etiqueta del blog,text/html; charset=UTF-8,301,Moved Permanently,,,,,,,
https://ete.es/tag/ventilar-piscina/,,Sin equivalente,Archivo de etiqueta del blog,text/html; charset=UTF-8,200,OK,ventilar piscina archivos - Thermic Electric Solutions,ventilar piscina archivos - Thermic Electric Solutions . Calderas industriales y equipos de balnearios. ¡Entra!,CALDERAS ELÉCTRICAS INDUSTRIALES,HOT YOGA Y BIKRAM,VENTILAR PISCINA,,https://ete.es/tag/ventilar-piscina/
https://ete.es/spa-en-las-casas-rurales/,,Sin equivalente,Entrada del blog (el sitio nuevo no tiene blog),text/html; charset=UTF-8,200,OK,Spa en las casas rurales,"Si planteamos un Spa para que puedan utilizarlo simultáneamente 4 personas, con una duración del programa de 2 horas, instalaremos una piscina de flotación de 6 x 2 x 0,5 mts, construida con ladrillos, cemento y cerámica, un local para sudoración pasiva de 2x1,8x2,3 mts 3 duchas, una de inicio, una etescocesa bitermica, y eteaceites bitermica, y 4 tumbonas termicas.",CALDERAS ELÉCTRICAS INDUSTRIALES,HOT YOGA Y BIKRAM,Entradas recomendadas,,https://ete.es/spa-en-las-casas-rurales/
https://ete.es/tag/enfriadoras-piscinas/,,Sin equivalente,Archivo de etiqueta del blog,text/html; charset=UTF-8,200,OK,enfriadoras piscinas archivos - Thermic Electric Solutions,enfriadoras piscinas archivos - Thermic Electric Solutions . Calderas industriales y equipos de balnearios. ¡Entra!,CALDERAS ELÉCTRICAS INDUSTRIALES,HOT YOGA Y BIKRAM,CONSTRUIR UN SPA,,https://ete.es/tag/enfriadoras-piscinas/
https://ete.es/tag/casa-rural/,,Sin equivalente,Archivo de etiqueta del blog,text/html; charset=UTF-8,200,OK,casa rural archivos - Thermic Electric Solutions,casa rural archivos - Thermic Electric Solutions . Calderas industriales y equipos de balnearios. ¡Entra!,CALDERAS ELÉCTRICAS INDUSTRIALES,HOT YOGA Y BIKRAM,SPA EN LAS CASAS RURALES,,https://ete.es/tag/casa-rural/
https://ete.es/tag/acumuladores-de-calor-en-masa-liquida/,,Sin equivalente,Archivo de etiqueta del blog,text/html; charset=UTF-8,200,OK,acumuladores de calor en masa líquida - Thermic Electric Solutions,"En ETE te informamos de los beneficios de la calefacción eléctrica. Los técnicos de ETE, estudiaran tu vivienda o local de negocio y te informarán según tus necesidades. ¡Solicita información sin compromiso!",CALDERAS ELÉCTRICAS INDUSTRIALES,HOT YOGA Y BIKRAM,LA CALEFACCIÓN ELÉCTRICA,,https://ete.es/tag/acumuladores-de-calor-en-masa-liquida/
https://ete.es/tag/invernadero/,,Sin equivalente,Archivo de etiqueta del blog,text/html; charset=UTF-8,200,OK,invernadero archivos - Thermic Electric Solutions,invernadero archivos - Thermic Electric Solutions . Calderas industriales y equipos de balnearios. ¡Entra!,CALDERAS ELÉCTRICAS INDUSTRIALES,HOT YOGA Y BIKRAM,CALEFACCIÓN INVERNADERO EN LA PENINSULA ARABIGA,,https://ete.es/tag/invernadero/
https://ete.es/beneficios-de-la-sudoracion/,,Sin equivalente,Entrada del blog (el sitio nuevo no tiene blog),text/html; charset=UTF-8,200,OK,Beneficios de la sudoración en instalaciones de Termalismo,"En las instalaciones de termalismo realizadas con el modo ete las cabinas de sudoración pasiva tanto en centros públicos como en casas particulares, se aplica la técnica de sudoración que utilizaban los Spa de la época romana",CALDERAS ELÉCTRICAS INDUSTRIALES,HOT YOGA Y BIKRAM,Entradas recomendadas,,https://ete.es/beneficios-de-la-sudoracion/
https://ete.es/wp-content/uploads/jornadas-tecnicas-eficiencia-energetica-extremadura.gif,,Sin equivalente,"Recurso (CSS, JS o imagen), no es una página",image/gif,200,OK,,,,,,,
https://ete.es/tag/instalacion-de-calefaccion/,,Sin equivalente,Archivo de etiqueta del blog,text/html; charset=UTF-8,200,OK,instalación de calefacción archivos - Thermic Electric Solutions,instalación de calefacción archivos - Thermic Electric Solutions . Calderas industriales y equipos de balnearios. ¡Entra!,CALDERAS ELÉCTRICAS INDUSTRIALES,HOT YOGA Y BIKRAM,CALCULO POTENCIA DE UNA CALEFACCION.,,https://ete.es/tag/instalacion-de-calefaccion/
https://ete.es/tag/produccion-agua-caliente-duchas/,,Sin equivalente,Archivo de etiqueta del blog,text/html; charset=UTF-8,200,OK,producción agua caliente duchas archivos - Thermic Electric Solutions,producción agua caliente duchas archivos - Thermic Electric Solutions . Calderas industriales y equipos de balnearios. ¡Entra!,CALDERAS ELÉCTRICAS INDUSTRIALES,HOT YOGA Y BIKRAM,CALENTAR AGUA PARA DUCHAS,,https://ete.es/tag/produccion-agua-caliente-duchas/
https://ete.es/tag/climatizador-mitermal/,,Sin equivalente,Archivo de etiqueta del blog,text/html; charset=UTF-8,200,OK,climatizador mitermal archivos - Thermic Electric Solutions,climatizador mitermal archivos - Thermic Electric Solutions . Calderas industriales y equipos de balnearios. ¡Entra!,CALDERAS ELÉCTRICAS INDUSTRIALES,HOT YOGA Y BIKRAM,COMO HACER UN SPA EN TU CASA,,https://ete.es/tag/climatizador-mitermal/
https://ete.es/category/balnearios/page/4/,,Sin equivalente,Archivo de categoría del blog,text/html; charset=UTF-8,200,OK,Balnearios - Página 4 de 11 - Thermic Electric Solutions,En ETE te proporcionamos toda la información necesaria sobre los valores en consumo y equipos. Las nuevas tecnologías bajan los consumos de las facturas de energía. ¡Contáctanos! - Página 4 de 11,CALDERAS ELÉCTRICAS INDUSTRIALES,HOT YOGA Y BIKRAM,ENFRIAR AGUA EN EL SPA-BALNEARIO,EFECTOS DEL FRIO EN LOS DEPORTISTAS,https://ete.es/category/balnearios/page/4/
https://ete.es/tag/equipos-agua-caliente-sanitaria/,,Sin equivalente,Archivo de etiqueta del blog,text/html; charset=UTF-8,200,OK,equipos agua caliente sanitaria archivos - Thermic Electric Solutions,equipos agua caliente sanitaria archivos - Thermic Electric Solutions . Calderas industriales y equipos de balnearios. ¡Entra!,CALDERAS ELÉCTRICAS INDUSTRIALES,HOT YOGA Y BIKRAM,CALENTAR AGUA PARA DUCHAS,,https://ete.es/tag/equipos-agua-caliente-sanitaria/
https://ete.es/calidad-calderas/,,Sin equivalente,Entrada del blog (el sitio nuevo no tiene blog),text/html; charset=UTF-8,200,OK,CALIDAD CALDERAS,"Calderas Calderas.- la calidad de las calderas para la industria o confort dependerá de su tecnología, las calderas Ete de alta eficiencia ofrecen hasta 10 años de garantía",CALDERAS ELÉCTRICAS INDUSTRIALES,HOT YOGA Y BIKRAM,Entradas recomendadas,,https://ete.es/calidad-calderas/
https://ete.es/mini-spa-balneario/,,Sin equivalente,Entrada del blog (el sitio nuevo no tiene blog),text/html; charset=UTF-8,200,OK,Mini Spa Balneario,"¿Que entendemos por mini Spa-balneario?, una instalación de termalismo con servicios terapéuticos para unas 6 personas simultáneamente.",CALDERAS ELÉCTRICAS INDUSTRIALES,HOT YOGA Y BIKRAM,Entradas recomendadas,,https://ete.es/mini-spa-balneario/
https://ete.es/tag/centro-terapeutico/,,Sin equivalente,Archivo de etiqueta del blog,text/html; charset=UTF-8,200,OK,centro terapeutico archivos - Thermic Electric Solutions,centro terapeutico archivos - Thermic Electric Solutions . Calderas industriales y equipos de balnearios. ¡Entra!,CALDERAS ELÉCTRICAS INDUSTRIALES,HOT YOGA Y BIKRAM,SPA Y BALNEARIO LUDICO,,https://ete.es/tag/centro-terapeutico/
https://ete.es/donde-ubicar-un-spa/,,Sin equivalente,Entrada del blog (el sitio nuevo no tiene blog),text/html; charset=UTF-8,200,OK,DONDE UBICAR UN SPA,Europea Térmica Eléctrica fabrica equipos para Spa desde 1977 y sus técnicos han colaborado en más de 300 instalaciones de Spa por todo el mundo. Sin duda para diseñar y construir un Spa de éxito económico es necesario el asesoramiento de expertos con experiencia en Spa terapéuticos,CALDERAS ELÉCTRICAS INDUSTRIALES,HOT YOGA Y BIKRAM,Entradas recomendadas,,https://ete.es/donde-ubicar-un-spa/
https://ete.es/agua-caliente-para-duchas-en-hoteles/,,Sin equivalente,Entrada del blog (el sitio nuevo no tiene blog),text/html; charset=UTF-8,200,OK,Agua caliente para duchas en hoteles,"Agua caliente para duchas, el sistema de alta tecnología que propone Ete producirá un gasto por cliente de 8 céntimos de euro por día.",CALDERAS ELÉCTRICAS INDUSTRIALES,HOT YOGA Y BIKRAM,Entradas recomendadas,,https://ete.es/agua-caliente-para-duchas-en-hoteles/
https://ete.es/ahorrar-en-calefaccion/,,Sin equivalente,Entrada del blog (el sitio nuevo no tiene blog),text/html; charset=UTF-8,200,OK,ahorrar en calefaccion,"Ahorrar en calefacción, si tu vivienda es de 100m2 temperaturas exteriores mínimas de -3ºC recomendamos instalar caldera eléctrica Ete de 7,5KW.",CALDERAS ELÉCTRICAS INDUSTRIALES,HOT YOGA Y BIKRAM,Entradas recomendadas,,https://ete.es/ahorrar-en-calefaccion/
https://ete.es/category/calderas-electricas/page/15/,,Sin equivalente,Archivo de categoría del blog,text/html; charset=UTF-8,200,OK,Calderas Eléctricas para producir calor - Página 15 de 17 - Thermic Electric Solutions,"En ETE te informamos y recomendamos como utilizar la electricidad para producir calor. Somos especialistas en el sector, con muchos años de experiencia. ¡Contáctanos ahora! - Página 15 de 17",CALDERAS ELÉCTRICAS INDUSTRIALES,HOT YOGA Y BIKRAM,CALEFACCIÓN GRANJA PORCINO,CALEFACCIÓN INVERNADERO EN LA PENINSULA ARABIGA,https://ete.es/category/calderas-electricas/page/15/
https://ete.es/instalaciones-spa-imprescindibles/,,Sin equivalente,Entrada del blog (el sitio nuevo no tiene blog),text/html; charset=UTF-8,200,OK,INSTALACIONES SPA IMPRESCINDIBLES,"El diseño de un centro de termalismo, spa, balneario, Thalasso, Wellness, balneario urbano, determinara la rentabilidad del negocio. Acertar en el diseño es garantía de beneficios y lo contrario perdidas. Las instalaciones que configuran un centro de termalismo modo ETE cubren las necesidades terapéuticas de relajación, hidromasaje, sudoración pasiva y tonificación.",CALDERAS ELÉCTRICAS INDUSTRIALES,HOT YOGA Y BIKRAM,Entradas recomendadas,,https://ete.es/instalaciones-spa-imprescindibles/
https://ete.es/como-mejorar-la-eficiencia-energetica-antes-del-2020/,,Sin equivalente,Entrada del blog (el sitio nuevo no tiene blog),text/html; charset=UTF-8,200,OK,COMO MEJORAR LA EFICIENCIA ENERGETICA ANTES DEL 2020,"La directiva publicada el 14.11.2012 por el Parlamento Europeo, introduce medidas obligatorias de ahorro de energía. Se trata de ahorrar un 20% antes del 2020. Desde los años 80 Europea Térmica Eléctrica trabaja en el diseño y construcción de equipos para producir calor para instalaciones de calefacción con ahorros superiores al 50% respecto a las energías combustibles.",CALDERAS ELÉCTRICAS INDUSTRIALES,HOT YOGA Y BIKRAM,Entradas recomendadas,,https://ete.es/como-mejorar-la-eficiencia-energetica-antes-del-2020/
https://ete.es/author/admin/page/17/,,Sin equivalente,Archivo de autor del blog,text/html; charset=UTF-8,200,OK,"admin, autor en Thermic Electric Solutions - Página 17 de 19","admin, autor en Thermic Electric Solutions - Página 17 de 19",CALDERAS ELÉCTRICAS INDUSTRIALES,HOT YOGA Y BIKRAM,CALCULAR LA SUPERFICIE DE UN BALNEARIO,RENTABILIDAD DE UN SPA.,https://ete.es/author/admin/page/17/
https://ete.es/personal-para-spa-balneario/,,Sin equivalente,Entrada del blog (el sitio nuevo no tiene blog),text/html; charset=UTF-8,200,OK,PERSONAL PARA SPA-BALNEARIO,"Utilizo el titulo Spa-Balneario para identificar una instalación de termalismo con un circuito de piscinas, salas de sudoración pasiva y duchas con choques de agua calor-frio construido según el modo ETE. Este tipo de centro de termalismo tiene como fin mejorar la salud de las personas mediante los choques de calor y frio en las piscinas, duchas, y salas de sudoración pasiva",CALDERAS ELÉCTRICAS INDUSTRIALES,HOT YOGA Y BIKRAM,Entradas recomendadas,,https://ete.es/personal-para-spa-balneario/
https://ete.es/el-negocio-de-las-instalaciones-de-calor/,,Sin equivalente,Entrada del blog (el sitio nuevo no tiene blog),text/html; charset=UTF-8,200,OK,EL NEGOCIO DE LAS INSTALACIONES DE CALOR,"Podemos generar movimiento económico igual que hicimos en los años 60-70 con la transformación de miles de instalaciones de carbón y fuel a gasóleo y gas, se crearon miles de ingenierías, instaladoras, puestos de trabajo, se redujeron los costos energéticos y la contaminación ambiental.",CALDERAS ELÉCTRICAS INDUSTRIALES,HOT YOGA Y BIKRAM,Entradas recomendadas,,https://ete.es/el-negocio-de-las-instalaciones-de-calor/
https://ete.es/category/balnearios/page/3/?utm_source=chatgpt.com,,Sin equivalente,Archivo de categoría del blog,text/html; charset=UTF-8,200,OK,Balnearios - Página 3 de 11 - Thermic Electric Solutions,En ETE te proporcionamos toda la información necesaria sobre los valores en consumo y equipos. Las nuevas tecnologías bajan los consumos de las facturas de energía. ¡Contáctanos! - Página 3 de 11,CALDERAS ELÉCTRICAS INDUSTRIALES,HOT YOGA Y BIKRAM,COMO SE GESTIONA UN BALNEARIO SPA,COMO SE CONSTRUYE UN BALNEARIO SPA,https://ete.es/category/balnearios/page/3/
https://ete.es/tag/gestion/,,Sin equivalente,Archivo de etiqueta del blog,text/html; charset=UTF-8,200,OK,gestión archivos - Thermic Electric Solutions,gestión archivos - Thermic Electric Solutions . Calderas industriales y equipos de balnearios. ¡Entra!,CALDERAS ELÉCTRICAS INDUSTRIALES,HOT YOGA Y BIKRAM,CONSTRUIR UN THALASSO,BENEFICIOS DE TERMALISMO-ECONOMICOS,https://ete.es/tag/gestion/
https://ete.es/tag/asesoramiento-diseno-spa/,,Sin equivalente,Archivo de etiqueta del blog,text/html; charset=UTF-8,200,OK,asesoramiento diseño spa archivos - Thermic Electric Solutions,asesoramiento diseño spa archivos - Thermic Electric Solutions . Calderas industriales y equipos de balnearios. ¡Entra!,CALDERAS ELÉCTRICAS INDUSTRIALES,HOT YOGA Y BIKRAM,DISEÑAR UN SPA.,,https://ete.es/tag/asesoramiento-diseno-spa/
https://ete.es/tag/ahorro-bombas-de-calor/,,Sin equivalente,Archivo de etiqueta del blog,text/html; charset=UTF-8,200,OK,ahorro bombas de calor archivos - Thermic Electric Solutions,ahorro bombas de calor archivos - Thermic Electric Solutions . Calderas industriales y equipos de balnearios. ¡Entra!,CALDERAS ELÉCTRICAS INDUSTRIALES,HOT YOGA Y BIKRAM,BOMBA DE CALOR BAJO RENDIMIENTO,,https://ete.es/tag/ahorro-bombas-de-calor/
https://ete.es/wp-content/uploads/éxito.jpg,,Sin equivalente,"Recurso (CSS, JS o imagen), no es una página",image/jpeg,200,OK,,,,,,,
https://ete.es/como-reducir-las-emisiones-de-co2-en-la-industria/,,Sin equivalente,Entrada del blog (el sitio nuevo no tiene blog),text/html; charset=UTF-8,200,OK,Como reducir emisiones CO2 en la industria,"Las empresas tienen que cambiar las viejas calderas de combustión para reducir emisiones de CO2, abaratar costos de producción y eliminar paradas de producción por averías.",CALDERAS ELÉCTRICAS INDUSTRIALES,HOT YOGA Y BIKRAM,Entradas recomendadas,,https://ete.es/como-reducir-las-emisiones-de-co2-en-la-industria/
https://ete.es/tag/potencia-electrica/,,Sin equivalente,Archivo de etiqueta del blog,text/html; charset=UTF-8,200,OK,potencia eléctrica archivos - Thermic Electric Solutions,potencia eléctrica archivos - Thermic Electric Solutions . Calderas industriales y equipos de balnearios. ¡Entra!,CALDERAS ELÉCTRICAS INDUSTRIALES,HOT YOGA Y BIKRAM,CALCULO POTENCIA DE UNA CALEFACCION.,,https://ete.es/tag/potencia-electrica/
https://ete.es/beneficios-terapeuticos-del-termalismo/,,Sin equivalente,Entrada del blog (el sitio nuevo no tiene blog),text/html; charset=UTF-8,200,OK,Beneficios terapeuticos del termalismo,"Los centros de termalismo, Spa, Balnearios, Wellness, Thalaso,Balnearios Urbanos, son instalaciones que tienen como fin mejorar la vitalidad de las personas.",CALDERAS ELÉCTRICAS INDUSTRIALES,HOT YOGA Y BIKRAM,Entradas recomendadas,,https://ete.es/beneficios-terapeuticos-del-termalismo/
https://ete.es/tag/balnearios-urbanos/,,Sin equivalente,Archivo de etiqueta del blog,text/html; charset=UTF-8,200,OK,balnearios urbanos archivos - Thermic Electric Solutions,balnearios urbanos archivos - Thermic Electric Solutions . Calderas industriales y equipos de balnearios. ¡Entra!,CALDERAS ELÉCTRICAS INDUSTRIALES,HOT YOGA Y BIKRAM,BENEFICIOS TERAPEUTICOS DEL TERMALISMO,,https://ete.es/tag/balnearios-urbanos/
https://ete.es/tag/aceites-esenciales/,,Sin equivalente,Archivo de etiqueta del blog,text/html; charset=UTF-8,200,OK,aceites esenciales - Thermic Electric Solutions,"Las instalaciones que configuran un centro de termalismo modo ETE cubren las necesidades terapéuticas de relajación, hidromasaje, sudoración pasiva y tonificación. ¡Solicita más información!",CALDERAS ELÉCTRICAS INDUSTRIALES,HOT YOGA Y BIKRAM,INSTALACIONES SPA IMPRESCINDIBLES,,https://ete.es/tag/aceites-esenciales/
https://www.ete.es/ete-balnearios/es/duchas-bitermicas/ducha-desinfeccion,https://cliente.morganmedia.es/ete/productos/producto-ducha-desinfeccion/,Exacta,URL antigua con redirección 301,text/html; charset=UTF-8,301,Moved Permanently,,,,,,,
https://ete.es/tag/consumo-de-calefaccion/,,Sin equivalente,Archivo de etiqueta del blog,text/html; charset=UTF-8,200,OK,consumo de calefacción archivos - Thermic Electric Solutions,consumo de calefacción archivos - Thermic Electric Solutions . Calderas industriales y equipos de balnearios. ¡Entra!,CALDERAS ELÉCTRICAS INDUSTRIALES,HOT YOGA Y BIKRAM,CALEFACCIÓN: MEJORAR LA EFICIENCIA,,https://ete.es/tag/consumo-de-calefaccion/
https://ete.es/tag/hidromasaje/,,Sin equivalente,Archivo de etiqueta del blog,text/html; charset=UTF-8,200,OK,hidromasaje archivos - Thermic Electric Solutions,hidromasaje archivos - Thermic Electric Solutions . Calderas industriales y equipos de balnearios. ¡Entra!,CALDERAS ELÉCTRICAS INDUSTRIALES,HOT YOGA Y BIKRAM,INSTALACIONES SPA IMPRESCINDIBLES,,https://ete.es/tag/hidromasaje/
https://ete.es/tag/paneles-solares/,,Sin equivalente,Archivo de etiqueta del blog,text/html; charset=UTF-8,200,OK,PANELES SOLARES archivos - Thermic Electric Solutions,PANELES SOLARES archivos - Thermic Electric Solutions . Calderas industriales y equipos de balnearios. ¡Entra!,CALDERAS ELÉCTRICAS INDUSTRIALES,HOT YOGA Y BIKRAM,EFECTO JOULE PARA CALEFACCION EN PISCINAS,,https://ete.es/tag/paneles-solares/
https://ete.es/wp-content/uploads/cuarto-del-bebe-con-calor.jpg,,Sin equivalente,"Recurso (CSS, JS o imagen), no es una página",image/jpeg,200,OK,,,,,,,
https://ete.es/tag/bomba-de-calor/,,Sin equivalente,Archivo de etiqueta del blog,text/html; charset=UTF-8,200,OK,bomba de calor archivos - Thermic Electric Solutions,bomba de calor archivos - Thermic Electric Solutions . Calderas industriales y equipos de balnearios. ¡Entra!,CALDERAS ELÉCTRICAS INDUSTRIALES,HOT YOGA Y BIKRAM,JOULE VERSUS BOMBA DE CALOR,BOMBA DE CALOR BAJO RENDIMIENTO,https://ete.es/tag/bomba-de-calor/
https://ete.es/calculo-de-potencia-termica-en-calefaccion/,,Sin equivalente,Entrada del blog (el sitio nuevo no tiene blog),text/html; charset=UTF-8,200,OK,CALCULO DE POTENCIA TERMICA EN CALEFACCIÓN,"Las instalaciones de calefacción de viviendas, industrias, oficinas, colegios, iglesias, granjas, invernaderos, etc. tienen que revisar los cálculos de potencia térmica si se utilizan calderas eléctricas ETE. Es habitual que una vivienda de 100 m2 situada en una zona climática con temperaturas exteriores de -3ºC tenga una potencia de 30 kw tanto si es eléctrica o de combustión.",CALDERAS ELÉCTRICAS INDUSTRIALES,HOT YOGA Y BIKRAM,Entradas recomendadas,,https://ete.es/calculo-de-potencia-termica-en-calefaccion/
https://ete.es/category/calderas-electricas/page/5/,,Sin equivalente,Archivo de categoría del blog,text/html; charset=UTF-8,200,OK,Calderas Eléctricas para producir calor - Página 5 de 17 - Thermic Electric Solutions,"En ETE te informamos y recomendamos como utilizar la electricidad para producir calor. Somos especialistas en el sector, con muchos años de experiencia. ¡Contáctanos ahora! - Página 5 de 17",CALDERAS ELÉCTRICAS INDUSTRIALES,HOT YOGA Y BIKRAM,La seguridad en las calderas,Producir calor con tecnología 10,https://ete.es/category/calderas-electricas/page/5/
https://ete.es/la-energia-ideal-para-un-spa/,,Sin equivalente,Entrada del blog (el sitio nuevo no tiene blog),text/html; charset=UTF-8,200,OK,LA ENERGÍA IDEAL PARA UN SPA,"Las energías combustibles para producir calor son una tecnológica de los años 70 cuando la electricidad era cara y las energías combustibles eran baratas. Si analiza en internet los costos de las energías en 1990 y lo compara con los costos en 2013 vera que la electricidad ha bajado en ese periodo un 40% en tanto que las energías combustibles, gas y gasóleo han subido un 600%. En Europea Térmica Eléctrica, recomendamos calentar las piscina y el agua de las duchas con equipos eléctricos, para ahorrar energía.",CALDERAS ELÉCTRICAS INDUSTRIALES,HOT YOGA Y BIKRAM,Entradas recomendadas,,https://ete.es/la-energia-ideal-para-un-spa/
https://ete.es/tag/equipos-spa/,,Sin equivalente,Archivo de etiqueta del blog,text/html; charset=UTF-8,200,OK,EQUIPOS SPA archivos - Thermic Electric Solutions,EQUIPOS SPA archivos - Thermic Electric Solutions . Calderas industriales y equipos de balnearios. ¡Entra!,CALDERAS ELÉCTRICAS INDUSTRIALES,HOT YOGA Y BIKRAM,CALCULAR LA SUPERFICIE DE UN BALNEARIO,,https://ete.es/tag/equipos-spa/
https://www.ete.es/ete/balnearios,https://cliente.morganmedia.es/ete/divisiones/division-spa-balnearios/,Exacta,URL antigua con redirección 301,text/html; charset=UTF-8,301,Moved Permanently,,,,,,,
https://ete.es/tag/proceso-industrial/,,Sin equivalente,Archivo de etiqueta del blog,text/html; charset=UTF-8,200,OK,proceso industrial archivos - Thermic Electric Solutions,proceso industrial archivos - Thermic Electric Solutions . Calderas industriales y equipos de balnearios. ¡Entra!,CALDERAS ELÉCTRICAS INDUSTRIALES,HOT YOGA Y BIKRAM,CALIDAD CALDERAS,,https://ete.es/tag/proceso-industrial/
https://ete.es/construir-un-spa/,,Sin equivalente,Entrada del blog (el sitio nuevo no tiene blog),text/html; charset=UTF-8,200,OK,CONSTRUIR UN SPA - Thermic Electric Solutions,"Europea Térmica Eléctrica fabrica equipos para Terma, Baños Turcos, duchas bitermicas, calentadores piscinas, calentadores duchas,enfriadoras duchas y piscina.",CALDERAS ELÉCTRICAS INDUSTRIALES,HOT YOGA Y BIKRAM,Entradas recomendadas,,https://ete.es/construir-un-spa/
https://ete.es/spa-piscina-de-agua-fria-4oc/,,Sin equivalente,Entrada del blog (el sitio nuevo no tiene blog),text/html; charset=UTF-8,200,OK,SPA PISCINA DE AGUA FRIA 4ºC,"La piscina de agua fría 4ºC en un Spa-Balneario es imprescindible para conseguir los beneficios que produce en el cuerpo humano el termalismo. Cuando no es posible instalar una piscina a 4ºC por cuestiones de espacio o económicas, debe instalarse una ducha de agua pulverizada a 4ºC",CALDERAS ELÉCTRICAS INDUSTRIALES,HOT YOGA Y BIKRAM,Entradas recomendadas,,https://ete.es/spa-piscina-de-agua-fria-4oc/
https://ete.es/tag/instalaciones-industriales/,,Sin equivalente,Archivo de etiqueta del blog,text/html; charset=UTF-8,200,OK,instalaciones industriales archivos - Thermic Electric Solutions,instalaciones industriales archivos - Thermic Electric Solutions . Calderas industriales y equipos de balnearios. ¡Entra!,CALDERAS ELÉCTRICAS INDUSTRIALES,HOT YOGA Y BIKRAM,REMODELACIÓN CALEFACCIÓN EN NAVE INDUSTRIAL,,https://ete.es/tag/instalaciones-industriales/
https://ete.es/la-calefaccion-electrica/,,Sin equivalente,Entrada del blog (el sitio nuevo no tiene blog),text/html; charset=UTF-8,200,OK,LA CALEFACCIÓN ELÉCTRICA - Thermic Electric Solutions,"Una instalación de calefacción para una superficie de 500m2 con techos de 3m Instalaras un equipo ete con 30kw que consumirá exclusivamente kwh valle de 0,09€ y tendrá un consumo en los días mas fríos de unos 30€.",CALDERAS ELÉCTRICAS INDUSTRIALES,HOT YOGA Y BIKRAM,Entradas recomendadas,,https://ete.es/la-calefaccion-electrica/
https://ete.es/calefaccion-mejorar-la-eficiencia/,,Sin equivalente,Entrada del blog (el sitio nuevo no tiene blog),text/html; charset=UTF-8,200,OK,CALEFACCIÓN: MEJORAR LA EFICIENCIA,"El consumo de calefacción es una de las partidas más pesadas durante los meses de invierno. Una vivienda de 100 m2 en una zona que tenga temperaturas exteriores mínimas de -3ºC y que tiene un programa de calefacción de 6 horas al día (de 7 a8 por la mañana y de 18 a 23 por la tarde) con una temperatura ambiente de 22ºC no debería pagar en los meses mas fríos, diciembre y enero más de 160€ mes.",CALDERAS ELÉCTRICAS INDUSTRIALES,HOT YOGA Y BIKRAM,Entradas recomendadas,,https://ete.es/calefaccion-mejorar-la-eficiencia/
https://ete.es/author/admin/page/5/,,Sin equivalente,Archivo de autor del blog,text/html; charset=UTF-8,200,OK,"admin, autor en Thermic Electric Solutions - Página 5 de 19","admin, autor en Thermic Electric Solutions - Página 5 de 19",CALDERAS ELÉCTRICAS INDUSTRIALES,HOT YOGA Y BIKRAM,EFICIENCIA DE LAS CALDERAS INDUSTRIALES,RENDIMIENTO DE LAS CALDERAS INDUSTRIALES,https://ete.es/author/admin/page/5/
https://ete.es/tag/construir-spa/,,Sin equivalente,Archivo de etiqueta del blog,text/html; charset=UTF-8,200,OK,construir spa archivos - Thermic Electric Solutions,construir spa archivos - Thermic Electric Solutions . Calderas industriales y equipos de balnearios. ¡Entra!,CALDERAS ELÉCTRICAS INDUSTRIALES,HOT YOGA Y BIKRAM,AHORRAR EN BALNEARIOS,,https://ete.es/tag/construir-spa/
https://ete.es/tag/calentar-el-agua-de-las-duchas/,,Sin equivalente,Archivo de etiqueta del blog,text/html; charset=UTF-8,200,OK,calentar el agua de las duchas archivos - Thermic Electric Solutions,calentar el agua de las duchas archivos - Thermic Electric Solutions . Calderas industriales y equipos de balnearios. ¡Entra!,CALDERAS ELÉCTRICAS INDUSTRIALES,HOT YOGA Y BIKRAM,"AHORRAR ENERGIA, SPA-BALNEARIO",,https://ete.es/tag/calentar-el-agua-de-las-duchas/
https://ete.es/beneficios-de-termalismo-economicos/,,Sin equivalente,Entrada del blog (el sitio nuevo no tiene blog),text/html; charset=UTF-8,200,OK,Beneficios del Termalismo - Económicos,"Los cerca de 300 construidos con el Modo ETE estan funcionando y generando beneficios, algunos funcionan desde los años 80. Para que un centro de termalismo sea rentable deben considerarse los siguientes factores: diseño, construcción, inversión, gestión.",CALDERAS ELÉCTRICAS INDUSTRIALES,HOT YOGA Y BIKRAM,Entradas recomendadas,,https://ete.es/beneficios-de-termalismo-economicos/
https://ete.es/wp-content/uploads/untitled1.bmp,,Sin equivalente,"Recurso (CSS, JS o imagen), no es una página",image/bmp,200,OK,,,,,,,
https://ete.es/calculo-consumo-de-agua-duchas-en-gimnasio/,,Sin equivalente,Entrada del blog (el sitio nuevo no tiene blog),text/html; charset=UTF-8,200,OK,CALCULO CONSUMO AGUA DUCHAS GIMNASIO,"CALCULO CONSUMO AGUA DUCHAS GIMNASIO: con la instalación del equipo de alta eficiencia by Ete junto con las duchas temporizadas de bajo consumo,",CALDERAS ELÉCTRICAS INDUSTRIALES,HOT YOGA Y BIKRAM,Entradas recomendadas,,https://ete.es/calculo-consumo-de-agua-duchas-en-gimnasio/
https://ete.es/wp-content/uploads/20070417klpcnatun_229_Ies_SCO.jpg,,Sin equivalente,"Recurso (CSS, JS o imagen), no es una página",image/jpeg,200,OK,,,,,,,
https://ete.es/author/admin/page/6/,,Sin equivalente,Archivo de autor del blog,text/html; charset=UTF-8,200,OK,"admin, autor en Thermic Electric Solutions - Página 6 de 19","admin, autor en Thermic Electric Solutions - Página 6 de 19",CALDERAS ELÉCTRICAS INDUSTRIALES,HOT YOGA Y BIKRAM,CALENTADOR ELÉCTRICO PARA PISCINA,CALEFACCIÓN FACTORES DE CONFORT,https://ete.es/author/admin/page/6/
https://ete.es/category/calderas-electricas/page/6/,,Sin equivalente,Archivo de categoría del blog,text/html; charset=UTF-8,200,OK,Calderas Eléctricas para producir calor - Página 6 de 17 - Thermic Electric Solutions,"En ETE te informamos y recomendamos como utilizar la electricidad para producir calor. Somos especialistas en el sector, con muchos años de experiencia. ¡Contáctanos ahora! - Página 6 de 17",CALDERAS ELÉCTRICAS INDUSTRIALES,HOT YOGA Y BIKRAM,PRODUCCIÓN AGUA SOBRECALENTA CALDERAS ELECTRICAS,Calentador de agua para peluquerías,https://ete.es/category/calderas-electricas/page/6/
https://ete.es/wp-content/uploads/Benefíciate-de-las-soluciones-y-sistemas-ete-rec2.jpg,,Sin equivalente,"Recurso (CSS, JS o imagen), no es una página",image/jpeg,200,OK,,,,,,,
https://ete.es/tag/calderas-electricas-calefaccion/,,Sin equivalente,Archivo de etiqueta del blog,text/html; charset=UTF-8,200,OK,calderas electricas calefacción archivos - Thermic Electric Solutions,calderas electricas calefacción archivos - Thermic Electric Solutions . Calderas industriales y equipos de balnearios. ¡Entra!,CALDERAS ELÉCTRICAS INDUSTRIALES,HOT YOGA Y BIKRAM,CALEFACCIÓN CONFORT Y ECONOMIA,,https://ete.es/tag/calderas-electricas-calefaccion/
https://ete.es/tag/calentar-agua-para-duchas/,,Sin equivalente,Archivo de etiqueta del blog,text/html; charset=UTF-8,200,OK,calentar agua para duchas archivos - Thermic Electric Solutions,calentar agua para duchas archivos - Thermic Electric Solutions . Calderas industriales y equipos de balnearios. ¡Entra!,CALDERAS ELÉCTRICAS INDUSTRIALES,HOT YOGA Y BIKRAM,JOULE VERSUS BOMBA DE CALOR,,https://ete.es/tag/calentar-agua-para-duchas/
https://www.ete.es/ete-calderas/es/calderas-para-la-industria/equipos-de-agua-caliente-sanitaria-para-hoteles,https://cliente.morganmedia.es/ete/productos/producto-acs-hoteles/,Exacta,URL antigua con redirección 301,text/html; charset=UTF-8,301,Moved Permanently,,,,,,,
https://ete.es/calcular-potencia-termica-en-piscinas/,,Sin equivalente,Entrada del blog (el sitio nuevo no tiene blog),text/html; charset=UTF-8,200,OK,CALCULAR POTENCIA TERMICA EN PISCINAS,"El cálculo de la potencia necesaria para calentar el agua de las piscinas debe afinarse para evitar costos exagerados en la instalación y el el gasto de energía. La tabla que sigue la utilizo para calcular la potencia necesaria para calentar el agua de las piscinas desde hace unos 20 años, hay cientos de piscinas que se calientan con los equipos ete",CALDERAS ELÉCTRICAS INDUSTRIALES,HOT YOGA Y BIKRAM,Entradas recomendadas,,https://ete.es/calcular-potencia-termica-en-piscinas/
https://ete.es/tag/produccion-de-calor-por-efecto-joule/,,Sin equivalente,Archivo de etiqueta del blog,text/html; charset=UTF-8,200,OK,producción de calor por efecto Joule archivos - Thermic Electric Solutions,producción de calor por efecto Joule archivos - Thermic Electric Solutions . Calderas industriales y equipos de balnearios. ¡Entra!,CALDERAS ELÉCTRICAS INDUSTRIALES,HOT YOGA Y BIKRAM,JOULE VERSUS BOMBA DE CALOR,,https://ete.es/tag/produccion-de-calor-por-efecto-joule/
https://ete.es/el-spa-en-el-gimnasio/,,Sin equivalente,Entrada del blog (el sitio nuevo no tiene blog),text/html; charset=UTF-8,200,OK,El spa en el gimnasio,"Las instalaciones deportivas, gimnasios, clubs deportivos, polideportivos, campos de golf, campos de futbol, instalaciones de atletismo, son lugares que deben tener un centro de termalismo",CALDERAS ELÉCTRICAS INDUSTRIALES,HOT YOGA Y BIKRAM,Entradas recomendadas,,https://ete.es/el-spa-en-el-gimnasio/
https://ete.es/tag/centros-de-termalismo-spa-balneario/,,Sin equivalente,Archivo de etiqueta del blog,text/html; charset=UTF-8,200,OK,centros de termalismo spa-balneario archivos - Thermic Electric Solutions,centros de termalismo spa-balneario archivos - Thermic Electric Solutions . Calderas industriales y equipos de balnearios. ¡Entra!,CALDERAS ELÉCTRICAS INDUSTRIALES,HOT YOGA Y BIKRAM,"AHORRAR ENERGIA, SPA-BALNEARIO",,https://ete.es/tag/centros-de-termalismo-spa-balneario/
https://ete.es/category/balnearios/page/5/,,Sin equivalente,Archivo de categoría del blog,text/html; charset=UTF-8,200,OK,Balnearios - Página 5 de 11 - Thermic Electric Solutions,En ETE te proporcionamos toda la información necesaria sobre los valores en consumo y equipos. Las nuevas tecnologías bajan los consumos de las facturas de energía. ¡Contáctanos! - Página 5 de 11,CALDERAS ELÉCTRICAS INDUSTRIALES,HOT YOGA Y BIKRAM,PROYECCIÓN DEL SPA-BALNEARIO EN EL MUNDO,MARKETING EN LOS SPA-BALNEARIOS,https://ete.es/category/balnearios/page/5/
https://ete.es/porque-pierde-dinero-un-spa/,,Sin equivalente,Entrada del blog (el sitio nuevo no tiene blog),text/html; charset=UTF-8,200,OK,Porque pierde dinero un spa,"Un spa de 300 m2 tiene unos gastos máximos de 29.000€ al mes. Los ingresos con una ocupación del 30% y una cuota de 20 € cada servicio de 2 horas en el circuito termal, mas el 50% de los ingresos en cabinas de tratamientos de estética y fisioterapia, dará una facturación mensual de 54.000€.",CALDERAS ELÉCTRICAS INDUSTRIALES,HOT YOGA Y BIKRAM,Entradas recomendadas,,https://ete.es/porque-pierde-dinero-un-spa/
https://ete.es/spa-o-balneario-urbano/,,Sin equivalente,Entrada del blog (el sitio nuevo no tiene blog),text/html; charset=UTF-8,200,OK,Spa o Balneario Urbano,"La palabra Spa se utilizaba hace 2000 años en Europa para definir las instalaciones de termalismo y hace unos 1000 años se comenzó a utilizar para definir el mismo tipo de instalación la palabra Balneario, que procedía de la palabra baño",CALDERAS ELÉCTRICAS INDUSTRIALES,HOT YOGA Y BIKRAM,Entradas recomendadas,,https://ete.es/spa-o-balneario-urbano/
https://ete.es/tag/enfriamiento-del-agua-de-las-duchas/,,Sin equivalente,Archivo de etiqueta del blog,text/html; charset=UTF-8,200,OK,enfriamiento del agua de las duchas archivos - Thermic Electric Solutions,enfriamiento del agua de las duchas archivos - Thermic Electric Solutions . Calderas industriales y equipos de balnearios. ¡Entra!,CALDERAS ELÉCTRICAS INDUSTRIALES,HOT YOGA Y BIKRAM,"AHORRAR ENERGIA, SPA-BALNEARIO",,https://ete.es/tag/enfriamiento-del-agua-de-las-duchas/
https://ete.es/tag/agua-caliente-en-hoteles/,,Sin equivalente,Archivo de etiqueta del blog,text/html; charset=UTF-8,200,OK,agua caliente en hoteles - Thermic Electric Solutions,En ETE te informamos sobre el consumo de agua caliente en hoteles para tener un buen servicio y conseguir un bajo consumo de agua y energía. ¡Solicítanos información sin compromiso!,CALDERAS ELÉCTRICAS INDUSTRIALES,HOT YOGA Y BIKRAM,CALCULAR CONSUMO AGUA CALIENTE EN HOTELES,,https://ete.es/tag/agua-caliente-en-hoteles/
https://ete.es/beneficio-del-termalismo-sobre-el-cuerpo-humano/,,Sin equivalente,Entrada del blog (el sitio nuevo no tiene blog),text/html; charset=UTF-8,200,OK,BENEFICIO DEL TERMALISMO SOBRE EL CUERPO HUMANO,"El modo ete tiene varias funciones, crear un servicio asequible a la mayoría de las economías, pues el costo por un servicio de 2 horas es entre 20 y 40 €. Beneficiar a todas las estructuras del cuerpo humano, esqueleto, sistema circulatorio sanguíneo, sistema linfático, sistema nervioso, órganos del sistema metabólico, músculos, filtros, órgano reproductor",CALDERAS ELÉCTRICAS INDUSTRIALES,HOT YOGA Y BIKRAM,Entradas recomendadas,,https://ete.es/beneficio-del-termalismo-sobre-el-cuerpo-humano/
https://ete.es/category/calderas-electricas/page/14/,,Sin equivalente,Archivo de categoría del blog,text/html; charset=UTF-8,200,OK,Calderas Eléctricas para producir calor - Página 14 de 17 - Thermic Electric Solutions,"En ETE te informamos y recomendamos como utilizar la electricidad para producir calor. Somos especialistas en el sector, con muchos años de experiencia. ¡Contáctanos ahora! - Página 14 de 17",CALDERAS ELÉCTRICAS INDUSTRIALES,HOT YOGA Y BIKRAM,VENTILAR PISCINA,CALCULO DE POTENCIA TERMICA EN CALEFACCIÓN,https://ete.es/category/calderas-electricas/page/14/
https://ete.es/el-spa-en-el-hotel/,,Sin equivalente,Entrada del blog (el sitio nuevo no tiene blog),text/html; charset=UTF-8,200,OK,El Spa en el Hotel,"Un centro de termalismo en un hotel es un gran negocio, cuando las instalaciones mejoran la salud de los clientes.",CALDERAS ELÉCTRICAS INDUSTRIALES,HOT YOGA Y BIKRAM,Entradas recomendadas,,https://ete.es/el-spa-en-el-hotel/
https://ete.es/tag/calderas-domesticas-calefaccion/,,Sin equivalente,Archivo de etiqueta del blog,text/html; charset=UTF-8,200,OK,calderas domesticas calefaccion archivos - Thermic Electric Solutions,calderas domesticas calefaccion archivos - Thermic Electric Solutions . Calderas industriales y equipos de balnearios. ¡Entra!,CALDERAS ELÉCTRICAS INDUSTRIALES,HOT YOGA Y BIKRAM,CALEFACCIÓN CONFORT Y ECONOMIA,,https://ete.es/tag/calderas-domesticas-calefaccion/
https://ete.es/tag/consumo-de-agua/,,Sin equivalente,Archivo de etiqueta del blog,text/html; charset=UTF-8,200,OK,consumo de agua archivos - Thermic Electric Solutions,consumo de agua archivos - Thermic Electric Solutions . Calderas industriales y equipos de balnearios. ¡Entra!,CALDERAS ELÉCTRICAS INDUSTRIALES,HOT YOGA Y BIKRAM,CALCULAR CONSUMO AGUA CALIENTE EN HOTELES,,https://ete.es/tag/consumo-de-agua/
https://ete.es/donde-ubicar-un-balneario-urbano/,,Sin equivalente,Entrada del blog (el sitio nuevo no tiene blog),text/html; charset=UTF-8,200,OK,Donde ubicar un balneario urbano - Thermic Electric Solutions,En ETE te asesoramos y te aconsejamos para encontrar donde ubicar un balneario urbano. Se tienen en cuenta varios sectores. ¡Contáctanos para más información!,CALDERAS ELÉCTRICAS INDUSTRIALES,HOT YOGA Y BIKRAM,Entradas recomendadas,,https://ete.es/donde-ubicar-un-balneario-urbano/
https://ete.es/category/balnearios/page/8/,,Sin equivalente,Archivo de categoría del blog,text/html; charset=UTF-8,200,OK,Balnearios - Página 8 de 11 - Thermic Electric Solutions,En ETE te proporcionamos toda la información necesaria sobre los valores en consumo y equipos. Las nuevas tecnologías bajan los consumos de las facturas de energía. ¡Contáctanos! - Página 8 de 11,CALDERAS ELÉCTRICAS INDUSTRIALES,HOT YOGA Y BIKRAM,CHOQUES CALOR-FRIO BENEFICIOS,TERAPIAS HIDRO-TERMALES,https://ete.es/category/balnearios/page/8/
https://ete.es/tag/piscinas-descubiertas/,,Sin equivalente,Archivo de etiqueta del blog,text/html; charset=UTF-8,200,OK,piscinas descubiertas archivos - Thermic Electric Solutions,piscinas descubiertas archivos - Thermic Electric Solutions . Calderas industriales y equipos de balnearios. ¡Entra!,CALDERAS ELÉCTRICAS INDUSTRIALES,HOT YOGA Y BIKRAM,CALCULAR POTENCIA TERMICA EN PISCINAS,,https://ete.es/tag/piscinas-descubiertas/
https://ete.es/author/admin/page/16/,,Sin equivalente,Archivo de autor del blog,text/html; charset=UTF-8,200,OK,"admin, autor en Thermic Electric Solutions - Página 16 de 19","admin, autor en Thermic Electric Solutions - Página 16 de 19",CALDERAS ELÉCTRICAS INDUSTRIALES,HOT YOGA Y BIKRAM,EL SPA EN EL GIMNASIO,¿LA ENERGIA IDEAL PARA UN SPA?,https://ete.es/author/admin/page/16/
https://ete.es/tag/caldera-electrica-de-agua/,,Sin equivalente,Archivo de etiqueta del blog,text/html; charset=UTF-8,200,OK,caldera eléctrica de agua archivos - Thermic Electric Solutions,caldera eléctrica de agua archivos - Thermic Electric Solutions . Calderas industriales y equipos de balnearios. ¡Entra!,CALDERAS ELÉCTRICAS INDUSTRIALES,HOT YOGA Y BIKRAM,CALEFACCIÓN INVERNADERO ALMERIA,,https://ete.es/tag/caldera-electrica-de-agua/
https://ete.es/calcular-consumo-agua-caliente-en-hoteles/,,Sin equivalente,Entrada del blog (el sitio nuevo no tiene blog),text/html; charset=UTF-8,200,OK,CALCULAR CONSUMO AGUA CALIENTE EN HOTELES,"El consumo de agua en habitaciones se aplica a las duchas, bañeras, bide y lavabo. El caudal recomendado sera de 6 litros minutos para la ducha y bañera, para el bide y para el lavabo. Los precios de la tabla se adaptaran al precio del Kwh que paguen actualmente.",CALDERAS ELÉCTRICAS INDUSTRIALES,HOT YOGA Y BIKRAM,Entradas recomendadas,,https://ete.es/calcular-consumo-agua-caliente-en-hoteles/
https://ete.es/tag/criterios-de-construccion/,,Sin equivalente,Archivo de etiqueta del blog,text/html; charset=UTF-8,200,OK,criterios de construcción archivos - Thermic Electric Solutions,criterios de construcción archivos - Thermic Electric Solutions . Calderas industriales y equipos de balnearios. ¡Entra!,CALDERAS ELÉCTRICAS INDUSTRIALES,HOT YOGA Y BIKRAM,"AHORRAR ENERGIA, SPA-BALNEARIO",,https://ete.es/tag/criterios-de-construccion/
https://ete.es/tag/enfriamiento-del-agua-de-la-piscina/,,Sin equivalente,Archivo de etiqueta del blog,text/html; charset=UTF-8,200,OK,enfriamiento del agua de la piscina archivos - Thermic Electric Solutions,enfriamiento del agua de la piscina archivos - Thermic Electric Solutions . Calderas industriales y equipos de balnearios. ¡Entra!,CALDERAS ELÉCTRICAS INDUSTRIALES,HOT YOGA Y BIKRAM,"AHORRAR ENERGIA, SPA-BALNEARIO",,https://ete.es/tag/enfriamiento-del-agua-de-la-piscina/
https://ete.es/category/balnearios/page/6/,,Sin equivalente,Archivo de categoría del blog,text/html; charset=UTF-8,200,OK,Balnearios - Página 6 de 11 - Thermic Electric Solutions,En ETE te proporcionamos toda la información necesaria sobre los valores en consumo y equipos. Las nuevas tecnologías bajan los consumos de las facturas de energía. ¡Contáctanos! - Página 6 de 11,CALDERAS ELÉCTRICAS INDUSTRIALES,HOT YOGA Y BIKRAM,AGUA CALIENTE PARA SPA-BALNEARIO,DUCHAS BITERMICAS SPA-BALNEARIO,https://ete.es/category/balnearios/page/6/
https://ete.es/tag/rentabilidad-de-un-spa/,,Sin equivalente,Archivo de etiqueta del blog,text/html; charset=UTF-8,200,OK,rentabilidad de un spa archivos - Thermic Electric Solutions,rentabilidad de un spa archivos - Thermic Electric Solutions . Calderas industriales y equipos de balnearios. ¡Entra!,CALDERAS ELÉCTRICAS INDUSTRIALES,HOT YOGA Y BIKRAM,PORQUE PIERDE DINERO UN SPA,,https://ete.es/tag/rentabilidad-de-un-spa/
https://ete.es/tag/inversion-spa/,,Sin equivalente,Archivo de etiqueta del blog,text/html; charset=UTF-8,200,OK,inversion spa archivos - Thermic Electric Solutions,inversion spa archivos - Thermic Electric Solutions . Calderas industriales y equipos de balnearios. ¡Entra!,CALDERAS ELÉCTRICAS INDUSTRIALES,HOT YOGA Y BIKRAM,PORQUE PIERDE DINERO UN SPA,,https://ete.es/tag/inversion-spa/
https://ete.es/author/admin/page/7/,,Sin equivalente,Archivo de autor del blog,text/html; charset=UTF-8,200,OK,"admin, autor en Thermic Electric Solutions - Página 7 de 19","admin, autor en Thermic Electric Solutions - Página 7 de 19",CALDERAS ELÉCTRICAS INDUSTRIALES,HOT YOGA Y BIKRAM,PORQUE INVERTIR EN BALNEARIOS-SPA,COMO CLIMATIZAR LOCAL BIKRAM YOGA,https://ete.es/author/admin/page/7/
https://ete.es/tag/terapia-de-frio-calor/,,Sin equivalente,Archivo de etiqueta del blog,text/html; charset=UTF-8,200,OK,terapia de frio-calor archivos - Thermic Electric Solutions,terapia de frio-calor archivos - Thermic Electric Solutions . Calderas industriales y equipos de balnearios. ¡Entra!,CALDERAS ELÉCTRICAS INDUSTRIALES,HOT YOGA Y BIKRAM,BENEFICIO DEL TERMALISMO SOBRE EL CUERPO HUMANO,,https://ete.es/tag/terapia-de-frio-calor/
https://ete.es/potenciar-la-eficiencia-de-barros-lodos-algas/,,Sin equivalente,Entrada del blog (el sitio nuevo no tiene blog),text/html; charset=UTF-8,200,OK,"Potenciar la Eficiencia de Barros, lodos, algas","Europea Térmica Eléctrica investigo y desarrollo la tecnología para aumentar la eficiencia de la aplicación de los lodos, barros y algas, construyendo los equipos para climatizar un local en los centros de termalismo y aplicar de forma más eficiente estas coberturas.",CALDERAS ELÉCTRICAS INDUSTRIALES,HOT YOGA Y BIKRAM,Entradas recomendadas,,https://ete.es/potenciar-la-eficiencia-de-barros-lodos-algas/
https://ete.es/tag/beneficio-terapeutico/,,Sin equivalente,Archivo de etiqueta del blog,text/html; charset=UTF-8,200,OK,beneficio terapeutico archivos - Thermic Electric Solutions,beneficio terapeutico archivos - Thermic Electric Solutions . Calderas industriales y equipos de balnearios. ¡Entra!,CALDERAS ELÉCTRICAS INDUSTRIALES,HOT YOGA Y BIKRAM,BENEFICIO DEL TERMALISMO SOBRE EL CUERPO HUMANO,,https://ete.es/tag/beneficio-terapeutico/
https://ete.es/eteflortarium-piscina-de-flotacion/,,Sin equivalente,Entrada del blog (el sitio nuevo no tiene blog),text/html; charset=UTF-8,200,OK,Piscina de Flotación,Las piscinas de flotación se instalan en los centros de teramalismo para dar un servicio de relajación y tratamientos de limpieza de la información basura de la mente.,CALDERAS ELÉCTRICAS INDUSTRIALES,HOT YOGA Y BIKRAM,Entradas recomendadas,,https://ete.es/eteflortarium-piscina-de-flotacion/
https://ete.es/spa-terapeutico-la-roda-albacete/,,Sin equivalente,Entrada del blog (el sitio nuevo no tiene blog),text/html; charset=UTF-8,200,OK,Spa terapéutico La Roda,La propiedad ha construido un centro de termalismo aplicando las mejores técnicas para dar un servicio eficiente a los clientes para cuidar su salud y ha puesto las instalaciones necesarios para relajar y limpiar el organismo.,CALDERAS ELÉCTRICAS INDUSTRIALES,HOT YOGA Y BIKRAM,Entradas recomendadas,,https://ete.es/spa-terapeutico-la-roda-albacete/
https://ete.es/category/calderas-electricas/page/13/,,Sin equivalente,Archivo de categoría del blog,text/html; charset=UTF-8,200,OK,Calderas Eléctricas para producir calor - Página 13 de 17 - Thermic Electric Solutions,"En ETE te informamos y recomendamos como utilizar la electricidad para producir calor. Somos especialistas en el sector, con muchos años de experiencia. ¡Contáctanos ahora! - Página 13 de 17",CALDERAS ELÉCTRICAS INDUSTRIALES,HOT YOGA Y BIKRAM,CALDERA GAS VS CALDERA ELECTRICA,CALCULO POTENCIA DE UNA CALEFACCION.,https://ete.es/category/calderas-electricas/page/13/
https://ete.es/wp-content/uploads/centro-estetica.jpg,,Sin equivalente,"Recurso (CSS, JS o imagen), no es una página",image/jpeg,200,OK,,,,,,,
https://ete.es/centro-de-estetica-spa/,,Sin equivalente,Entrada del blog (el sitio nuevo no tiene blog),text/html; charset=UTF-8,200,OK,Centro de Estética - Spa,"La ventaja de incorporar un Spa en un centro de estética es que sin aumentar la plantilla del personal se da un servicio de salud y estética, el mismo personal de recepción atiende a los clientes que desean hacer uso de las instalaciones de termalismo.",CALDERAS ELÉCTRICAS INDUSTRIALES,HOT YOGA Y BIKRAM,Entradas recomendadas,,https://ete.es/centro-de-estetica-spa/
https://ete.es/wp-content/uploads/untitled.bmp,,Sin equivalente,"Recurso (CSS, JS o imagen), no es una página",image/bmp,200,OK,,,,,,,
https://ete.es/el-balneario-en-el-hotel/,,Sin equivalente,Entrada del blog (el sitio nuevo no tiene blog),text/html; charset=UTF-8,200,OK,El balneario en el hotel - Thermic Electric Solutions,La incorporación de un balneario en el hotel es sinónimo de negocio y beneficio. Desde ETE garantizamos la rentabilidad de los balnearios en hoteles. ¡Infórmate ahora!,CALDERAS ELÉCTRICAS INDUSTRIALES,HOT YOGA Y BIKRAM,Entradas recomendadas,,https://ete.es/el-balneario-en-el-hotel/
https://ete.es/spa-zaburdon-san-lorenzo-del-escorial/,,Sin equivalente,Entrada del blog (el sitio nuevo no tiene blog),text/html; charset=UTF-8,200,OK,"Spa Zaburdon, San Lorenzo del Escorial","En San Lorenzo de el Escorial en la provincia de Madrid se puede encontrar un Spa - Balneario Urbano, que cumple todos los requisitos de eficiencia terapéutica en los tratamientos de hidroterapia y termoterapia",CALDERAS ELÉCTRICAS INDUSTRIALES,HOT YOGA Y BIKRAM,Entradas recomendadas,,https://ete.es/spa-zaburdon-san-lorenzo-del-escorial/
https://ete.es/wp-content/uploads/imagesCAEQ66T0.jpg,,Sin equivalente,"Recurso (CSS, JS o imagen), no es una página",image/jpeg,200,OK,,,,,,,
https://ete.es/category/calderas-electricas/page/7/,,Sin equivalente,Archivo de categoría del blog,text/html; charset=UTF-8,200,OK,Calderas Eléctricas para producir calor - Página 7 de 17 - Thermic Electric Solutions,"En ETE te informamos y recomendamos como utilizar la electricidad para producir calor. Somos especialistas en el sector, con muchos años de experiencia. ¡Contáctanos ahora! - Página 7 de 17",CALDERAS ELÉCTRICAS INDUSTRIALES,HOT YOGA Y BIKRAM,PELLETS O ELECTRICIDAD PARA CALEFACCION,RENOVABLES ALMACENAR CALOR,https://ete.es/category/calderas-electricas/page/7/
https://ete.es/author/admin/page/15/,,Sin equivalente,Archivo de autor del blog,text/html; charset=UTF-8,200,OK,"admin, autor en Thermic Electric Solutions - Página 15 de 19","admin, autor en Thermic Electric Solutions - Página 15 de 19",CALDERAS ELÉCTRICAS INDUSTRIALES,HOT YOGA Y BIKRAM,CALEFACCIÓN INVERNADERO ALMERIA,MINI SPA BALNEARIO,https://ete.es/author/admin/page/15/
https://ete.es/wp-content/uploads/240325021900-grande.jpg,,Sin equivalente,"Recurso (CSS, JS o imagen), no es una página",image/jpeg,200,OK,,,,,,,
https://ete.es/tag/sistema-linfatico/,,Sin equivalente,Archivo de etiqueta del blog,text/html; charset=UTF-8,200,OK,sistema linfático archivos - Thermic Electric Solutions,sistema linfático archivos - Thermic Electric Solutions . Calderas industriales y equipos de balnearios. ¡Entra!,CALDERAS ELÉCTRICAS INDUSTRIALES,HOT YOGA Y BIKRAM,BENEFICIO DEL TERMALISMO SOBRE EL CUERPO HUMANO,,https://ete.es/tag/sistema-linfatico/
https://ete.es/tag/reducir-gastos/,,Sin equivalente,Archivo de etiqueta del blog,text/html; charset=UTF-8,200,OK,reducir gastos archivos - Thermic Electric Solutions,reducir gastos archivos - Thermic Electric Solutions . Calderas industriales y equipos de balnearios. ¡Entra!,CALDERAS ELÉCTRICAS INDUSTRIALES,HOT YOGA Y BIKRAM,PORQUE PIERDE DINERO UN SPA,,https://ete.es/tag/reducir-gastos/
https://ete.es/category/balnearios/page/7/,,Sin equivalente,Archivo de categoría del blog,text/html; charset=UTF-8,200,OK,Balnearios - Página 7 de 11 - Thermic Electric Solutions,En ETE te proporcionamos toda la información necesaria sobre los valores en consumo y equipos. Las nuevas tecnologías bajan los consumos de las facturas de energía. ¡Contáctanos! - Página 7 de 11,CALDERAS ELÉCTRICAS INDUSTRIALES,HOT YOGA Y BIKRAM,COMO HACER UN SPA EN TU CASA,SPA EN LAS RESIDENCIAS DE ANCIANOS,https://ete.es/category/balnearios/page/7/
https://ete.es/tag/acido-lactico/,,Sin equivalente,Archivo de etiqueta del blog,text/html; charset=UTF-8,200,OK,acido láctico - Thermic Electric Solutions,En ETE te informamos sobre los beneficios del termalismo sobre el cuerpo humano. El modo ETE tiene la función de crear un servicio asequible a la mayoría de las economías. ¡Visítanos!,CALDERAS ELÉCTRICAS INDUSTRIALES,HOT YOGA Y BIKRAM,BENEFICIO DEL TERMALISMO SOBRE EL CUERPO HUMANO,,https://ete.es/tag/acido-lactico/
https://ete.es/author/admin/page/14/,,Sin equivalente,Archivo de autor del blog,text/html; charset=UTF-8,200,OK,"admin, autor en Thermic Electric Solutions - Página 14 de 19","admin, autor en Thermic Electric Solutions - Página 14 de 19",CALDERAS ELÉCTRICAS INDUSTRIALES,HOT YOGA Y BIKRAM,LA VENTILACIÓN EN LOS SPA-BALNEARIOS,CALOR Y FRIO EN EL SPA-BALNEARIO,https://ete.es/author/admin/page/14/
https://ete.es/author/admin/page/8/,,Sin equivalente,Archivo de autor del blog,text/html; charset=UTF-8,200,OK,"admin, autor en Thermic Electric Solutions - Página 8 de 19","admin, autor en Thermic Electric Solutions - Página 8 de 19",CALDERAS ELÉCTRICAS INDUSTRIALES,HOT YOGA Y BIKRAM,ENFRIAR AGUA EN EL SPA-BALNEARIO,Ahorrar 1656€ en calefacción eléctrica,https://ete.es/author/admin/page/8/
https://www.ete.es/newete/es/contacto,,Sin equivalente,URL antigua con redirección 301,text/html; charset=UTF-8,301,Moved Permanently,,,,,,,
https://ete.es/category/calderas-electricas/page/12/,,Sin equivalente,Archivo de categoría del blog,text/html; charset=UTF-8,200,OK,Calderas Eléctricas para producir calor - Página 12 de 17 - Thermic Electric Solutions,"En ETE te informamos y recomendamos como utilizar la electricidad para producir calor. Somos especialistas en el sector, con muchos años de experiencia. ¡Contáctanos ahora! - Página 12 de 17",CALDERAS ELÉCTRICAS INDUSTRIALES,HOT YOGA Y BIKRAM,Ahorrar 1656€ en calefacción eléctrica,Ahorrar agua en duchas,https://ete.es/category/calderas-electricas/page/12/
https://ete.es/category/calderas-electricas/page/8/,,Sin equivalente,Archivo de categoría del blog,text/html; charset=UTF-8,200,OK,Calderas Eléctricas para producir calor - Página 8 de 17 - Thermic Electric Solutions,"En ETE te informamos y recomendamos como utilizar la electricidad para producir calor. Somos especialistas en el sector, con muchos años de experiencia. ¡Contáctanos ahora! - Página 8 de 17",CALDERAS ELÉCTRICAS INDUSTRIALES,HOT YOGA Y BIKRAM,Soluciones de calor en la industria química,Soluciones de calor en la industria farmacéutica,https://ete.es/category/calderas-electricas/page/8/
https://ete.es/author/admin/page/6/www.ete.es,,Sin equivalente,Archivo de autor del blog,text/html; charset=UTF-8,301,Moved Permanently,,,,,,,
https://ete.es/category/calderas-electricas/page/9/,,Sin equivalente,Archivo de categoría del blog,text/html; charset=UTF-8,200,OK,Calderas Eléctricas para producir calor - Página 9 de 17 - Thermic Electric Solutions,"En ETE te informamos y recomendamos como utilizar la electricidad para producir calor. Somos especialistas en el sector, con muchos años de experiencia. ¡Contáctanos ahora! - Página 9 de 17",CALDERAS ELÉCTRICAS INDUSTRIALES,HOT YOGA Y BIKRAM,CALDERAS VAPOR INDUSTRIA ALIMENTARIA,Calderas Industriales Económicas,https://ete.es/category/calderas-electricas/page/9/
https://ete.es/author/admin/page/13/,,Sin equivalente,Archivo de autor del blog,text/html; charset=UTF-8,200,OK,"admin, autor en Thermic Electric Solutions - Página 13 de 19","admin, autor en Thermic Electric Solutions - Página 13 de 19",CALDERAS ELÉCTRICAS INDUSTRIALES,HOT YOGA Y BIKRAM,PISCINAS CON SPA-BALNEARIO,CONSTRUIR UN THALASSO,https://ete.es/author/admin/page/13/
https://ete.es/category/calderas-electricas/page/7/www.ete.es/contacto,,Sin equivalente,Archivo de categoría del blog,text/html; charset=UTF-8,301,Moved Permanently,,,,,,,
https://ete.es/category/calderas-electricas/page/11/,,Sin equivalente,Archivo de categoría del blog,text/html; charset=UTF-8,200,OK,Calderas Eléctricas para producir calor - Página 11 de 17 - Thermic Electric Solutions,"En ETE te informamos y recomendamos como utilizar la electricidad para producir calor. Somos especialistas en el sector, con muchos años de experiencia. ¡Contáctanos ahora! - Página 11 de 17",CALDERAS ELÉCTRICAS INDUSTRIALES,HOT YOGA Y BIKRAM,RENDIMIENTO CALDERAS ELECTRICAS ACEITE,RENDIMIENTO CALDERAS ELECTRICAS,https://ete.es/category/calderas-electricas/page/11/
https://ete.es/category/calderas-electricas/page/7/www.ete./contacto,,Sin equivalente,Archivo de categoría del blog,text/html; charset=UTF-8,301,Moved Permanently,,,,,,,
https://ete.es/category/calderas-electricas/page/10/,,Sin equivalente,Archivo de categoría del blog,text/html; charset=UTF-8,200,OK,Calderas Eléctricas para producir calor - Página 10 de 17 - Thermic Electric Solutions,"En ETE te informamos y recomendamos como utilizar la electricidad para producir calor. Somos especialistas en el sector, con muchos años de experiencia. ¡Contáctanos ahora! - Página 10 de 17",CALDERAS ELÉCTRICAS INDUSTRIALES,HOT YOGA Y BIKRAM,AGUA CALIENTE EN PLATAFORMA PETROLIFERA,CAMBIAR VIEJAS CALDERAS PARA CALEFACCIÓN,https://ete.es/category/calderas-electricas/page/10/
https://ete.es/category/calderas-electricas/page/11/www.ete.es,,Sin equivalente,Archivo de categoría del blog,text/html; charset=UTF-8,301,Moved Permanently,,,,,,,
https://ete.es/author/admin/page/9/,,Sin equivalente,Archivo de autor del blog,text/html; charset=UTF-8,200,OK,"admin, autor en Thermic Electric Solutions - Página 9 de 19","admin, autor en Thermic Electric Solutions - Página 9 de 19",CALDERAS ELÉCTRICAS INDUSTRIALES,HOT YOGA Y BIKRAM,CALIDAD CALDERAS,PETROLEO Y LOS HURACANES,https://ete.es/author/admin/page/9/
https://ete.es/wp-content/uploads/elementor/css/post-806.css?ver=1790088979,,Sin equivalente,"Recurso (CSS, JS o imagen), no es una página",text/css,200,OK,,,,,,,
https://ete.es/wp-includes/css/dashicons.min.css?ver=6.9.9,,Sin equivalente,"Recurso (CSS, JS o imagen), no es una página",text/css,200,OK,,,,,,,
https://ete.es/wp-content/plugins/jupiterx-core/includes/extensions/raven/assets/css/frontend.min.css?ver=6.9.9,,Sin equivalente,"Recurso (CSS, JS o imagen), no es una página",text/css,200,OK,,,,,,,
https://ete.es/wp-content/plugins/jupiterx-core/includes/extensions/raven/assets/js/frontend.min.js?ver=6.9.9,,Sin equivalente,"Recurso (CSS, JS o imagen), no es una página",text/javascript,200,OK,,,,,,,
https://ete.es/wp-includes/js/wp-util.min.js?ver=6.9.9,,Sin equivalente,"Recurso (CSS, JS o imagen), no es una página",text/javascript,200,OK,,,,,,,
https://ete.es/wp-content/uploads/elementor/css/post-414.css?ver=1790088979,,Sin equivalente,"Recurso (CSS, JS o imagen), no es una página",text/css,200,OK,,,,,,,
https://ete.es/wp-content/uploads/elementor/css/post-73.css?ver=1790088980,,Sin equivalente,"Recurso (CSS, JS o imagen), no es una página",text/css,200,OK,,,,,,,
https://ete.es/wp-includes/css/dist/block-library/style.min.css?ver=6.9.9,,Sin equivalente,"Recurso (CSS, JS o imagen), no es una página",text/css,200,OK,,,,,,,
https://ete.es/wp-content/uploads/elementor/css/post-135.css?ver=1790088979,,Sin equivalente,"Recurso (CSS, JS o imagen), no es una página",text/css,200,OK,,,,,,,
https://ete.es/author/admin/page/12/,,Sin equivalente,Archivo de autor del blog,text/html; charset=UTF-8,200,OK,"admin, autor en Thermic Electric Solutions - Página 12 de 19","admin, autor en Thermic Electric Solutions - Página 12 de 19",CALDERAS ELÉCTRICAS INDUSTRIALES,HOT YOGA Y BIKRAM,DUCHAS BITERMICAS SPA-BALNEARIO,BENEFICIOS DE LA SUDORACION,https://ete.es/author/admin/page/12/
https://ete.es/author/admin/page/10/,,Sin equivalente,Archivo de autor del blog,text/html; charset=UTF-8,200,OK,"admin, autor en Thermic Electric Solutions - Página 10 de 19","admin, autor en Thermic Electric Solutions - Página 10 de 19",CALDERAS ELÉCTRICAS INDUSTRIALES,HOT YOGA Y BIKRAM,CALCULO POTENCIA DE UNA CALEFACCION.,PROYECCIÓN DEL SPA-BALNEARIO EN EL MUNDO,https://ete.es/author/admin/page/10/
https://ete.es/author/admin/page/11/,,Sin equivalente,Archivo de autor del blog,text/html; charset=UTF-8,200,OK,"admin, autor en Thermic Electric Solutions - Página 11 de 19","admin, autor en Thermic Electric Solutions - Página 11 de 19",CALDERAS ELÉCTRICAS INDUSTRIALES,HOT YOGA Y BIKRAM,CONTADORES DE CONSUMO DE ENERGIA EN INSTALACIONES DE CALOR,LOS BENEFICIOS DEL SPA EN LAS CASAS RURALES,https://ete.es/author/admin/page/11/
